,MAE,RMSE,NSE,alpha,beta,HFV,HFV10,LFV,FDC,training_time_minutes
1,0.6090200054540328,0.7926374773509844,0.07107085300063676,0.4034994785973455,1.136180294426991,0.44635555307912533,0.4706112725019105,2.118518100524023,2.2295407162426675,42.264905175000116
2,0.5974455118873726,0.9360575391307401,-0.2955031564890267,0.16150773984609496,0.12892940005636483,0.21525539145115374,0.1515141854763469,0.10636404457543493,0.13901618101733398,42.264905175000116
