,MAE,RMSE,NSE,alpha,beta,HFV,HFV10,LFV,FDC,r2,training_time_minutes
1,0.6056337399798004,0.6590400604798043,0.6586713857169746,0.7779560133291386,1.2948165855265639,1.5993252915585388,-5.2111040714555426,-6.65672765493063,-76.6682039564877,0.2820213855377429,42.264905175000116
2,0.5360375942607741,0.6826734739510809,0.6337521153270349,0.6431934339052154,1.0640632097052443,-15.8053839611393,-26.62851719430034,-23.22788198678493,-56.51763538467912,0.3323483606678608,42.264905175000116
