,MAE,RMSE,NSE,alpha,beta,HFV,HFV10,LFV,FDC,training_time_minutes
1,0.08496153731036321,0.0910453235663848,0.4568469208999003,0.7135750807844932,2.3014724582371993,0.9779824801832208,0.9802035393510163,238.1064967811586,101.50128677209258,15.936024958333292
2,0.007817145006916194,0.013171731564803293,0.9886317739359326,0.9583101306795343,1.0332810709914655,1.0004619993689128,0.9570393706528008,6.671342132518522,6.002956077070115,15.936024958333292
