,MAE,RMSE,NSE,alpha,beta,HFV,HFV10,LFV,FDC,training_time_minutes
1,0.08066730618639954,0.21112983382860692,-3.6500363085990335,2.945137274314229,3.7876588865835874,2.924142564974772,3.056278098276327,-4.246126198416546e-11,-1.3055014430666368e-14,16.54362366166606
2,2.2310970161098385,2.3527780420851117,-576.4562003844989,7.566707917240339,78.23612453678597,6.3750964252075,9.993831166696543,18467.602871297076,25740.31967105316,16.54362366166606
