,MAE,RMSE,NSE,alpha,beta,HFV,HFV10,LFV,FDC,r2,training_time_minutes
1,0.18351550494788393,0.37530803239638755,0.6533778793453625,1.0841678825619234,2.0099466180441596,-12.83694903773563,57.753322826749454,88.11514874618636,,0.41679023887138356,16.54362366166606
2,6.162314243393681,6.49037607236627,-102.66216623030944,2.940593493500422,40.168017519431075,90.97196528680541,483.06726378607254,1346.9933806346253,-61.205169727461524,0.5658369324701171,16.54362366166606
