,MAE,RMSE,NSE,alpha,beta,HFV,HFV10,LFV,FDC,training_time_minutes
1,0.362166662322575,0.5317606568068659,0.5819138422755772,0.7184534335529592,0.5060187537818069,0.6494693513763555,0.6534406634371618,0.0002128981453829311,0.06394927774523414,17.644786056666636
2,0.3166385725246786,0.5569812863995409,0.5413149426747339,0.6172963257662959,0.6197948803442067,0.5951722794832343,0.5545616194777496,0.1293717002494827,0.6062188481310277,17.644786056666636
