,MAE,RMSE,NSE,alpha,beta,HFV,HFV10,LFV,FDC,r2,training_time_minutes
1,0.430841952887178,0.5407470993440288,0.7702066451381901,1.107515039218889,0.912880293725246,15.1970512023341,4.964915841630449,-2.4639337513954596,400.09940611819997,0.24112292741235708,17.644786056666636
2,0.4324859689011579,0.5747816084055658,0.7403700466332106,0.9413866577983719,1.1160402505059952,-11.773815000534034,-14.198399595968503,-3.4967667917985756,73.76233766894958,0.3005139156853214,17.644786056666636
