,MAE,RMSE,NSE,alpha,beta,HFV,HFV10,LFV,FDC,training_time_minutes
1,521.1202830039088,540.7567131039863,-17226322.278074272,1108.453785058369,-4837.088195555352,-0.1323832456747778,-377.2868129178211,-55930.15123012367,-9128.99905571139,17.174925080000442
2,0.11791104783007934,0.1307087114968001,-0.0064630164686385605,0.5162734689178627,1.871922737179781,0.8668675937906924,0.8545529326836185,16.895419432456272,3.042124762349512,17.174925080000442
