,MAE,RMSE,NSE,alpha,beta,HFV,HFV10,LFV,FDC,training_time_minutes
1,1.1270659756209243,1.7826260353435401,0.11046055872586225,0.6362355891473404,1.382484051152034,0.5587544788155308,0.8332157932077922,2.7935480411621563,2.005434914071565,17.397911903333927
2,1.4536782550173506,1.9247053743645923,-0.036986820430350065,0.5613489889542009,1.7002023512078601,0.5697299523833262,0.860032703994315,4.780243451359264,2.6472513150923715,17.397911903333927
