,MAE,RMSE,NSE,alpha,beta,HFV,HFV10,LFV,FDC,r2,training_time_minutes
1,1.021669369182123,1.4866872517410035,-0.04997505674329483,0.7340107575374044,1.5645708731300176,-32.360892205858136,-1.30847799955828,23.12579889091544,-58.40682274996216,0.27971992814165014,17.397911903333927
2,1.3314746520365643,1.6848304958991696,-0.3485038068522699,0.6756239941194134,1.9165196394768782,-31.238206733090827,3.567609732411098,35.82843984093737,-80.59890752461878,0.3905913922490989,17.397911903333927
