,MAE,RMSE,NSE,alpha,beta,HFV,HFV10,LFV,FDC
1,1.5680127475267855e+25,8.748316325438078e+25,-3.479482821689985e+51,5.803191029360475e+25,-1.5711442346484268e+25,-0.1179866104071646,-23.724914281595453,-2.349634729766013e+26,-3.869917100002211e+16
2,2.3956893944280893e+31,1.4833179635725071e+32,-1.0003091768953317e+64,9.870238152435598e+31,-2.4004738392598914e+31,-0.2076808870649024,-94.79690274095081,-3.589891104299472e+32,-3.499334501659082e+20
