,MAE,RMSE,NSE,alpha,beta,HFV,HFV10,LFV,FDC,training_time_minutes
1,1.2790282062529554,2.59147514287307,0.20873077900478154,0.7446872243334067,0.9467669383781447,0.7709182852518838,0.8588764671790533,1.746037282380408,1.1234607049972278,24.42495981999964
2,1.860749601016204,2.786793833303539,0.08496046300242865,0.6004230747767603,1.6122383273237202,0.6853412761177405,0.8631559185479815,7.749462888139714,2.812374971675244,24.42495981999964
