,MAE,RMSE,NSE,alpha,beta,HFV,HFV10,LFV,FDC,r2,training_time_minutes
1,1.4459585705426614,2.650279118665912,0.09464863178525251,0.9665473970579319,1.089262274813132,-1.464365641479095,6.6021235574469275,6.564450691873372,-19.147088733251,0.3597390037532191,24.42495981999964
2,2.0420077600150957,2.798660720479726,-0.009565352646784264,0.7598212457579455,1.7051005179569372,-18.995478848603888,0.36391537750410285,24.420745108944786,-137.49655385874408,0.4902692301413737,24.42495981999964
