,MAE,RMSE,NSE,alpha,beta,HFV,HFV10,LFV,FDC,training_time_minutes
1,64.84755154552252,64.9510242007779,-376.47790003633185,0.5312737516246521,21.10381237299992,3.7314300964637943,7.096227198705401,62.43924327451513,29.76515591366081,41.09181295500021
2,64.45692377483624,64.56359823060427,-371.98809941351476,0.5458159938949292,20.98271131023971,3.7133061495776913,7.061145753330012,62.014130502199976,29.608250167687306,41.09181295500021
