,MAE,RMSE,NSE,alpha,beta,HFV,HFV10,LFV,FDC,r2,training_time_minutes
1,30.40430891350861,44.25742481689791,-258.5244008073735,12.075675729488907,13.765358777546302,377.23992997441945,872.468096563473,1456.7301773542815,3899.2474865216013,0.5004552258962922,41.09181295500021
2,55.990004584862646,60.38588490489459,-482.1442177583129,8.445545232708533,25.27500581321659,378.41913690368114,872.166595506723,1453.8613428770634,-1307.030322668896,0.506008748909697,41.09181295500021
