,MAE,RMSE,NSE,alpha,beta,HFV,HFV10,LFV,FDC,training_time_minutes
1,11.04138248041633,23.125737806678334,-312.9292179869718,15.910190171913953,9.770379979843003,7.519535034554584,13.260647019768582,1.205683118191588,1.0421160486460088,11.94753424833325
2,25.2087891115204,53.91386620485712,-1705.2454113261176,36.88909233649098,21.742673546404035,17.248280107202937,30.467905143906982,1.025521929472512,0.949950761952602,11.94753424833325
