,MAE,RMSE,NSE,alpha,beta,HFV,HFV10,LFV,FDC,r2,training_time_minutes
1,0.433062592841056,0.6917343211406387,0.2829923257187863,0.4574188990857371,0.8341980333634922,-57.54237472681236,-42.1692548313134,-30.344583199860992,-39.77974678784295,0.11339462117266919,11.94753424833325
2,0.4564203525697016,0.7263262180516659,0.2094877617648926,0.4657200688842017,0.7443581518145759,-57.76554786331378,-44.62665855685692,-34.71810293064666,-25.810952968272552,0.11237582267535573,11.94753424833325
