,MAE,RMSE,NSE,alpha,beta,HFV,HFV10,LFV,FDC,training_time_minutes
1,521.4445525584739,527.5090037764812,-36041.485298675914,28.724459865047105,464.3224346010089,33.721666939500295,84.1364978113861,9273.896426693389,1506.457418493624,13.896563965000192
2,2.461629596077065,3.5887953683583516,-0.6682163291274461,1.0804421227997092,2.740572532740306,1.1186948251239146,1.4905701026949614,26.960746237002642,5.803107770481605,13.896563965000192
