,MAE,RMSE,NSE,alpha,beta,HFV,HFV10,LFV,FDC,r2,training_time_minutes
1,519.9686944049807,526.6238825687674,-23050.900385613357,24.105946943506893,399.3636233239558,2722.237228910692,7107.1614816365945,15549.9111336972,-105.46140957327478,0.29831567031046635,13.896563965000192
2,2.6709279491606277,3.9200321740195823,-0.2772764240636709,0.7017629325413082,2.5199591505037646,-22.613825670797244,15.770307841431729,61.77611718987162,-81.99752912363248,0.4557246223981649,13.896563965000192
