,MAE,RMSE,NSE,alpha,beta,HFV,HFV10,LFV,FDC,training_time_minutes
1,0.2379772678468344,0.2542219836803067,-1.100360487808807,1.2936602693758013,0.33428520694161806,0.9390362822067471,0.9336918233483718,-1.2933869552478553e-05,0.0003470671705251027,37.43332089999991
2,0.22097296976370556,0.23691192692933136,-0.8240699280190895,1.5338634245604617,0.4024766268206345,1.2058741143163851,1.0805015782336376,3.3283627701233086e-05,0.015249584085246608,37.43332089999991
