,MAE,RMSE,NSE,alpha,beta,HFV,HFV10,LFV,FDC,r2,training_time_minutes
1,0.2734148936961238,0.3223001056711465,0.5302388105858147,1.098411287576059,0.6221143169332586,0.8650160452604241,0.9737827695557091,-3.961661247750367e-06,0.190630291629998,0.2191777143612138,37.43332089999991
2,0.20639939188647166,0.2333699932104775,0.7537102914230116,1.2802488264245566,0.7490168906224984,1.056746966412797,1.1153210187292366,0.0012503184840406871,0.31761010007393403,0.7539917649807925,37.43332089999991
