,MAE,RMSE,NSE,alpha,beta,HFV,HFV10,LFV,FDC,training_time_minutes
1,22225629.673749186,22766210.941448025,-58156717899577.305,1651986.8168037927,27530950.142805897,1408955.4529141283,4032522.049323584,1584679011.9415798,218054583.46729422,15.06990526666632
2,999964774.2714617,1030861838.9776093,-1.192392687080283e+17,83908164.9624886,1238659141.333864,64212892.610786915,183781477.59115615,68995335187.46986,9937799669.062513,15.06990526666632
