,MAE,RMSE,NSE,alpha,beta,HFV,HFV10,LFV,FDC,training_length_days,training_time_minutes
1,0.1759815161911543,0.5009620930851709,-0.1407991779523825,0.005021422371772296,0.0003099221309202456,0.000995710973267401,0.0006490565749406762,-3.87932740221069e-14,-1.9153651720336793e-19,1731,1653.4386892
2,0.17671430366379634,0.3711885287107723,0.37369112998963394,1.2332504828709268,1.4571596649393768,1.3296304410024788,1.9234068796799246,0.18512706626673453,0.38650758053705825,1731,1653.4386892
