,MAE,RMSE,NSE,alpha,beta,HFV,HFV10,LFV,FDC
1,1.0530534864440053,1.748685739591361,0.03182341337207251,0.4927850822035056,1.6237844638357508,0.5675424996633118,0.8909079814299786,3.312859758488017,2.2695796326471482
2,1.402496704160458,2.060788763597556,-0.34461513228935936,0.6428881236758941,1.94504707592362,0.6384700367466817,1.151773322418921,3.808987718028452,2.4863754025568823
