,MAE,RMSE,NSE,alpha,beta,HFV,HFV10,LFV,FDC,training_time_minutes
1,1.9210093753377904,2.019628900299981,-292.2278740517178,5.821030958392445,-32.06782536914841,-0.08669264745686209,-0.5484169042770869,-8002.642484333573,-7364.649946103511,16.336379426666827
2,0.021223354408210365,0.043911009916632195,0.8613854084595476,0.9463033195391075,0.7015744419859757,1.1393029115041533,0.8935503253544975,-2.3092710306375383e-11,1.17660676268905e-07,16.336379426666827
