,MAE,RMSE,NSE,alpha,beta,HFV,HFV10,LFV,FDC,r2,training_time_minutes
1,5.340299573831937,5.589731907805227,-439.57028596101577,6.680695748262028,-37.06267620231131,-101.2298664667599,-256.9782165024537,-784.8589359162413,,0.08536702113261918,16.336379426666827
2,0.04260091425379481,0.07310563101230415,0.9246410384382547,1.0325640778997807,0.8393348120504392,1.0579699462445,9.932444496864134,-10.52093020459042,,0.6327244031961639,16.336379426666827
