,MAE,RMSE,NSE,alpha,beta,HFV,HFV10,LFV,FDC,training_time_minutes
1,2.6796676611094172,3.1239128302864816,-20.92495352346703,2.3298319523895024,-15.753558758843692,0.07698274939060441,-0.016698500220897652,-269.76129702885095,-110.82770846209252,8.857934445000136
2,0.7290813696918714,0.8939814126006101,-0.7955514175283078,0.6580015282613023,5.170527306516517,0.7581662282154833,1.5750111638214301,27.597000867066715,26.798277251164702,8.857934445000136
