,MAE,RMSE,NSE,alpha,beta,HFV,HFV10,LFV,FDC,r2,training_time_minutes
1,1.882502816414994,2.3017942767074584,-13.503558028847149,1.966607598454639,-20.550680626286365,-88.77098986302263,-96.8236860902689,-282.6098677449251,,0.10917814388345415,8.857934445000136
2,0.7195060285834792,0.9260714564812902,-1.3476348192410952,0.7823440715006583,8.757863158372821,-5.764732420656767,154.6195413528421,420.4489983671268,-4.268731380909086,0.13193925157805808,8.857934445000136
