,MAE,RMSE,NSE,alpha,beta,HFV,HFV10,LFV,FDC,training_time_minutes
1,1.2717123320345978,1.946785282398028,0.010118373229523803,0.7525287984073861,1.879529197167995,0.6487239961941546,0.9992592475485015,10.852825623682744,3.721807844062165,24.23988532333363
2,39.419298520241966,45.550364713817764,-540.9146252789598,11.651144248944659,40.48335713832879,7.190327722704838,14.791496718606696,256.55061162922453,105.19470281012865,24.23988532333363
