,MAE,RMSE,NSE,alpha,beta,HFV,HFV10,LFV,FDC,r2,training_time_minutes
1,1.4278520318338424,2.045949670727545,-0.03659687942353296,0.7911170380996085,2.0757127922288263,-27.38805524988194,1.5941277536007286,50.100377419496276,-42.94335850653323,0.31367514075329483,24.23988532333363
2,30.488369701677296,36.79697671298358,-334.3082822452759,10.610855140356623,32.93953070569423,507.12682986937574,1111.327183232579,2168.4588976229043,-28.342167770533514,0.4807492686844099,24.23988532333363
