,MAE,RMSE,NSE,alpha,beta,HFV,HFV10,LFV,FDC,training_time_minutes
1,0.7491767122024493,2.1976586098989186,0.2549838143617138,0.6330096808172281,0.5348474996281218,0.605692356242188,0.6348729000779186,-5.119241756962306,-0.1193827537480561,40.655213251667256
2,0.9022578034601086,2.371158323252166,0.13270597149782215,0.7102500159051017,0.7976431728890675,0.6891188485864956,0.8417160511499865,-8.350271156785235,0.6605837081537013,40.655213251667256
