,MAE,RMSE,NSE,alpha,beta,HFV,HFV10,LFV,FDC,r2,training_time_minutes
1,0.6460233800717701,2.095475864199891,0.11431124506560075,0.7211807332662054,0.8252143277208216,-26.4512946582228,-7.36457732667761,-5.592888178638759,,0.35280269799726605,40.655213251667256
2,0.6532629159201812,2.052751781944965,0.15005919399903556,0.6853545583583296,0.9016052998165073,-29.760727944736242,-10.808819523799631,-1.4683777990882987,,0.3711287326774335,40.655213251667256
