,MAE,RMSE,NSE,alpha,beta,HFV,HFV10,LFV,FDC,training_time_minutes
1,0.05643846341379692,0.189425698446962,-2.172268400647251,2.6480372650403208,1.884180060364716,3.0577924690547174,2.469739307089815,-7.968439945713592e-13,-6.658252429319493e-16,15.441958841666686
2,1.4082023351806114,1.487815346880514,-194.6997176200329,4.426773092900379,27.87775136748885,5.8054405375651825,6.0149132328089925,634.1130416081646,949.5421320200342,15.441958841666686
