,MAE,RMSE,NSE,alpha,beta,HFV,HFV10,LFV,FDC,r2,training_time_minutes
1,0.14992027181212159,0.4093413678992392,0.5896236088215929,1.1099573081062162,1.6823054778117972,11.934685988372319,79.34686052861889,76.8190380043997,,0.5289274872972525,15.441958841666686
2,3.9262424886481475,4.09983211408745,-40.16643329608692,1.8296999510970504,24.127467309942933,86.52923873182364,380.79450225550806,843.1092401046964,-63.511553507039366,0.6300145327859175,15.441958841666686
