,MAE,RMSE,NSE,alpha,beta,HFV,HFV10,LFV,FDC,training_length_days,training_time_minutes
1,9643.37481755765,10220.936541500947,-12110721237.85589,36469.56940472353,-94684.27183499132,0.20099941877440658,-15679.800278535406,-154063.9973838176,-160582.80173925156,129,3.3116219266666653
2,5065.884743273732,5369.287394692721,-3342119118.753507,19158.164782603762,-49739.317996609054,0.19158981389214874,-8236.833275403496,-80932.56137911793,-84357.0053358785,129,3.3116219266666653
