,MAE,RMSE,NSE,alpha,beta,HFV,HFV10,LFV,FDC,r2,training_length_days,training_time_minutes
1,,,,,,,,,,0.4450740067021606,129,3.3116219266666653
2,,,,,,,,,,0.47646972949334465,129,3.3116219266666653
