,MAE,RMSE,NSE,alpha,beta,HFV,HFV10,LFV,FDC,training_time_minutes
1,0.33646465405655984,0.4196708858808796,0.34685175119742917,0.9011877319018322,0.5368891375607878,0.7568703127834137,0.7758161394545148,0.05251720283761228,0.3550468858672134,27.14434345000021
2,1.1390892715285077,1.2217133783314815,-4.535192673364351,1.1157806885371064,2.4890524722649943,1.4118080036098941,1.4846890408201199,3.7119547688164234,3.850229754468751,27.14434345000021
