,MAE,RMSE,NSE,alpha,beta,HFV,HFV10,LFV,FDC,r2,training_time_minutes
1,0.2122814328905223,0.23592588210401721,0.9345515771304633,1.087726053471963,0.9275701242862934,-4.369700430389292,-6.500639767660821,0.19265696462595208,179.38261288638338,0.9093896673656952,27.14434345000021
2,0.04571017122292264,0.06268081161841668,0.9953802632002404,0.979449967976301,1.0112449299936728,-0.04114301604749856,-0.8229339131431771,0.21926354378871826,-13.291229545557485,0.9388207126988413,27.14434345000021
