,MAE,RMSE,NSE,alpha,beta,HFV,HFV10,LFV,FDC,training_time_minutes
1,1.4498141067078574,3.385171093398423,-0.020841244185672014,0.641442946935387,1.4468608689032059,0.6940850575970037,1.0304395350413416,3.858639090806013,2.261368267242326,15.019244773332806
2,1.918132443768962,3.413228595488667,-0.03783356342096411,0.4944786534196397,1.951002709081487,0.5819587463518415,0.9259565158691759,10.977395275442921,4.049640124165997,15.019244773332806
