,MAE,RMSE,NSE,alpha,beta,HFV,HFV10,LFV,FDC,r2,training_time_minutes
1,1.550794399711433,2.8908430467093793,-0.2524697777541318,0.9514732258332801,1.5418305985518215,-7.708791507921924,11.186861958719023,31.796520711688693,-36.29558421216029,0.3347024015409644,15.019244773332806
2,2.0641552664602685,2.855256534104984,-0.2218235653458085,0.703494332648346,2.065028510547227,-25.826477706758062,-1.5380085349231922,36.45247451346382,-81.31561225744963,0.5385753030496734,15.019244773332806
