,MAE,RMSE,NSE,alpha,beta,HFV,HFV10,LFV,FDC
1,1.3709390411635625,2.8969813982543067,0.3593117690061983,0.5008262273768664,0.6756782256482843,0.490130468190413,0.5405066414058357,0.9355789181751097,0.8630739573374344
2,645242170.5393816,2122853124.7899475,-3.440291385847594e+17,558789499.2479485,-289535282.35753995,0.016178928365968025,-1.2699990001386625,-4944921019.69059,-1391477.5811646655
