,MAE,RMSE,NSE,alpha,beta,HFV,HFV10,LFV,FDC,training_time_minutes
1,1.1760484443907258,2.1120894518824653,0.2767191276082699,0.7366437231686304,1.0837416885803017,0.6651381461218132,0.8722719752470571,1.216969284169373,1.24682592952497,22.061722824999986
2,1.4349477041445449,2.1578064793738356,0.24506884151989405,0.6368112399421676,1.385777068476693,0.6834374909425248,0.898747113492884,2.4454411104169997,1.764404357762421,22.061722824999986
