,MAE,RMSE,NSE,alpha,beta,HFV,HFV10,LFV,FDC,r2,training_time_minutes
1,1.1571197150400245,1.8897587365259247,0.05694370058289966,0.7991110812157918,1.3835967975888879,-25.52033956340746,4.323820153098395,23.392166769209283,-48.886947235352345,0.3550925384293081,22.061722824999986
2,1.4626274855133699,1.9848002426310578,-0.04029977730171863,0.6625464439221025,1.727250028189929,-26.820104987982802,4.579312127958895,30.513211969207052,-121.29430732232834,0.5196620008052435,22.061722824999986
