,MAE,RMSE,NSE,alpha,beta,HFV,HFV10,LFV,FDC,training_time_minutes
1,0.03838507372887065,0.09302844790662715,0.7934184880744972,0.9717659432457988,0.7959948048970179,1.1194313277478922,0.9159572983501243,-0.012526457943187451,2.659698877422426e-11,102.60074310500003
2,0.05277691680749791,0.11610467581504562,0.6782197968534995,0.5562887943894514,0.416142391005288,0.6525238181039603,0.5089854113209926,-22.308412620451048,-1.5897116030131646e-05,102.60074310500003
