,MAE,RMSE,NSE,alpha,beta,HFV,HFV10,LFV,FDC,r2,training_time_minutes
1,0.15758828171072767,0.3584749490251332,0.8656502525456832,1.011874017140575,0.9562664467459588,0.9178936378620522,1.1646829888900871,-0.07725679602383786,0.5554599961757034,0.6366728230027667,102.60074310500003
2,0.19850951498813643,0.47036932581856494,0.7686885048589733,1.047800447559436,1.265924682834741,0.9165845624319552,1.2608309175051884,-0.0042961462721248424,3.0069751212202362,0.6986460288791428,102.60074310500003
