,MAE,RMSE,NSE,alpha,beta,HFV,HFV10,LFV,FDC
1,0.013139770481445677,0.02569794636662592,0.9672924693957999,0.9815260026959637,0.8647116151818449,1.0422704308032091,0.9678566568598301,-6.934004922313197e-10,1.58586744023418e-09
2,0.17000602138688073,0.18336635573411153,-0.6652913541025136,0.5654368807766615,3.4069535330560092,0.9541418881054679,1.0192020976807001,31661.395113074967,720.8421851307425
