,MAE,RMSE,NSE,alpha,beta,HFV,HFV10,LFV,FDC,training_time_minutes
1,0.08202274034082076,0.14460889421292095,0.447640467859594,0.829159947633172,0.777985649116759,0.817897969870985,0.8537106998204058,0.5942790697728675,0.6574828966763161,10.248358464999667
2,0.09006295433846519,0.14572191130088014,0.4391050105650951,0.6257675127560783,0.4888764142067666,0.5300194854828099,0.5986646982018201,-0.04456366984969412,0.3252179442995473,10.248358464999667
