,MAE,RMSE,NSE,alpha,beta,HFV,HFV10,LFV,FDC,r2,training_time_minutes
1,0.0839556220649422,0.1712483722144623,0.4609268829138279,0.5501316530421245,0.7536977518231712,-52.11782865633217,-28.088481019315683,-21.084331275537245,-1.2938972601241705,0.23372760863062225,10.248358464999667
2,0.1044441702284708,0.19873349552551808,0.2739995107081564,0.47291239293168247,0.4844564666893531,-61.28304601837175,-43.36118163055755,-40.15264502739822,111.91818402706961,0.24248648697605013,10.248358464999667
