,MAE,RMSE,NSE,alpha,beta,HFV,HFV10,LFV,FDC,training_time_minutes
1,0.11283553363795912,0.6165541917642337,0.05061734957777342,0.17679668526437886,0.20820037309899775,0.1776017517649628,0.22329040984592055,-122.19397295689876,-0.5730571554048711,17.14312090166665
2,0.11542164689341623,0.6143551264444206,0.057377602902401126,0.1726890909816607,0.20257089123796618,0.1725422561368732,0.22698957560919758,-214.73754004230216,-2.271703608841268,17.14312090166665
