,MAE,RMSE,NSE,alpha,beta,HFV,HFV10,LFV,FDC,r2,training_time_minutes
1,0.03218995750465216,0.1952875893120569,0.21622287752573666,0.5332314315507342,0.6933279108963615,-33.392218796375865,-21.610875136420383,-20.853658330717316,,0.2689804899553442,17.14312090166665
2,0.035706074439199036,0.1933709787763888,0.23153182776628256,0.5282778644853543,0.6225696728643743,-34.32315003407294,-20.02514399622497,-17.969837780119626,,0.2765743189580441,17.14312090166665
