,MAE,RMSE,NSE,alpha,beta,HFV,HFV10,LFV,FDC,training_length_days,training_time_minutes
1,0.22004826216576043,0.31229679053891873,0.32257849467853605,0.8361910382948436,0.4088517912333587,0.8661390605383493,0.7844835309805656,0.003588711351014328,0.010172883309931635,457,55.65340276166665
2,0.20962647759128475,0.35221457540494927,0.13833473622781078,1.1332644413056467,0.7553398548255065,1.1602735826389872,1.1275077014325718,0.14035877456888318,0.22887571550867647,457,55.65340276166665
