,MAE,RMSE,NSE,alpha,beta,HFV,HFV10,LFV,FDC,r2,training_length_days,training_time_minutes
1,0.1911996469540534,0.3728207362226798,-0.33409733614662773,0.6217760360251131,0.31843519402412046,-32.87453769471639,-47.049896151584555,-62.386082733740764,,0.3037006358923042,457,55.65340276166665
2,0.15119996219433882,0.24648158758510996,0.41688211403730013,1.008964509528778,1.0325576235626681,1.6984735652971545,12.394361590821061,10.47682628617097,20.730275361630962,0.44144408153063575,457,55.65340276166665
