,MAE,RMSE,NSE,alpha,beta,HFV,HFV10,LFV,FDC
1,0.33653161413470134,0.39638666688992064,-0.7261745799579125,0.14551586286027401,1.5581879021649014,0.6292858046782747,0.914795222392501,2.3739251224394953,5.169274492768159
2,0.35137719424199937,0.414621599148756,-0.8886456632065962,0.03709845362514991,1.5805483790953014,0.584515806393274,0.8684261773393986,2.4630059709844456,5.389805871651751
