,MAE,RMSE,NSE,alpha,beta,HFV,HFV10,LFV,FDC,training_time_minutes
1,0.31058610426996097,0.3771818060964355,0.2805263803198307,0.8995954811210778,0.4118251501643624,0.9104166767255886,0.8228579722359338,2.882130406036188e-07,0.003970552376179169,10.950627328333212
2,0.25208237781600834,0.32823541555036984,0.4551408110262153,0.8830165774071792,0.5233177131648203,0.9346197592393487,0.796341549052436,0.020074531230089225,0.2754695450856991,10.950627328333212
