,MAE,RMSE,NSE,alpha,beta,HFV,HFV10,LFV,FDC,r2,training_time_minutes
1,0.35446565434618094,0.4021062930321722,0.7307638780042329,1.144907193981664,0.6952767446122254,-1.2844477853537695,4.500539312752805,-5.1510905121966175,791.0722325374905,0.40943439728820996,10.950627328333212
2,0.19316380321568993,0.22772304827134804,0.9136493593999481,1.0755052875132272,0.8832005965804685,-13.906486272217773,-3.961227702226885,2.8692345168089703,187.0502365563291,0.662658957535617,10.950627328333212
