,MAE,RMSE,NSE,alpha,beta,HFV,HFV10,LFV,FDC,training_time_minutes
1,0.020710058975795653,0.04223073186576821,0.8596880966467524,1.0347800314264548,0.7829271582802836,1.2254071409676066,0.9805658178635961,-0.0001281653304604499,-5.626318026510092e-15,7.934190818333203
2,0.021323956510969806,0.04349356133811742,0.8511711108643826,1.0786740282808587,0.7922805635973841,1.2835506439790845,1.0159551986969095,-2.4383790855567165e-11,-9.985643761117685e-15,7.934190818333203
