,MAE,RMSE,NSE,alpha,beta,HFV,HFV10,LFV,FDC,r2,training_time_minutes
1,0.04565920724899306,0.0963810368417496,0.8809607944030988,1.0024079424127348,0.906376650738363,-5.566127472948599,13.411113573590908,-3.877646805089375,,0.2054540687771087,7.934190818333203
2,0.04378125968219952,0.08588821058231973,0.9054690676779917,1.054037078027679,0.9171887674375813,0.7315176936743554,17.23759375122036,-1.5928675706031665,,0.2827459487686399,7.934190818333203
