,MAE,RMSE,NSE,alpha,beta,HFV,HFV10,LFV,FDC,r2,training_time_minutes
1,,,,,,,,,,0.3761288504072907,43.45692258333341
2,,,,,,,,,,0.5244912092953147,43.45692258333341
