,MAE,RMSE,NSE,alpha,beta,HFV,HFV10,LFV,FDC,training_time_minutes
1,970.8047357768522,1015.7076714370871,-3687603.396346647,564.7706380534398,5152.323922864735,364.6699290321357,797.7306975116584,77848.44679518577,62699.44619773726,8.975446940000014
2,339.35614473233267,424.629825931531,-644506.3140517594,482.6102166223806,1801.6758211055605,194.58937405386018,425.3551951620647,1030.268159843266,23721.697396378593,8.975446940000014
