,MAE,RMSE,NSE,alpha,beta,HFV,HFV10,LFV,FDC,r2,training_time_minutes
1,966.9565378758803,1013.0296730749496,-2260283.0321912356,448.2923384762842,6231.101849198138,27123.75588142892,90728.47735213196,234622.12832251264,-50.102971192146484,0.27206248952467627,8.975446940000014
2,241.380734636286,350.1131634025314,-269981.4677432124,376.5047160540398,1556.159844881652,14412.97468940209,48275.606633446056,122683.24604409855,80.41815528448926,0.3776859039749434,8.975446940000014
