,MAE,RMSE,NSE,alpha,beta,HFV,HFV10,LFV,FDC,training_time_minutes
1,2537513.536814337,2720138.841746973,-4877764851506.824,795601.868388637,12187120.686714485,576873.9495501512,1783604.2986160931,92428613.15718153,115203018.71059863,9.227227879999555
2,1.538483431901312,1.8314992257139573,-1.2113230601084237,0.5826145312883693,7.903116346037715,0.8452817508224081,1.717456760241011,53.193915400469834,64.31922801922984,9.227227879999555
