,MAE,RMSE,NSE,alpha,beta,HFV,HFV10,LFV,FDC,training_time_minutes
1,0.4234898372972033,0.5070323481136543,0.06286281025293639,0.8744131227455895,0.3821140064949591,0.7969966479537252,0.7662598401957372,9.4498805951768e-06,0.013672284877460045,15.381623133333294
2,0.4237906834492711,0.5060063285891366,0.06665171327248387,0.8829172898134665,0.3832905393963338,0.8094971846606975,0.774136540592126,6.424713320097168e-06,0.011969143741920311,15.381623133333294
