,MAE,RMSE,NSE,alpha,beta,HFV,HFV10,LFV,FDC,r2,training_time_minutes
1,0.43993985901425026,0.5010618876267053,0.5622047162349841,1.3060454008272653,0.7100908323855267,11.476649719936638,13.151860663909964,-0.060601841384489534,874.6541427307051,0.006644907365435104,15.381623133333294
2,0.4425313699364186,0.5042822960396884,0.5565590648063925,1.3224731915554064,0.7122813998731704,13.734389014268375,14.595804876305802,0.6335122682482913,906.733452652026,0.007321404606477899,15.381623133333294
