,MAE,RMSE,NSE,alpha,beta,HFV,HFV10,LFV,FDC,training_time_minutes
1,0.10613275881690282,0.18590305324478612,-1.6085118673591827,0.37094014327520686,-0.13443088091211902,1.0715695572848068e-06,2.8734812743323085e-07,-2.056601824965091,-2.1179478490550794e-11,93.33780459500001
2,0.03316022356393428,0.0378330686444013,0.8919653900157113,1.0985661231979018,0.753911449556768,1.0463570033661151,1.0168548612298065,0.00045849506466609107,0.06291561363568929,93.33780459500001
