,MAE,RMSE,NSE,alpha,beta,HFV,HFV10,LFV,FDC,r2,training_time_minutes
1,0.2360952449610634,0.3947440300395784,-2.105691208634648,0.46435824731326875,-0.2020250312533512,0.0008083670256904585,0.00028230615139923654,-2.7777298487695927,-0.003978635780655387,0.4608373714885484,93.33780459500001
2,0.04240681617171931,0.04726997797049526,0.9554653615125853,1.075109505159173,0.8463367371061745,1.017836964972647,1.0148501089674808,0.00565315433162227,0.6776365238794698,0.9264420660189401,93.33780459500001
