,MAE,RMSE,NSE,alpha,beta,HFV,HFV10,LFV,FDC,training_time_minutes
1,56567714.25614604,59506613.931735605,-531315249984076.8,7154369.572097868,32627280.99625977,4451321.487556927,8592200.054085586,213895375.83914107,79525088.23170118,25.21199211666632
2,2.318457237748878,2.7973952817021353,-0.17416594534158292,0.6197767321328794,2.0635526906968127,0.7261079487548296,0.9395439540280633,10.874058760196242,4.105761920468024,25.21199211666632
