,MAE,RMSE,NSE,alpha,beta,HFV,HFV10,LFV,FDC,r2,training_time_minutes
1,55341398.7991712,58832191.45714664,-378219557696774.4,6599360.008817119,27339286.625244427,375629323.9986307,741411032.5001312,1361868649.0700674,-195.8714199054751,0.41812893979031973,25.21199211666632
2,2.5175842104641024,3.1389933356238573,-0.07670001232763735,0.7026250292059985,1.9201516587036573,-22.7676785742103,-5.947784448567023,27.604546199598694,-127.03090217807319,0.49957770650307143,25.21199211666632
