,MAE,RMSE,NSE,alpha,beta,HFV,HFV10,LFV,FDC,training_time_minutes
1,18.10337091009052,19.184423889294685,-825.8722009770981,9.538260566330544,114.40788150804958,6.29020217412718,18.64736477836672,839.3908725166249,780.8115484260279,9.598556448332966
2,11.056953324943951,11.935699165172203,-319.0638285317693,6.765609888178239,70.17227411553817,4.005043453521721,11.814167101535983,459.87900902017753,494.40773763551164,9.598556448332966
