,MAE,RMSE,NSE,alpha,beta,HFV,HFV10,LFV,FDC,r2,training_time_minutes
1,17.287400269503113,18.76308055827468,-962.7176912611066,12.081692245044477,200.00435351054733,751.2904305733887,2944.446626636242,8258.749406033245,-21.911999918958387,0.380603249631014,9.598556448332966
2,1.1069733508421444,3.4951359059378184,-32.440262695387545,5.512721891749543,12.343206913813763,430.35007566089934,1220.1928370660814,1190.4420906382302,21.168950572633033,0.45292466689281285,9.598556448332966
