,MAE,RMSE,NSE,alpha,beta,HFV,HFV10,LFV,FDC,training_time_minutes
1,104.24457975072978,104.96166476835964,-436.3805982464049,2.2783041936429727,111.21270946816347,4.576935546112757,14.26996946042924,46980.56439043913,2275.892849595505,25.784184483333956
2,105.0730903069037,105.73682843752546,-442.86474645801354,2.190092020759741,112.08942469586779,4.612094084983949,14.374218806801256,47461.2083100618,2290.920309857716,25.784184483333956
