,MAE,RMSE,NSE,alpha,beta,HFV,HFV10,LFV,FDC
1,0.28408040517896194,0.31240021241346627,0.5787736405735947,1.3096442631271505,0.7859429613713304,1.0006809854363437,1.0824341359570149,0.5472036552650651,0.522254164676655
2,0.12576410591012957,0.15468694806552857,0.8967238019687819,1.0133974981307299,1.0558079532142024,1.0214609378199546,1.0476534726442055,1.3013711131999373,0.9038691622293138
