,MAE,RMSE,NSE,alpha,beta,HFV,HFV10,LFV,FDC,training_time_minutes
1,,,,,,,,,,16.72244709666702
2,3.398091861850209,3.967906568042664,-0.7662542624444744,0.602943482444984,2.771396047110572,0.701270894825712,1.0404170891351299,24.12052066556359,6.786621525528525,16.72244709666702
