,MAE,RMSE,NSE,alpha,beta,HFV,HFV10,LFV,FDC,r2,training_time_minutes
1,,,,,,,,,,0.2825676258186741,16.72244709666702
2,3.4390873303538108,3.99945530378781,-0.7544344664463052,0.6966806026352066,2.785578591000126,-25.688719596508655,6.044585613029273,61.30341934941746,-102.31423028962676,0.45556968354219785,16.72244709666702
