,MAE,RMSE,NSE,alpha,beta,HFV,HFV10,LFV,FDC,training_time_minutes
1,0.1433055911852037,0.22570586986250116,0.4869062867468764,1.1709477089354918,0.8018276433155492,1.2674938700005762,1.1746912878675508,-0.0009234339166268841,0.012598144951591514,31.18215873333332
2,0.1307474149871815,0.21435892991443595,0.5371991514109011,0.9115960945944814,0.6037672423585749,1.0150119344284234,0.9168308773209232,9.468375719408543e-05,0.006670600164429014,31.18215873333332
