,MAE,RMSE,NSE,alpha,beta,HFV,HFV10,LFV,FDC,r2,training_time_minutes
1,0.1939346263484626,0.3029528215191938,0.8616109782051946,0.8783160813205076,0.9150291074477135,-26.027394134020703,-15.455282931772468,-2.3999198821876635,447.91173484095685,0.10192896994295164,31.18215873333332
2,0.16644047666695205,0.21991589846175494,0.9270769389460731,1.0386340334397346,0.9162168945825226,-7.015393242118937,1.4230804485915407,3.2169466348317677,478.8849511344616,0.6390579985961731,31.18215873333332
