,MAE,RMSE,NSE,alpha,beta,HFV,HFV10,LFV,FDC,training_time_minutes
1,0.050004300556280926,0.6000567540137312,0.022008959496629288,0.036127277736144124,0.1595427684025165,0.06469926405665337,0.1017543922373532,0.11417404157353345,0.36501643922569765,9.012119581666775
2,0.04987996793655181,0.6031405790421426,0.011930902529258214,0.0312779164048888,0.24893111503589,0.06381389298107505,0.12986897487745178,0.314167300457751,0.6728667526824172,9.012119581666775
