,MAE,RMSE,NSE,alpha,beta,HFV,HFV10,LFV,FDC,training_time_minutes
1,0.08802011135622702,0.17457955847170203,0.5171214533099501,0.849150168297916,0.8036810692798924,0.8505666325957474,0.8344033991459332,0.7105692255299058,0.7531815849532689,17.72691961333333
2,0.1142177135899289,0.21314825771864943,0.280195257764009,0.6680321448410246,0.5610581548213477,0.6891946358538266,0.6105493547649016,0.18467961025831212,0.49725093218180244,17.72691961333333
