,MAE,RMSE,NSE,alpha,beta,HFV,HFV10,LFV,FDC,r2,training_time_minutes
1,0.07109970676118225,0.09381390577071239,0.9300797058305906,1.043909543870202,0.9503375551392808,2.0391673674594193,-2.655494181326261,-0.37814770151372645,24.810804987606662,0.7460269543192448,17.72691961333333
2,0.07936129867524758,0.09840537633706163,0.9230680988044472,1.0216733958746844,0.9346570603455149,-9.518057651024128,-10.026633260740166,-0.6863801775466314,55.722330772615216,0.829252585916592,17.72691961333333
