,MAE,RMSE,NSE,alpha,beta,HFV,HFV10,LFV,FDC,training_time_minutes
1,0.09240813243657149,0.1063962843584781,0.059933296790065205,1.210308485389362,0.4100011509152559,1.3119088637365333,1.019954181996747,-1.536617419628207e-13,1.0038169337457997e-08,50.749714935000036
2,0.0622232066836021,0.06695992057857843,0.6276635041830008,1.0327192933548817,0.544721369129419,1.0387764334807155,0.8990236286072575,0.022467684955765507,0.2380980888880815,50.749714935000036
