,MAE,RMSE,NSE,alpha,beta,HFV,HFV10,LFV,FDC,r2,training_time_minutes
1,0.14441255793592442,0.175156389060877,0.4017895968346211,1.390014281362694,0.6431766941275074,1.287354272482101,1.340863558280495,-4.9714835394611263e-14,0.07259436800583942,0.6338720564778313,50.749714935000036
2,0.04869358497223871,0.05762767425776434,0.9352463609896972,1.103712456804134,0.8543852107773228,0.9606070275530392,1.0372261279878547,0.10393736544584023,0.6908406977705075,0.840912347387165,50.749714935000036
