,MAE,RMSE,NSE,alpha,beta,HFV,HFV10,LFV,FDC,training_time_minutes
1,80.95910418290386,92.08780507284325,-920030.5409321637,457.33951452647926,1746.3852152902673,203.46527700432125,413.14740680284353,3364.5599521442723,7640.8441663550475,8.21475679500048
2,0.06127713333026907,0.09029914711235039,0.11536163531843935,0.2787842765810699,1.6284120543823768,0.3561334584060624,0.4690142714458443,7.796067127621686,5.360084182855635,8.21475679500048
