,MAE,RMSE,NSE,alpha,beta,HFV,HFV10,LFV,FDC,r2,training_time_minutes
1,79.38817739583736,90.94887698020918,-13894915.329155806,1818.6977425680218,4972.6207625808975,74704.90902009468,175401.8242901426,317083.5053325448,5.266669869951702,0.06110552270957548,8.21475679500048
2,0.06421066055212664,0.06697014987806782,-6.533968429722054,0.7274956103931589,4.997421707235432,11.761851214956094,77.48348068687476,169.26377678369246,-25.76982148051077,0.10605609842689123,8.21475679500048
