,MAE,RMSE,NSE,alpha,beta,HFV,HFV10,LFV,FDC,training_time_minutes
1,1.7912759509503953,2.5558838185294626,-0.1286997505799663,0.8257516935487139,1.6913953452920039,0.7355538016787505,1.0622457827203182,4.449582011991982,2.426323677232423,49.64721977666662
2,1.7458117617983384,2.5770436363498854,-0.14746581758807698,1.1145786921647334,1.0268831994149838,0.797490579172953,1.0880321807109699,-3.554358572894461,1.0613713560745015,49.64721977666662
