,MAE,RMSE,NSE,alpha,beta,HFV,HFV10,LFV,FDC,r2,training_time_minutes
1,1.6000863775348892,2.3059155137995497,-0.03595567095293939,0.7869897912177598,1.5451648762742274,-28.56649982944713,-5.852886939220013,20.831627831606422,-66.75278066510073,0.31787297162095707,49.64721977666662
2,1.5346939271505793,2.273427674883035,-0.006970330562241722,0.9853756428661687,0.9936724580483308,-26.239733183298537,-7.281069419311091,9.972269398472779,,0.34973438133480395,49.64721977666662
