,MAE,RMSE,NSE,alpha,beta,HFV,HFV10,LFV,FDC,training_time_minutes
1,1.1631480295013639,1.9514924871935702,0.31085168234075433,0.7478445670845115,1.0170009546793477,0.6716616012128915,0.8486305935083794,1.1053401369127438,1.1301133799156764,25.468513211667112
2,1.1850531910299094,1.8580419729030295,0.3752734348664015,0.6042242903467298,1.2085077949661307,0.6456941171030773,0.8177303506398516,2.014352694178851,1.467160223388089,25.468513211667112
