,MAE,RMSE,NSE,alpha,beta,HFV,HFV10,LFV,FDC,r2,training_time_minutes
1,1.0439208572911902,1.689753705743773,0.15503856313568676,0.8625115542345215,1.2361488988274592,-14.645167076829372,5.22495330698897,16.06441100879476,-45.73782756487341,0.4481395054523779,25.468513211667112
2,1.096254089479544,1.6309072266481826,0.2128661526454103,0.7042144802779376,1.443413559355656,-21.00003866012746,1.5380444211509066,16.94901917649729,-166.35077245307653,0.6471314283019558,25.468513211667112
