,MAE,RMSE,NSE,alpha,beta,HFV,HFV10,LFV,FDC,training_time_minutes
1,94.67180144926103,108.73768167562693,-865.7115742953457,14.490861784742304,-42.84641175895451,-0.03136397689023845,-0.9538425545265168,-854.6331562885292,-111.36365657489773,20.737855565000004
2,6.9766948208666,7.479504067137665,-3.1007194933251077,0.7571740093059712,4.059725409397166,0.8766273107202918,1.4113906653706507,32.981939553678885,9.399474613438585,20.737855565000004
