,MAE,RMSE,NSE,alpha,beta,HFV,HFV10,LFV,FDC,r2,training_time_minutes
1,85.52324824280886,98.41754136848228,-573.9613331817756,11.81863879956524,-35.127239585355866,-113.5332182256447,-187.8110087727912,-555.8672757175059,,0.3042894095287457,20.737855565000004
2,6.878002566894216,7.415391599738721,-2.264087537178123,0.7169820720100971,3.6337379287043228,-19.127296732769782,20.700326091939722,98.37190270711275,-150.86876067429463,0.4117836764545656,20.737855565000004
