,MAE,RMSE,NSE,alpha,beta,HFV,HFV10,LFV,FDC,training_time_minutes
1,2.09120046774802,4.2223454857370015,0.031196856734776457,0.992394154905186,0.9384423350081892,0.9176884927317246,1.0766218848005673,0.4006572161790557,0.606073005942041,17.335295680000367
2,189606.56906885304,192092.05437992574,-2005149738.2782974,7180.113046516912,71318.73265776869,7733.35100601748,16717.44743119107,394038.87668508786,141517.6734399034,17.335295680000367
