,MAE,RMSE,NSE,alpha,beta,HFV,HFV10,LFV,FDC,r2,training_time_minutes
1,2.2128068334555713,4.974261074621386,-0.044151381303843884,0.9966518737882749,0.9744424846155341,3.4407282048097723,8.075119430695239,7.646131602060025,268.15054747290003,0.3594685732463344,17.335295680000367
2,188273.41074024446,191389.08158827666,-1545754903.4034655,7065.288519883482,66310.47867188753,746345.7729384106,1612173.2267085547,3064299.716114612,-470.21227037883637,0.3908812206662764,17.335295680000367
