,MAE,RMSE,NSE,alpha,beta,HFV,HFV10,LFV,FDC,training_time_minutes
1,0.11764842786895412,0.2702220135574853,-2.331555117367247,0.6517820255047744,-0.5434915041331664,3.847673569932076e-14,1.7348229340555036e-14,-378.53936758231595,1.0965688246994748e-15,59.57376205500017
2,0.010855016990458486,0.020219334354646897,0.9813474050675786,0.9977868658254543,0.9187546685370568,1.035182623083843,0.9881308694490141,-0.0018987810070323166,0.0005618909766267551,59.57376205500017
