,MAE,RMSE,NSE,alpha,beta,HFV,HFV10,LFV,FDC,r2,training_time_minutes
1,0.2624288410509255,0.504838662186349,-3.04634306198217,0.7384668047306618,-0.6061494734316962,-99.99663880587029,-99.99886199283291,-99.99939054303638,,0.5711153728780237,59.57376205500017
2,0.018305600068369832,0.03784052825073723,0.9772662087686941,0.9987491828365439,0.9470112463886055,-0.3118861215802599,1.3757269318181078,-2.6056133124794094,213.90574821485927,0.9221693780860121,59.57376205500017
