,MAE,RMSE,NSE,alpha,beta,HFV,HFV10,LFV,FDC,training_time_minutes
1,0.3411024904309931,0.3810089804372391,0.47082141358354257,0.6549679984079191,1.3532830462508072,0.9546957055499365,0.930757617107173,2.598191156699611,1.7551176539343338,18.2499675333335
2,0.33049696017606706,0.3698321492354774,0.5014127594336532,0.6713239167158335,1.3442616540649668,0.9707128094618934,0.9426019959458335,2.568303037433549,1.7213721841782277,18.2499675333335
