,MAE,RMSE,NSE,alpha,beta,HFV,HFV10,LFV,FDC,r2,training_time_minutes
1,0.22572281021209825,0.2676453197369697,0.8750869981853195,0.8593682376129829,1.1277230045369442,0.3900824097254165,0.16267604889364531,-3.2108438137459387,-71.0176809490642,0.009480807275925596,18.2499675333335
2,0.2175883789280435,0.25924339419366194,0.8828064429308974,0.8703487947380454,1.1243365969650896,1.1594921448380602,0.7047492725017743,-2.7294718629613386,-68.44226757354022,0.010305902554663904,18.2499675333335
