,MAE,RMSE,NSE,alpha,beta,HFV,HFV10,LFV,FDC,training_time_minutes
1,1.8994601983367567,2.768106347327593,-0.7110274358856223,1.028565908400126,0.790465238061996,0.5567702915359064,0.8528852253517984,0.15085379788764788,0.560089599283938,241.93299361333388
2,1.9805459912795602,2.61125853637608,-0.5226187604084107,1.108196054189915,1.4602813261114675,0.8205337637444441,1.2306283060764507,1.2065702963424696,1.4160939935494992,241.93299361333388
