,MAE,RMSE,NSE,alpha,beta,HFV,HFV10,LFV,FDC,training_time_minutes
1,0.1131929590011319,0.24421524632245092,0.13797874639111463,1.3670485211681045,0.9755619276350621,1.7912840463631825,1.413304488291889,-0.00036942959182602065,6.473932348457554e-05,23.2506860649999
2,0.2868658318217379,0.35656899522596197,-0.8376363856333664,1.3956890533007866,2.290648536175598,1.9855774816699665,1.6463933970765368,40.71201828255795,25.066926212924738,23.2506860649999
