,MAE,RMSE,NSE,alpha,beta,HFV,HFV10,LFV,FDC,r2,training_time_minutes
1,0.1599349297357869,0.3475272857177474,0.8272623714971818,1.0096538942453945,1.192086815204932,-16.64036535541098,24.418080653134822,28.54537891428056,432.50105953066543,0.5297322557561801,23.2506860649999
2,0.7245230803957516,0.830103395942727,0.014461675699068643,0.980774534394455,2.769263515527749,-16.22008751948607,43.403876201097795,88.33164212616383,-63.34555051276567,0.6297292393646192,23.2506860649999
