,MAE,RMSE,NSE,alpha,beta,HFV,HFV10,LFV,FDC,training_time_minutes
1,4.256254778627859,4.334124812222485,-651.5311962293453,4.767002989562595,98.7690730988234,4.121587250879796,12.020324992258352,2698.5180273009146,1338.512907273764,80.99273836833308
2,,,,,,,,,,80.99273836833308
