,MAE,RMSE,NSE,alpha,beta,HFV,HFV10,LFV,FDC,training_time_minutes
1,1.3035406186355836,2.4273409759438778,0.01881087175012819,1.2660790259477332,1.098926663035225,1.269324933681737,1.237495937291475,0.47157747704683467,0.8921315559393358,16.442250566666676
2,1.210462281306393,1.9604809107188832,0.35994633493795714,0.9995953895585866,1.1352469585569906,0.9787532007047289,1.0385263630423975,1.135862195157987,1.330780719181366,16.442250566666676
