,MAE,RMSE,NSE,alpha,beta,HFV,HFV10,LFV,FDC,r2,training_time_minutes
1,1.2070510812541075,2.319593323126471,0.2713207302256897,0.9877061779382892,0.9611563923868075,4.181867727972707,0.4026936883622189,-1.2713196150915536,38.8275071754861,0.3662763620227629,16.442250566666676
2,1.1996864799165148,2.115171579510109,0.39409586076831404,0.8402863244384472,1.0669164269656997,-14.426891092056525,-8.765979776640862,-0.15837783913374723,-10.38507778143659,0.4938880697731237,16.442250566666676
