,MAE,RMSE,NSE,alpha,beta,HFV,HFV10,LFV,FDC,training_time_minutes
1,420.5168076646945,423.70318828828744,-11332.09769496464,13.028321734808406,451.27967770870976,18.671666267263753,56.26223917768085,171965.24424228029,10850.86374729754,28.971671124999798
2,1.0020694565322872,3.4016015396315464,0.26954738636138076,0.5109861963335668,0.766492110618816,0.447271858501975,0.5092646196394293,-3.5844674471472087,7.699135828719153,28.971671124999798
