,MAE,RMSE,NSE,alpha,beta,HFV,HFV10,LFV,FDC,r2,training_time_minutes
1,418.91981835845456,423.0385956919347,-24074.908782822768,21.61076961115261,709.7682943245652,2629.269796880406,8726.884533333237,23985.712863775352,-72.79156487303943,0.34091737649241094,28.971671124999798
2,0.7927963491696731,2.334331059063399,0.26692636117410495,0.6102542939088861,1.2869981330397549,-40.49410746897998,-22.615977746743066,2.7573228307700877,-48.570715847156414,0.5368308838706606,28.971671124999798
