,MAE,RMSE,NSE,alpha,beta,HFV,HFV10,LFV,FDC,training_length_days,training_time_minutes
1,0.7530711999243295,0.961301686387395,-0.22610736189353542,0.647719870873551,1.1371157796870626,1.0769606836740986,1.0436605319833092,1.3892444087273692,1.1773353824182637,468,62.91936822499993
2,0.7464904428040243,0.9534469222160389,-0.20615225746931487,0.6446107266053478,1.127671945473443,1.0666779824843613,1.0383555180944644,1.379038858588427,1.1650149833564485,468,62.91936822499993
