,MAE,RMSE,NSE,alpha,beta,HFV,HFV10,LFV,FDC,r2,training_length_days,training_time_minutes
1,0.7788683748294359,0.9737669362704443,0.5734339738279657,0.7414307974465121,1.1112454565333583,-3.9524864976518677,-3.331541875019621,-3.2812199534845896,31.145973128640904,0.13132634597137283,468,62.91936822499993
2,0.7784446003127732,0.9775123363091852,0.5701462611481258,0.7523071255828665,1.108989952955281,-4.034514343385058,-2.647482006746057,-2.730938426122121,27.953129463782183,0.13289228706140532,468,62.91936822499993
