,MAE,RMSE,NSE,alpha,beta,HFV,HFV10,LFV,FDC,training_time_minutes
1,2.2332668362520014,3.526951516185602,-0.012465488776857603,0.6131872689162865,1.608911472249703,0.5770950034526132,0.8726499395123316,7.646413094488821,2.780893412792618,18.318369806667032
2,5.6974181577122796,6.298332796095886,-2.2287354226480933,0.6295316087448503,3.6208292018235295,0.7609667879410787,1.2672976536420142,31.628660088691504,7.365233351754643,18.318369806667032
