,MAE,RMSE,NSE,alpha,beta,HFV,HFV10,LFV,FDC,r2,training_time_minutes
1,2.1787676720809137,2.978745089555766,-0.1272949387678406,0.7488761061680821,1.620924531139053,-35.51042419801271,-8.718016530136843,21.50520567084329,-89.07211626353673,0.269322255154273,18.318369806667032
2,5.5746044637033325,6.041577072970338,-3.637367549684714,0.9391597400388236,3.502035342078625,-7.309953314232263,37.542082112087414,106.050450862655,-162.14551417733452,0.4240254954346083,18.318369806667032
