,MAE,RMSE,NSE,alpha,beta,HFV,HFV10,LFV,FDC,training_time_minutes
1,0.1196731380342912,0.15729256553674043,0.8061977882990157,1.312519302733128,0.9245766545213798,1.0794040840626156,1.2280537918586072,4.5978744993780546e-05,0.05041103847882581,14.821208258333233
2,0.11998003395129686,0.15670350021325266,0.8076466602377115,1.313914480187878,0.9203051712109895,1.0867105243029218,1.229994533523457,3.370593383404153e-05,0.04467528329474403,14.821208258333233
