,MAE,RMSE,NSE,alpha,beta,HFV,HFV10,LFV,FDC,r2,training_time_minutes
1,0.19551617278298455,0.26225912237598914,0.9233103098161605,1.0685808576131404,1.078284976042525,2.2689789322535647,0.26041706301926515,10.241628001411305,251.33009627605728,0.609135009083114,14.821208258333233
2,0.196416111840251,0.2630743903914591,0.9228327681312605,1.072308856933655,1.0733014863724095,3.2641814299630503,0.6192737370827232,10.099374154606991,259.8580938143691,0.6630922878746619,14.821208258333233
