,MAE,RMSE,NSE,alpha,beta,HFV,HFV10,LFV,FDC,training_time_minutes
1,3.655269538753464,4.225927674578708,-19.953851461739564,2.197038661817002,-4.914346637325699,0.13017411343658802,0.03170879087740335,-48.85418944574485,-13.500338212185866,19.17774024833343
2,1.3760567746307324,1.5706226660833158,-1.8944327411402218,0.6121442609388988,-1.2261187498014845,0.1899555498542636,0.14127301916271026,-11.883896793489438,-3.6633775061752347,19.17774024833343
