,MAE,RMSE,NSE,alpha,beta,HFV,HFV10,LFV,FDC,r2,training_time_minutes
1,2.5997738640050456,3.123573735127513,-26.676987646151446,2.8133535512098335,-6.229795159358954,-75.45275129835557,-83.04922098185706,-136.77795752114233,,0.39689056338729944,19.17774024833343
2,0.6970697381167317,0.8308011817509849,-0.95798565830015,0.8453214932717533,-0.8896354790046963,-61.40922276867897,-58.16854724098265,-70.35359952477495,,0.39771016540668713,19.17774024833343
