,MAE,RMSE,NSE,alpha,beta,HFV,HFV10,LFV,FDC,training_time_minutes
1,151.776727811116,175.29271094403543,-3446.8319754207596,29.36978091596871,-187.0024943380502,-0.07141709535357836,-2.1349434294286875,-20192.295457082273,-1540.718635803715,18.123724466667046
2,19.504752300570036,20.5244577768174,-46.26740533413103,2.101097689959683,25.06579369813641,1.8183346075135698,4.748791409234977,1063.1094952760793,201.59365568249032,18.123724466667046
