,MAE,RMSE,NSE,alpha,beta,HFV,HFV10,LFV,FDC,r2,training_time_minutes
1,120.0933263296359,140.78960913662897,-3152.59968879941,29.177861373224324,-192.50404706698163,-103.20591629276437,-267.1177834751688,-2011.6786752075197,,0.1757363575894736,18.123724466667046
2,17.497152643854665,18.66994976052602,-54.45639778366457,2.628695080034246,29.11581269210546,120.97141401197682,485.9297634969265,1211.9204875544929,-62.6424329619623,0.346959430505986,18.123724466667046
