,MAE,RMSE,NSE,alpha,beta,HFV,HFV10,LFV,FDC,training_time_minutes
1,0.15507727861336718,0.2136209351696344,0.42725631216426607,0.9799206910493519,0.45784069841245856,1.256225464320829,0.8911235247492223,-4.222763272328727e-05,5.3113855912906054e-09,13.791934863333335
2,0.4216171972601156,0.4668796156407486,-1.7357884583091803,0.7145103977744067,-0.6936578074887368,0.569475359483445,0.34510839924666004,-7.416394787174408,-1.7402904629273033,13.791934863333335
