,MAE,RMSE,NSE,alpha,beta,HFV,HFV10,LFV,FDC,r2,training_time_minutes
1,0.2400299443895027,0.32707048279791384,0.6863552048785453,1.1235502310010992,0.6930423150353245,2.7656511403566117,18.983592339414272,-7.0963553604079275,,0.2727135832732108,13.791934863333335
2,0.9556996426510722,1.0196287787378326,-2.0481725689491963,0.8565942806943393,-1.014439328484919,-42.838173412761314,-56.52315118737556,-99.27145690073488,,0.4178493467167598,13.791934863333335
