,MAE,RMSE,NSE,alpha,beta,HFV,HFV10,LFV,FDC,training_time_minutes
1,1.3289122599224865,1.3983786165240988,-58.68044191449102,1.5600499486235477,-4.520444860577638,-0.18529287592721058,-1.1131352693161067,-11.208617215089491,-5.2064316038155,14.997749800000262
2,0.15036802295226023,0.1590347205679939,0.2280905068834036,1.5046558683623814,0.6215569335101463,1.0743501412777219,1.1512595018102167,5.084306610131626e-14,1.984731637390125e-05,14.997749800000262
