,MAE,RMSE,NSE,alpha,beta,HFV,HFV10,LFV,FDC,r2,training_time_minutes
1,1.7088991481980804,1.9933915911465379,-13.959366522230209,1.1560560374809579,-3.152426341337915,-102.7632701164362,-146.1101629853085,-201.15616086212944,,0.29311008924244064,14.997749800000262
2,0.17800381256209372,0.20222031228468224,0.8460507729772825,1.1120053792144422,0.8642633015556378,0.7128690594665862,-4.600218178341028,11.0334092207595,1223.9364903452768,0.6036235808278252,14.997749800000262
