,MAE,RMSE,NSE,alpha,beta,HFV,HFV10,LFV,FDC,training_time_minutes
1,1.1022878331931212,1.598320438561747,0.37686579829840905,0.9476294799767307,1.220014029879776,0.9456498336451264,0.9640928163692175,0.9512352900580743,1.7837466156470503,20.449897133333433
2,1.1280426275620028,1.561845983141536,0.40498174124330033,0.7547949923660743,1.3378456597891903,0.7837936317657714,0.8347477738047278,2.372198145826238,2.2300732886908365,20.449897133333433
