,MAE,RMSE,NSE,alpha,beta,HFV,HFV10,LFV,FDC,r2,training_time_minutes
1,1.260686144559543,1.8250271460507446,0.3470347413400453,0.94271204128456,1.1495750299254346,-4.410166973776153,-6.406572471138559,3.9591307229855057,20.873698441019968,0.35306367211413625,20.449897133333433
2,1.2671414587776673,1.7386688253148619,0.40736792635715713,0.7465440840193651,1.2545604234385717,-20.718054375484392,-18.208703354337548,-2.907373614248677,-70.26403312170059,0.4969023757544927,20.449897133333433
