,MAE,RMSE,NSE,alpha,beta,HFV,HFV10,LFV,FDC,training_time_minutes
1,0.09810805574795095,0.1254052907477906,0.8392908778222413,0.8430022696333953,0.6460026827964807,0.7365127347196402,0.7826335351892306,0.00045098442181030964,0.10563464381665841,67.201875035
2,0.09846638449513237,0.12480242406183088,0.8408323326142205,0.8459682415920454,0.6424970160747755,0.7472493791119188,0.7862522965276281,0.000326028067605179,0.09304326029671388,67.201875035
