,MAE,RMSE,NSE,alpha,beta,HFV,HFV10,LFV,FDC,training_time_minutes
1,195.73573461754728,227.91695389757672,-3971.992495330069,32.2720222043919,-259.43785984095064,-0.031316060627642014,-2.4323088022408172,-128433.18640335771,-6088.7204597232785,20.069723438332826
2,17.941683711587203,20.777952957025814,-32.019462403023034,2.9209066493776423,24.607589302701772,1.9097587845522028,5.602495478654872,2276.05633230699,500.3632177717212,20.069723438332826
