,MAE,RMSE,NSE,alpha,beta,HFV,HFV10,LFV,FDC,r2,training_time_minutes
1,168.51604986721688,193.9320079705133,-2771.2611199051184,25.997500877506987,-252.3014167562209,-110.34000201196432,-352.93155647243213,-2817.2111047104104,,0.23600681840441162,20.069723438332826
2,15.230946432453642,17.511462725908302,-21.60372390558081,2.3954378949902675,23.535290871149762,67.2683617474675,417.06563532087483,1169.7857678614387,-56.2715175346697,0.4043256416454929,20.069723438332826
