,MAE,RMSE,NSE,alpha,beta,HFV,HFV10,LFV,FDC,training_time_minutes
1,1.2169080848601475,2.6214274041751353,0.06269134851948177,0.8522606677984392,0.926222369363118,0.7837076943565271,0.8791559683576932,0.773464753945311,0.9368836847424462,14.792078020000675
2,1.1984997467981684,2.6093367522592583,0.07131759399371829,0.8398103209145443,0.9726812140435712,0.7803004633579774,0.8730156186743304,1.1399555573659204,1.1033201813469469,14.792078020000675
