,MAE,RMSE,NSE,alpha,beta,HFV,HFV10,LFV,FDC,r2,training_time_minutes
1,1.3565724998112327,2.9318319645002453,-0.03905701573545284,1.0251973798971028,0.9651746670674419,2.792362935618252,3.8349460521512078,1.38114914419556,36.382822712654374,0.44431668468000285,14.792078020000675
2,1.320339025213507,2.9004966705568576,-0.01696491634556474,1.0085452053198434,1.0079629949052606,2.1553730227600094,2.6626808049090216,1.4468736414930365,-2.368900599137987,0.44590892591396514,14.792078020000675
