,MAE,RMSE,NSE,alpha,beta,HFV,HFV10,LFV,FDC,training_time_minutes
1,0.6860367667066437,1.2583983324428236,-0.07331297581029173,0.9381464955785195,0.8167152626006765,0.8914286811357826,1.044767899171739,0.4402235908092344,0.6382657234072834,27.569856716666738
2,0.6367930435834627,1.1291583037731543,0.1358288233277959,0.8223755034540234,1.2024363594019725,0.783300303604736,1.021975069345814,1.309282291457457,1.3225941771585852,27.569856716666738
