,MAE,RMSE,NSE,alpha,beta,HFV,HFV10,LFV,FDC,r2,training_time_minutes
1,0.5625062950800213,1.1190722194183964,-0.10093734133643673,0.950914604473634,0.8837093134574007,0.9090736953798954,6.645789816660698,-2.792929254947671,17.044923670499596,0.4036902061727181,27.569856716666738
2,0.5218184255339486,0.9436549000267718,0.21716042646610656,0.7854090741864198,1.2239414406458085,-22.47034787533817,-0.6346502561357273,11.735062170995143,-13.310358973866201,0.5947509244692863,27.569856716666738
