,MAE,RMSE,NSE,alpha,beta,HFV,HFV10,LFV,FDC,training_time_minutes
1,1.4229997338560205,1.5726117927947976,-0.4955527100603916,0.8546286457149788,2.346500596144748,0.9129568441149151,1.1479381044356887,5.371747755696755,4.629766287830345,22.878289436666332
2,1.5404871818283046,1.9242726974742608,-1.2391949389831902,1.1821619640983392,2.464690538833574,1.095544107827463,1.3569824493690836,3.6337868466978147,4.962654944239178,22.878289436666332
