,MAE,RMSE,NSE,alpha,beta,HFV,HFV10,LFV,FDC,r2,training_time_minutes
1,1.3899042807884534,1.5253288317822624,-1.2446666654337868,0.9446868808089826,2.9972950855240077,-7.7332631656489275,31.297494425164533,101.20943290500176,-28.174797037833716,0.25037524957107504,22.878289436666332
2,1.4105535772740503,1.6278898517528912,-1.556671498029063,1.2213478644568012,3.08011034115608,3.5164841855597486,52.424642764557206,129.17456865410284,-2.0672434579765313,0.26129491601998156,22.878289436666332
