,MAE,RMSE,NSE,alpha,beta,HFV,HFV10,LFV,FDC,training_time_minutes
1,1.7997334846355606,3.780828167746536,-0.0024248624683824715,0.8865255676031341,1.3785070017943761,0.8743542686522249,1.0331752346315195,3.6075324416193424,2.0946400763432167,27.97730551666658
2,2.161171745393406,3.5971087786915903,0.09262858696387777,0.7119238309971322,1.6813935006720713,0.7211622357755456,0.9240774912083543,8.625075457523783,3.251772102366808,27.97730551666658
