,MAE,RMSE,NSE,alpha,beta,HFV,HFV10,LFV,FDC,r2,training_time_minutes
1,2.0333405356173087,3.7696900764359107,0.05152623805418288,0.9151512584808416,1.37075790081501,-11.113715556192087,4.878477359977997,22.520168800075997,-41.022628773042975,0.3574246499625233,27.97730551666658
2,2.4782676035906714,3.6987484509887585,0.086888902034432,0.7472779065881769,1.6774575123294369,-28.491540547384048,-4.985298148423373,25.934419060072017,-98.89497783758989,0.5265226774264927,27.97730551666658
