,MAE,RMSE,NSE,alpha,beta,HFV,HFV10,LFV,FDC,training_time_minutes
1,1.3716801041231548,2.798428220115929,0.36098673389182556,0.6634105927499274,0.6596315839358898,0.6357614684290126,0.6956458644159547,-4.828529770009483,0.8577625131723988,15.045102683333365
2,1.3872167757825464,2.782922312140994,0.3680485764685172,0.664979862210981,0.6684406139509844,0.6286523435635493,0.6979861397466921,-5.627890516144816,0.9386890384006559,15.045102683333365
