,MAE,RMSE,NSE,alpha,beta,HFV,HFV10,LFV,FDC,r2,training_time_minutes
1,1.2560820172043543,2.4762760725263933,0.30050813578576463,0.9651840014466935,1.0786346158007016,-7.49012776504901,9.4949667472863,15.410512714932887,,0.2711559426561527,15.045102683333365
2,1.2714277252325428,2.449266254421534,0.3156842385984806,0.9570460927538407,1.0822472582075913,-9.07084325325607,8.531776134154864,16.239873928374696,,0.2709390041260623,15.045102683333365
