,MAE,RMSE,NSE,alpha,beta,HFV,HFV10,LFV,FDC,training_time_minutes
1,0.23668617223360364,0.3852787569330284,0.36422947006493045,1.1090442100947604,0.5781761590916085,1.2078744658724976,0.983786757063016,-3.565995245729813e-05,1.1382710049698423e-10,11.108205124999706
2,0.23803588241579932,0.38725837387889844,0.35767932693441684,1.117285828405267,0.5788314510580648,1.2193350112834922,0.9879882481905501,-1.6743202433236798e-05,3.9936002306214837e-11,11.108205124999706
