,MAE,RMSE,NSE,alpha,beta,HFV,HFV10,LFV,FDC,training_time_minutes
1,1.2795633483451994,2.229979979075519,0.16792395468124488,0.7986601392223176,1.2842146179475813,0.8699304058714264,0.9693136538719956,3.5256422292744922,1.8191283135985343,24.347823431666864
2,2.6204184127321652,3.1260277403449126,-0.6351091417244268,0.6486990512283428,2.3864819210195165,0.7976275071120541,1.067211015963886,13.322902663398699,4.368269324894316,24.347823431666864
