,MAE,RMSE,NSE,alpha,beta,HFV,HFV10,LFV,FDC,r2,training_time_minutes
1,1.5786649097629486,2.7306527642093723,-0.014548464594604127,0.8757629106749437,1.320813403451213,-13.533441709750477,3.372327873136898,15.476415077449309,-62.03389613169773,0.2725537832423085,24.347823431666864
2,2.870371640787252,3.4482178760056765,-0.6178164247629692,0.7039651574810412,2.253245739684564,-25.461284120658632,5.23238334361895,46.86493515068338,-132.8049822687898,0.39096644323739593,24.347823431666864
