,MAE,RMSE,NSE,alpha,beta,HFV,HFV10,LFV,FDC,training_time_minutes
1,0.4441686104661424,0.5539553029379137,-0.10888335943115579,0.6989748052586131,0.35077902892685897,0.6397759389520321,0.635162247744874,0.001955388716080009,0.1244763691112331,35.98695431999998
2,0.41029072434958785,0.5420041052982512,-0.06155272612344631,0.5609457702322438,0.4006524685956155,0.5639936487651903,0.511175171695612,0.10396304999721619,0.4285369589813341,35.98695431999998
