,MAE,RMSE,NSE,alpha,beta,HFV,HFV10,LFV,FDC,r2,training_time_minutes
1,0.2695089021217002,0.296555940078684,0.7710255567350203,1.2286957911290763,0.7968181924450588,5.967270376989758,5.6951125331288965,0.16787331915257173,370.4786974266014,0.5768809802082837,35.98695431999998
2,0.2332215494549352,0.26676714119565864,0.814715783141939,0.9917383221321967,0.9071477591344786,-18.950547755634513,-15.915857056093751,-7.689408841579843,107.4253685563974,0.7352878117136756,35.98695431999998
