,MAE,RMSE,NSE,alpha,beta,HFV,HFV10,LFV,FDC
1,1.4517472013844983,2.222026710403692,0.3280975414511109,0.633666205764445,1.3795839673788766,0.6149918604242731,0.7963028937528637,3.874481381049656,2.3676380435713975
2,1.0803413633498393,2.0712363931402575,0.4161960667949701,0.6083099316915377,0.7968615525454199,0.5689459463890468,0.670283233429373,0.9423977682488991,0.9006931742135483
