,MAE,RMSE,NSE,alpha,beta,HFV,HFV10,LFV,FDC,training_time_minutes
1,0.4956475016785296,1.503642054223719,0.2223257713610436,0.313908482148224,1.177691866923076,0.37921666441538227,0.46247512835290294,inf,inf,11.067768208333291
2,0.40966227976247543,1.4998353249237295,0.22625841994318618,0.40626868182907866,0.1475411931199923,0.48110795735846956,0.5094274331870084,-inf,-inf,11.067768208333291
