,MAE,RMSE,NSE,alpha,beta,HFV,HFV10,LFV,FDC,r2,training_time_minutes
1,0.38557157073074483,0.9544551204224498,0.13715400000619293,0.5154513455227502,1.7652327175898295,-42.09315822405285,-31.323293142411497,16.96943564047234,,0.3970226484531124,11.067768208333291
2,0.2886702350252655,0.9508378822584058,0.14368171436955235,0.5864072139464188,0.2794607659939104,-38.82021703326947,-31.81763395799788,-26.285344868353885,,0.4413640063990464,11.067768208333291
