,MAE,RMSE,NSE,alpha,beta,HFV,HFV10,LFV,FDC,training_time_minutes
1,18.74286508824234,21.201079218342198,-90.28714230080969,4.457590608994788,-10.083990361504604,0.05198494191704984,-0.24632273872841892,-119.99034146360223,-18.211178898081105,11.52702607166672
2,1.3836155307170217,2.1084985857657945,0.09709864983914296,0.6963699430260466,1.4242874468743831,0.698376121366033,0.8956851352587671,4.687940538228025,1.9435084730479408,11.52702607166672
