,MAE,RMSE,NSE,alpha,beta,HFV,HFV10,LFV,FDC,r2,training_time_minutes
1,16.523548296262774,18.824726385716918,-70.432625236454,3.931376885631962,-9.916186019689764,-100.97515500969035,-132.2753810513201,-246.89732514375478,,0.31406048479895565,11.52702607166672
2,1.3459093768982244,2.1132248190808363,0.09981728068075602,0.6766756954709744,1.530686759858066,-33.86806653401148,-7.058197799329076,16.825713079109498,-74.2721826303952,0.44639906928532924,11.52702607166672
