,MAE,RMSE,NSE,alpha,beta,HFV,HFV10,LFV,FDC,training_time_minutes
1,1.3103297975538832,1.499561117959523,-3.5505388456268907,0.08829105846328805,-0.2253933046055591,-0.008814077400122671,-0.037252273113983506,-0.5706215386023104,-0.3104433470298481,63.454855709999784
2,0.7666895203557281,0.9716369866495045,-0.9104802866259474,0.2675232104321264,0.2853854929676447,0.252545736943675,0.24105439966598308,0.21391865569896062,0.3210494695450052,63.454855709999784
