,MAE,RMSE,NSE,alpha,beta,HFV,HFV10,LFV,FDC,r2,training_time_minutes
1,0.2577397713917443,0.3970591500241532,0.7682657099368828,0.9383336497511626,0.894893408560909,0.8941056555719811,0.8745609612155277,0.7088585256023042,0.9532937364829982,0.6343071768369124,63.454855709999784
2,0.45022031448983507,0.6620220497978427,0.3557939578651571,0.6982419357383925,0.9250510144743574,0.6652924552331732,0.6718550769983176,0.8952383215139893,1.2232925912723736,0.7940570313200979,63.454855709999784
