,MAE,RMSE,NSE,alpha,beta,HFV,HFV10,LFV,FDC,training_time_minutes
1,1.6734152677491516,3.3808253390313086,0.06969207868416094,0.7364547761507876,1.0155488403810697,0.7047658264376382,0.9001221861094277,1.8315475942122352,1.0743751894705282,22.737554036666793
2,8.604735784498928,9.22656969922485,-5.928859947903538,0.7860856763875969,-3.2919227715581503,0.16754030530363218,-0.06047741600688135,-54.68981386853647,-8.062095317558251,22.737554036666793
