,MAE,RMSE,NSE,alpha,beta,HFV,HFV10,LFV,FDC,r2,training_time_minutes
1,0.29234118304509704,0.3356203092376521,0.7377348587254373,0.8075378202690073,1.273928268136876,-6.082038882191326,-5.236818833017418,-3.255830124792357,-78.83941524994184,0.25332361389162605,21.680525320000015
2,0.2961280240587526,0.346788122729711,0.7199906498557114,0.7968193780398397,1.2863746828466742,-5.136465937125896,-7.513016864428556,-4.997413317693938,-72.55154632535532,0.32004186097155407,21.680525320000015
