,MAE,RMSE,NSE,alpha,beta,HFV,HFV10,LFV,FDC,training_time_minutes
1,0.10449851307288252,0.11291462641272333,0.5543124400025319,1.121890337642402,0.4441193814360585,1.1860089619385825,0.9242398778212769,-9.167065342247223e-14,8.83082099613134e-11,67.08829531000005
2,0.08928950265688954,0.09621005963252402,0.6764278936955002,1.0423015014041177,0.4950661160869621,1.0477938544494199,0.8890405459149405,3.628071598368012e-06,0.00789527121494572,67.08829531000005
