,MAE,RMSE,NSE,alpha,beta,HFV,HFV10,LFV,FDC,r2,training_time_minutes
1,0.1648632316651254,0.19138728754486775,0.7203598172644067,1.2460430537148064,0.6568225527906026,11.741403049376533,19.23393644492664,-7.732814441223634,,0.5451845750589822,67.08829531000005
2,0.10967793244128284,0.12030716112941861,0.8895015056641482,1.11805562508889,0.7321647037112875,0.5362436868927336,4.003682222840531,-4.440710580707668,409.7174622118921,0.8031323452578243,67.08829531000005
