,MAE,RMSE,NSE,alpha,beta,HFV,HFV10,LFV,FDC,training_time_minutes
1,1.3525250322248874,2.29387751340066,-0.07017819286759286,1.1553474940884418,1.2792113458110588,1.1007350259688866,1.1735869315558851,1.0197346739154534,1.5017446002290653,23.794592520000393
2,1.7741696925541888,2.3185683493522498,-0.0933405484591221,0.8916177959469846,1.7273292900183908,0.8309954654087323,1.0412426993034274,3.133361726535015,2.8252033676921746,23.794592520000393
