,MAE,RMSE,NSE,alpha,beta,HFV,HFV10,LFV,FDC,r2,training_time_minutes
1,1.2941628026614145,2.0326871668661917,0.2932353190341822,0.9841271743432147,1.1277244540489793,1.042121406996545,-1.0556871080758263,5.911814934158354,3.993860104711677,0.33587772008401795,23.794592520000393
2,1.728977000404183,2.2441056402728115,0.13856930566301529,0.8116533164331902,1.559313557921091,-22.02451448529075,-7.301365460089177,18.747144979228704,-75.31977902069679,0.48626149662756724,23.794592520000393
