,MAE,RMSE,NSE,alpha,beta,HFV,HFV10,LFV,FDC
1,0.031113563717996135,0.06203229282305522,0.8080609184568746,0.8488739037171422,0.6071497813429131,1.0314203735271423,0.8169651207203412,-3.1591945484371987e-10,-5.769685257830738e-15
2,0.0626607271964004,0.07503992637630909,0.7191253505813164,0.7472176016682219,1.209228556556738,0.9531658928784942,0.8223085005964115,1939.8297548370176,173.1405657779245
