,MAE,RMSE,NSE,alpha,beta,HFV,HFV10,LFV,FDC,training_time_minutes
1,0.1768606503335522,0.22246174945671385,0.6808595102585127,1.2264965189089616,0.5878578412208763,1.342537310148154,1.0817458483286995,-2.5220269706245245e-05,1.7006564072885472e-13,17.374606496666093
2,0.09783145165896681,0.15475351944159313,0.8455626716761833,1.2520244613662574,0.906148596548229,1.3580273637959077,1.1742443984528046,0.1398666378614172,0.6092464948647686,17.374606496666093
