,MAE,RMSE,NSE,alpha,beta,HFV,HFV10,LFV,FDC,r2,training_time_minutes
1,0.3050914577089405,0.38505797316882334,0.8620303548290077,1.1110206555239661,0.7558210222059457,-1.6843116954104913,17.959614165666988,-2.6691243283895685,,0.6252828710038725,17.374606496666093
2,0.19586249539584155,0.29850835186996727,0.91708286654018,1.0934166485786705,1.1640800116277,-3.5383685409380923,17.167268029430428,21.48101493084608,57.680545744298875,0.8283141769965405,17.374606496666093
