,MAE,RMSE,NSE,alpha,beta,HFV,HFV10,LFV,FDC,training_time_minutes
1,0.10619260822214292,0.2503879848461364,0.4922147368984947,0.6106719787395054,0.853970748904818,0.5484902055513248,0.5976323837825889,0.04223184513077559,15.871026672053185,8.31087111166659
2,0.1621023391586978,0.354383605066335,-0.017185981950591733,0.07206976002959217,0.29283967269039685,0.11574393081297553,0.09116503922668173,42.54294308562122,62.03262669626461,8.31087111166659
