,MAE,RMSE,NSE,alpha,beta,HFV,HFV10,LFV,FDC,r2,training_time_minutes
1,0.21550668937651304,0.3395478483306557,0.48868273991837274,0.9510414794162718,1.3484461536118626,-1.8559166648672272,-9.719988209421567,12.98385073730874,87.98571838949205,0.21239617440041303,8.31087111166659
2,0.26394510827830986,0.4869122396933277,-0.051453015766834254,0.1271290272482078,0.45148781017761036,-76.4839350101524,-83.14813781943174,-79.00334833830759,-55.6612373954207,0.28828661288096147,8.31087111166659
