,MAE,RMSE,NSE,alpha,beta,HFV,HFV10,LFV,FDC,training_time_minutes
1,2.1801424582171993,3.3030087842303635,-1.4361884978975819,1.2209977509710144,0.6041205733243769,0.5420201028032551,0.8156915992630854,-0.29980781572374265,0.47751592354165506,235.12533000166684
2,1.263114504086752,1.7902081065869202,0.2843536347339034,0.8867074785258238,1.216903220804616,0.7100540257767398,1.0131339386563845,1.1023498152215674,1.2678881568545408,235.12533000166684
