,MAE,RMSE,NSE,alpha,beta,HFV,HFV10,LFV,FDC,training_time_minutes
1,186.50054065291815,214.60521301076673,-3578.3585872258736,29.595916662840608,-148.18435067261774,-0.21216365922360036,-2.5164270743462147,-9921.848851870265,-745.421094119206,9.364633651666615
2,47.23776882522838,54.820523033180734,-232.56675337521764,7.7718182896208585,38.68289660635873,5.170300948002988,11.80687597137556,519.7032931994135,168.11918969426628,9.364633651666615
