,MAE,RMSE,NSE,alpha,beta,HFV,HFV10,LFV,FDC,r2,training_time_minutes
1,163.18849913626104,189.1470144668591,-3636.788986080113,30.455692957702624,-137.33652705250714,-114.58597207850653,-333.0546634572929,-1666.049145780669,,0.22464506167948128,9.364633651666615
2,41.249145366384475,48.2356690607399,-235.57842492578365,8.022356960518664,35.8774728827854,380.0338478664641,1050.3146355295212,2134.332658599512,-57.32448786495256,0.3806136731794961,9.364633651666615
