,MAE,RMSE,NSE,alpha,beta,HFV,HFV10,LFV,FDC,training_time_minutes
1,1.3320941671854925,3.584439168557567,0.08608032242272101,0.6759014722894694,0.6496506823730609,0.7302975894044526,0.7830125791046852,0.2998053638164175,0.4388862768299535,23.15568818000029
2,215.5252695789393,216.68928429721467,-3338.9538790964143,5.900969256113095,111.668537168511,11.343137223485911,28.006430357241793,445.95049569431353,195.8828127125521,23.15568818000029
