,MAE,RMSE,NSE,alpha,beta,HFV,HFV10,LFV,FDC,r2,training_time_minutes
1,1.127902652473095,3.255930917945622,-0.1908566553999409,1.0027299078008456,0.7770927602727317,23.313242112504135,8.812782805541858,-5.864497354821849,92.41954628380422,0.48896259973569134,23.15568818000029
2,203.0497742001434,210.48535401604312,-4975.830948065498,18.648201562986614,137.78218975109004,1643.9933735071877,4007.593098888021,7104.74250885182,-176.82449656359063,0.5732904225937347,23.15568818000029
