,MAE,RMSE,NSE,alpha,beta,HFV,HFV10,LFV,FDC,r2,training_time_minutes
1,,,,,,,,,,0.28251999199286426,8.432876138332842
2,,,,,,,,,,0.6441400263761997,8.432876138332842
