,MAE,RMSE,NSE,alpha,beta,HFV,HFV10,LFV,FDC,training_time_minutes
1,0.07975037235893999,0.09858813026915397,0.5568969918678663,1.283993291944879,0.6792723002152041,1.272357267072168,1.1949463518593952,0.002812285059285292,0.04490613593789505,12.249747508333531
2,0.1149166892176594,0.1683711169233006,-0.29238117562598953,1.8766352572107234,0.9436378414993164,1.7160889570412188,1.7784868995840726,-0.00011419090202948353,0.006915650386946619,12.249747508333531
