,MAE,RMSE,NSE,alpha,beta,HFV,HFV10,LFV,FDC,r2,training_time_minutes
1,0.08868132144485441,0.11298733323393252,0.8150735367279642,1.1289733707845286,0.8290402131651377,-7.973197190686811,3.996998352266728,4.473815726196244,168.82835594439487,0.30330903554719846,12.249747508333531
2,0.1560324853432623,0.2062027033434552,0.3840743984650331,1.2097351430080654,1.0149489503486988,-28.358582869402774,-3.1390812413976517,21.855653423416335,374.0961556822649,0.38529247962965085,12.249747508333531
