,MAE,RMSE,NSE,alpha,beta,HFV,HFV10,LFV,FDC
1,0.016374876230752792,0.031863379316171614,0.9497154478021806,1.0280783831822924,0.8726175438337147,1.116128640182975,1.0054552992315628,-6.242400715074259e-10,3.2691306581915994e-11
2,0.012668154686025591,0.024729758165590594,0.9697106008428645,1.04436101253513,0.9241292968389989,1.1035988636132636,1.0319180377430324,-7.092167951761317e-10,1.2714739209363151e-09
