,MAE,RMSE,NSE,alpha,beta,HFV,HFV10,LFV,FDC
1,0.1920437223926218,0.2926191630197338,0.26742709926617303,0.6954372924600736,0.4318245000509585,0.9025973702610685,0.8029370518685043,0.07149826596093078,0.03133168061240068
2,0.298570374534915,0.391186682253639,-0.3092224499952936,0.11616149643668652,0.363203132419226,0.261370678102128,0.18998673295730148,912.2971318696649,0.6364476068787613
