,MAE,RMSE,NSE,alpha,beta,HFV,HFV10,LFV,FDC,training_time_minutes
1,1.1866966818946139,1.9570919000576035,0.22099886954710268,0.9831983270613283,1.059824886596402,0.8975908250920506,1.035501171208834,0.641370127060218,1.0643095461895216,15.28330723333347
2,389.2861575476942,399.64897074217515,-32483.265136785147,41.20058603754765,241.2542097426852,32.75428747915179,63.06182082665011,1064.5593559381884,482.0727995122168,15.28330723333347
