,MAE,RMSE,NSE,alpha,beta,HFV,HFV10,LFV,FDC,training_time_minutes
1,0.8334482306962542,1.8337989040983864,0.08882932992052428,0.6366975974781062,0.8068924585626228,0.6288336324520711,0.7890149971381588,0.5979974511627766,0.8727042202255942,29.686984751666508
2,0.8162250869132789,1.8156665723403644,0.10675928618092423,0.6200260162104873,0.8158517295539768,0.6180035424217765,0.7712005398592404,0.806280672386051,0.9466114023470044,29.686984751666508
