,MAE,RMSE,NSE,alpha,beta,HFV,HFV10,LFV,FDC,r2,training_time_minutes
1,0.7936419309816963,1.5574184685351118,-0.21394459603425475,1.0256767799654702,1.014138316364891,4.038678365780733,10.73314666783011,6.174961755958676,14.421287403725568,0.33226215159874073,29.686984751666508
2,0.7572619844504925,1.4807567980657634,-0.0973766007757515,0.9595462031770775,1.00418832280601,-2.4295962048110202,4.328138774898453,2.601247892249729,3.642535779336561,0.33526990598657036,29.686984751666508
