,MAE,RMSE,NSE,alpha,beta,HFV,HFV10,LFV,FDC,training_time_minutes
1,1.1811098868520888,2.248921789342285,0.18971674894944002,0.9134873240859775,0.9825583984157125,1.0161327152706143,0.9879917671247769,1.7809798069857183,1.0864646762251269,22.019495896667163
2,1.1857848580974681,2.2320945718649297,0.2017970287848383,0.8904825390981741,1.00513648266296,0.9933758789493623,0.9711885224692977,1.8160833470887927,1.1804739060329164,22.019495896667163
