,MAE,RMSE,NSE,alpha,beta,HFV,HFV10,LFV,FDC,r2,training_time_minutes
1,1.395257361187286,2.846171072327476,0.030077774289040238,1.003811372229713,1.0086868272633511,2.810652483494987,5.040902198398484,2.201075989504856,-10.43305061115285,0.382560073432727,22.019495896667163
2,1.4008729673337303,2.86881039418631,0.014586285722598902,0.9947400176966196,1.0240498577305157,2.931656198271121,3.329335219136984,2.099135284131394,-11.000308084827875,0.38034979652972634,22.019495896667163
