,MAE,RMSE,NSE,alpha,beta,HFV,HFV10,LFV,FDC,training_time_minutes
1,0.2874304457609391,0.4382885184561888,0.36927771451544444,0.5248382014737761,1.1875337967789497,0.43459806334411494,0.5808592695271407,1.7733367806451021,2.333569065339634,6.814765991666354
2,2.761859771873589,3.2843430529275737,-34.41726452652686,2.933369444649105,-6.321608678220215,0.14189408983325746,0.00563046717458566,-50.90039806021465,-16.017450900718188,6.814765991666354
