,MAE,RMSE,NSE,alpha,beta,HFV,HFV10,LFV,FDC,training_time_minutes
1,0.6396988243461281,1.1217335894416527,0.2613818204421864,0.5471140274500739,0.9375660653432356,0.5330607059414949,0.6642887685067643,1.2532844708446034,1.2005543659791982,15.070360136666569
2,0.663829796303866,1.0643801208460775,0.33498100106483675,0.4462335117291021,1.1776713844496984,0.517824626453309,0.6647901977677576,2.3331321758095624,1.638660185291324,15.070360136666569
