,MAE,RMSE,NSE,alpha,beta,HFV,HFV10,LFV,FDC,r2,training_time_minutes
1,0.5244571305287326,0.7568270185601901,0.14170138560955103,0.8398909853545843,1.1979588381617943,-27.946606808454113,-4.306181904333933,10.511162642295746,-12.933732639491783,0.36243726493627737,15.070360136666569
2,0.6085574607730723,0.8033664361307218,0.03289746343061817,0.6970248423533989,1.4935084651423738,-28.722627349762792,-2.26332896612945,17.42487815712032,-59.948280328804515,0.4748565801983836,15.070360136666569
