,MAE,RMSE,NSE,alpha,beta,HFV,HFV10,LFV,FDC,training_time_minutes
1,0.3943177185231839,0.7129273801180748,0.6599126796843133,0.6899905306787633,1.044283703175732,0.5670585657288679,0.7269689877295268,0.49017185722644196,1.8685563661620113,11.260145274999863
2,2.283956371434001,2.709011716717806,-3.910453678212658,1.1575292769276262,-2.5088945322352907,0.37121125204414196,0.26393098620946576,-37.06174099925583,-11.377201734591981,11.260145274999863
