,MAE,RMSE,NSE,alpha,beta,HFV,HFV10,LFV,FDC,r2,training_time_minutes
1,0.33093279508753504,0.4985318878193517,0.6650500049971182,0.8357550284544203,1.2523648615500425,-28.750662877783505,-9.128667187800891,13.083819709319235,35.49639626404556,0.30299452376812397,11.260145274999863
2,1.4180640538165852,1.757477465513823,-3.162685698930381,1.2905121913959419,-2.068552972739815,-59.101804670706116,-61.86961321083366,-79.62867890174752,,0.3195186188846588,11.260145274999863
