,MAE,RMSE,NSE,alpha,beta,HFV,HFV10,LFV,FDC,training_time_minutes
1,112.19036988411133,130.4234084289835,-1786.4369815091027,21.550514825957126,-142.83053905616308,-0.017418629556025765,-1.5240711868093615,-11843.795059792887,-1030.9042636272889,21.46852156500002
2,1.8947754989288692,3.074396246979455,0.0067940094797240835,0.5475912039269661,2.7262126311169355,0.5536970061449284,1.0450951171204765,52.977934327189956,13.112933559888264,21.46852156500002
