,MAE,RMSE,NSE,alpha,beta,HFV,HFV10,LFV,FDC,r2,training_time_minutes
1,94.2640851406119,108.01693062261448,-1558.416979465423,19.20856709206578,-164.98470645334902,-108.02130265376645,-291.7963336059325,-1969.3849914043644,,0.19506150777597464,21.46852156500002
2,1.8798904710117115,2.9004001763436986,-0.12433165894523723,0.5949501591758855,3.556255162281875,-39.67623960613399,27.520011439602147,120.36679886004977,-50.284353627168734,0.32675936626067414,21.46852156500002
