,MAE,RMSE,NSE,alpha,beta,HFV,HFV10,LFV,FDC,training_time_minutes
1,0.5936657467968967,1.2278596054383386,0.2667709662259251,0.3775563718162458,0.9468509642965214,0.40330758881495216,0.5686708647217984,1.811469999752683,1.1968092070891123,12.977921994999633
2,0.5942917470232937,1.2346719011155343,0.25861233102750014,0.37366823992895,0.9157014211204249,0.3988191944818794,0.55703144988208,1.7446008675745353,1.1500431814584817,12.977921994999633
