,MAE,RMSE,NSE,alpha,beta,HFV,HFV10,LFV,FDC,training_time_minutes
1,1.4601489976957964,2.3603249658327066,0.0527043495633166,0.9847546671994176,1.2685751467750488,0.96352891754835,1.1024888771797834,2.0202368220286666,1.3759386148046893,59.57112239666667
2,1.466195695639541,2.231560139896061,0.15324234021029992,0.844618609567301,1.3069329603489799,0.7841125147569963,0.9944581176771078,2.5935075942992896,1.5713292416414713,59.57112239666667
