,MAE,RMSE,NSE,alpha,beta,HFV,HFV10,LFV,FDC,r2,training_time_minutes
1,1.3636271579063715,2.1739425196805953,0.03040819576324716,0.8978416703743616,1.0871403572534388,-10.251229150589891,-2.9937135069190335,1.864860762781847,-42.961912240552074,0.4478576443972979,59.57112239666667
2,1.3488248681742157,2.0253716370144543,0.15840669911562355,0.7609246832580061,1.0819104476352162,-28.42118003168389,-14.613278054515964,-3.9751376061190804,-60.86730406095155,0.5963968449354726,59.57112239666667
