,MAE,RMSE,NSE,alpha,beta,HFV,HFV10,LFV,FDC,training_length_days,training_time_minutes
1,0.031983580637270914,0.062415878122281464,-92.96541895627274,8.429665173656709,-0.3654446019482266,1.4699322647809707,0.9297966144268556,-2.1651427244645944,-0.01658411611766069,470,25.663496829999954
2,0.22610811707391532,0.5520338890605403,-7349.372757211721,78.97244936514682,11.009530145959612,87.04771268098014,39.12062965329521,0.5101995170088711,1.1398058356787795,470,25.663496829999954
