,MAE,RMSE,NSE,alpha,beta,HFV,HFV10,LFV,FDC,r2,training_length_days,training_time_minutes
1,0.2042733768529614,1.6091057033050629,-0.07101098516712501,0.05815064861954022,-0.1206950844559073,-99.10870094108913,-97.30376346862847,-95.2668045719482,,0.0006474223959263004,470,25.663496829999954
2,0.4476085098563521,1.2832448367984783,0.3188483262956284,0.59194115659409,2.4205671197711784,-23.610053781485533,81.90324585197335,139.17559785762657,85.03835754834073,0.08705229663354142,470,25.663496829999954
