,MAE,RMSE,NSE,alpha,beta,HFV,HFV10,LFV,FDC,training_time_minutes
1,0.035363927749320255,0.07242444386182645,0.826175886401817,1.1293617626007548,0.8086849859597665,1.351284565276833,1.0587207542213057,-0.1886869016534698,-3.511577460212627e-15,14.394248620000022
2,0.03368657175681752,0.07373095965662843,0.8198478462499746,1.1835102572694507,0.8840946863707144,1.4061866479498302,1.1160313606964518,-0.008027918905090638,-4.684060018582622e-15,14.394248620000022
