,MAE,RMSE,NSE,alpha,beta,HFV,HFV10,LFV,FDC,r2,training_time_minutes
1,0.07885986687982759,0.16944351773079722,0.8773659766865722,0.9974807855395069,0.9067958243499936,-3.499664428475919,15.216024888077412,-2.127213899075095,,0.35278077988114187,14.394248620000022
2,0.07767916274468298,0.1773562458401198,0.8656449381346206,1.0353329957035005,0.9913550469655482,-0.765124917975387,22.202778878656282,5.299131998244636,,0.5039972713446625,14.394248620000022
