,MAE,RMSE,NSE,alpha,beta,HFV,HFV10,LFV,FDC,r2,training_time_minutes
1,201.16233695146084,233.9943266053995,-3721.369824587479,31.093334601592147,-234.39748213042233,-107.23508244194403,-357.24845911110816,-2529.528899380056,,0.22216066452704653,28.32630095500014
2,62.001952798241334,72.0306292673476,-351.73071704046134,9.606261592434102,73.54268275332103,557.9506157182227,1681.427875479635,4050.753152461111,-59.5055793866232,0.3863436070247721,28.32630095500014
