,MAE,RMSE,NSE,alpha,beta,HFV,HFV10,LFV,FDC
1,0.1494413899474328,0.32771969157726366,0.7078001275851338,0.6629553702889672,0.6635419789349559,0.8165793144032423,0.7663565511099023,0.07548469753632307,5.885834944944383
2,0.15003305840761036,0.3285211209965754,0.706369246759351,0.660884156234432,0.6621514446481873,0.8142112836520401,0.7638947531109007,0.07905871714644011,5.973724785269084
