,MAE,RMSE,NSE,alpha,beta,HFV,HFV10,LFV,FDC,training_time_minutes
1,0.21699481409142526,0.23002365684929094,0.2727050034004269,1.2347431079293145,0.5695568642647802,0.8650212383916763,0.975857787991422,0.0009634311384890143,0.08585217916461843,21.92001962000001
2,0.2190222188787747,0.23649909852221773,0.23118017745033181,1.0775039864157157,0.5115729616647987,0.7413567211516893,0.8437287326064029,0.0015096735579469107,0.09496126316822137,21.92001962000001
