,MAE,RMSE,NSE,alpha,beta,HFV,HFV10,LFV,FDC,r2,training_time_minutes
1,0.19686529725284754,0.21609930852105297,0.8912696318288834,1.1430368922159047,0.9044811402132189,0.5942329418252265,-1.1414192082441679,7.09086033527495,318.4812470071866,0.2941369608996598,21.92001962000001
2,0.19150555492617552,0.21026176206799946,0.8970646125802239,1.1532739728153947,0.9118404271522191,2.2666395199558447,0.39064490235379684,7.627220403726241,293.03926430047846,0.31539977762388804,21.92001962000001
