,MAE,RMSE,NSE,alpha,beta,HFV,HFV10,LFV,FDC,training_time_minutes
1,1.874095111778859,3.55439973739647,-0.3774719929895345,1.1634915189605974,1.203167207022851,1.1124952125854437,1.2120116136630257,1.0226348575212212,1.0935757427242356,18.521008671666397
2,1.764714854322325,3.4178179922962393,-0.2736441481512346,1.1412321259533598,1.1519174687455325,1.076216245328472,1.1813017133335635,0.3948346029299427,1.0704691035007985,18.521008671666397
