,MAE,RMSE,NSE,alpha,beta,HFV,HFV10,LFV,FDC,r2,training_time_minutes
1,1.7141624481794613,3.9204113483931624,-0.0406610692545013,0.9696636209702294,1.022794770368512,5.683516638607766,1.012270164065504,3.642059404749284,34.4182383711291,0.3690614097770526,18.521008671666397
2,1.6378244465459737,3.804701506703482,0.019862030784085882,0.9538122631282606,1.018678781076056,3.4264317795238974,-0.24402719295509231,3.1238739204177164,36.70535454642377,0.37288810480287715,18.521008671666397
