,MAE,RMSE,NSE,alpha,beta,HFV,HFV10,LFV,FDC,training_time_minutes
1,132.02710857871506,132.6209304553335,-1344.9443408355594,3.399488091240836,101.8191098079454,6.968188660637732,16.560205900529237,3130.093545388435,501.65208974412235,10.053652618333581
2,,,,,,,,,,10.053652618333581
