,MAE,RMSE,NSE,alpha,beta,HFV,HFV10,LFV,FDC
1,2.204815970247704,3.174178911671889,-0.09853284181306043,0.7735478798928197,1.6438430735714573,0.7578794313335738,0.9908737278537807,5.47180370907404,2.585655396711667
2,3.844799479605099,4.460950734277044,-1.169727009193767,0.7680162752839109,2.64627485270143,0.8541831464283156,1.2036202732971768,12.833233950232062,4.672388060060346
