,MAE,RMSE,NSE,alpha,beta,HFV,HFV10,LFV,FDC,training_time_minutes
1,1.1060061991087151,2.0706463417165897,0.1683949932112594,0.9469406448393664,0.934379557012208,0.9082926189195281,0.9737464223692441,0.7201555828726348,0.8519187825527287,21.160829634999995
2,1.1333385320982767,2.159775899068455,0.0952624455412211,0.984369872939293,0.9299897461283583,0.9576602195109937,0.994507295313287,0.4653357630130361,0.7996039992899505,21.160829634999995
