,MAE,RMSE,NSE,alpha,beta,HFV,HFV10,LFV,FDC,r2,training_time_minutes
1,1.1310472265135083,2.0212356435231285,0.118975979873293,0.9425617503568008,0.9460135255122739,-10.852467370515015,-1.433016409783527,-1.8194705827596447,12.054138213765295,0.32939220422047766,21.160829634999995
2,1.1495135400426906,2.044925696290348,0.09820272796502283,0.9507602625760276,0.9300170986824283,-9.886486780564091,-1.3519809426553195,-1.8982386310352943,35.36069964847359,0.3274890033408763,21.160829634999995
