,MAE,RMSE,NSE,alpha,beta,HFV,HFV10,LFV,FDC,training_time_minutes
1,0.17732145092146656,0.24929095636143825,0.21631184818838856,1.0424957247096516,0.45973479556888014,1.0098164739091575,0.868099513286484,-4.400544230042688e-14,7.543674879603716e-10,10.188326508332587
2,0.17019259009263152,0.2428157951470013,0.2564946432716887,1.0286324816752945,0.4872312500640318,0.9690271754985488,0.8799100679592653,-2.0463393347443873e-06,4.286835218190316e-06,10.188326508332587
