,MAE,RMSE,NSE,alpha,beta,HFV,HFV10,LFV,FDC,r2,training_time_minutes
1,0.17754358869559142,0.22410487456479092,0.868568801200495,1.126797047897337,0.7927604395952411,-4.0847424122394225,16.1025100343247,2.190820146554063,,0.23259885012047854,10.188326508332587
2,0.1607530842948634,0.20946046800786725,0.8851846372922603,1.1084195427683796,0.8401686784308517,-5.943218836867359,13.299669507825207,6.197240361093017,1234.0646763968261,0.3004403613835671,10.188326508332587
