,MAE,RMSE,NSE,alpha,beta,HFV,HFV10,LFV,FDC,training_length_days,training_time_minutes
1,0.07421622544373843,0.14752808620263047,0.6811539337336459,0.9486264045927456,0.7656751646707688,0.9223548925659594,1.024518188198906,0.023473676075926327,0.03680402437074602,447,54.06924541499999
2,0.11845111485571862,0.25068413316940436,0.07936954146609376,1.0489724131675993,1.058297087037352,0.8513218641523346,1.1549457138199928,-0.5508358772029822,0.5078525936407364,447,54.06924541499999
