,MAE,RMSE,NSE,alpha,beta,HFV,HFV10,LFV,FDC,r2,training_length_days,training_time_minutes
1,0.1155538385549947,0.2040367997743905,0.49979541122199245,1.0439340155300223,0.651097823811372,-1.160650056102092,7.169637166066439,-7.678541292487787,260.3940048200308,0.2818595178750015,447,54.06924541499999
2,0.13980733045282673,0.31256208094104904,-0.17382470150266882,1.1280684274991517,0.7778464741506851,-17.730825774319083,7.018551143048997,14.636317608388596,98.41736561826663,0.35938054343896153,447,54.06924541499999
