,MAE,RMSE,NSE,alpha,beta,HFV,HFV10,LFV,FDC,training_time_minutes
1,0.040028002073665976,0.08167818492479635,0.5696187280580468,1.0226279693550342,0.9359128440339254,0.987253596225923,1.0370165327249847,-0.07326916225811385,0.08539031713203153,23.051494041666835
2,0.033876762638607234,0.07345532960387062,0.6519129775472421,1.1390982390617117,1.1073684718505563,1.0696607766251924,1.1731080339126547,-0.05180844116051976,0.15302692309032762,23.051494041666835
