,MAE,RMSE,NSE,alpha,beta,HFV,HFV10,LFV,FDC,r2,training_time_minutes
1,0.05988317789552017,0.11576801605633838,0.9518352633106478,0.9752752855085156,1.0337092139655075,-1.650208637950034,-0.9455183289452043,2.383233220590747,121.42713797878905,0.36389116301877,23.051494041666835
2,0.05183174847362196,0.10553196752934013,0.9599760378445794,0.996630402409898,1.111691344469669,0.6517650637419732,1.6295154085134325,8.768354585265797,106.24561637110777,0.5779702550435359,23.051494041666835
