,MAE,RMSE,NSE,alpha,beta,HFV,HFV10,LFV,FDC,training_time_minutes
1,0.014125862669569462,0.02627697766944026,0.9495661624444802,0.9710094639827669,0.8341774872532646,1.0572073501902344,0.9489645911503685,-9.141267194273553e-12,9.660751757063814e-07,85.08761787500019
2,0.301322525905395,0.3340312751767215,-7.149771911268955,0.8963761021596507,5.778524055931075,1.0054718527956694,1.1990570403788876,307.5047226095379,301.38762504232994,85.08761787500019
