,MAE,RMSE,NSE,alpha,beta,HFV,HFV10,LFV,FDC,r2,training_time_minutes
1,0.02280662951970574,0.037065074707286774,0.9720030617971167,1.008963248856904,0.9159019190929776,-1.0260237987239957,4.462142859025391,-4.854206839971452,,0.7917726986265479,85.08761787500019
2,0.2697122492783365,0.3021507595033237,-0.8604935107440292,0.651649282648529,2.902137907913896,-2.8312984096907505,1.7896671411127476,25.7607646754561,-75.07396105338795,0.8481417338517407,85.08761787500019
