,MAE,RMSE,NSE,alpha,beta,HFV,HFV10,LFV,FDC,training_time_minutes
1,0.04182577754255745,0.24291681464871956,0.062092820110997815,0.14374433418015686,0.3276354772712621,0.1631942295184269,0.3114245385629895,-0.7836334796138731,0.04593392727921634,19.796400516666594
2,0.3010096725582331,0.7619488510759812,-8.227761097804217,2.7485639750335995,6.45742030121213,1.875655720964555,6.571274190730563,-1.1676791302104046,2.6277896886186265,19.796400516666594
