,MAE,RMSE,NSE,alpha,beta,HFV,HFV10,LFV,FDC,r2,training_time_minutes
1,0.02350683457209996,0.10495076722018042,0.06137771709239692,0.24014911010602868,0.4463887077145357,-77.36820808442637,-54.350187711607425,-45.32921571259937,,0.04766577953219364,19.796400516666594
2,0.03153468595011943,0.10744427064356415,0.016246820690826946,0.2819689863698643,0.8002274123459694,-75.03336256357355,-58.64511367642004,-31.725619870099077,7.049489731109432,0.08425114850940707,19.796400516666594
