,MAE,RMSE,NSE,alpha,beta,HFV,HFV10,LFV,FDC,training_time_minutes
1,24.930777126423234,29.42914420988596,-163.79329405081327,7.0399748782631795,12.48853955767394,4.679958165228084,7.612226710928934,17.722560069259703,16.23310891031002,16.138339534999492
2,14.614141296627944,17.281930402171298,-55.82883751867443,4.268202872212119,7.700647291472585,2.9593478943906,4.685006324876999,11.3448251844803,10.003935161454638,16.138339534999492
