,MAE,RMSE,NSE,alpha,beta,HFV,HFV10,LFV,FDC,r2,training_time_minutes
1,22.416752448318725,25.927888342112098,-177.8428282360441,6.745723453079592,13.456443616704052,348.9132705712042,642.0522872480848,961.8004562157423,-24.315002487976294,0.27452050963305763,16.138339534999492
2,13.516552186478272,15.595858459887067,-63.70767624765156,4.059263547465856,8.492017845421035,187.35309445303233,361.0639042345681,558.0806665625801,-43.17727313032256,0.27582339521759125,16.138339534999492
