,MAE,RMSE,NSE,alpha,beta,HFV,HFV10,LFV,FDC,training_time_minutes
1,0.04231528161633537,0.10667413175666163,0.4537105322895876,0.6041280873824655,0.48605959134314103,0.7145032417153615,0.5799610962517806,-0.04850443643718992,8.707960430941586e-08,9.782797745000183
2,0.5736381677002186,0.5888845178324305,-15.648107334866097,1.24340236447924,-6.8427847960611095,-0.030625466415408517,-0.13032571569274162,-2069.485637696393,-556.9797180343953,9.782797745000183
