,MAE,RMSE,NSE,alpha,beta,HFV,HFV10,LFV,FDC,training_time_minutes
1,1.5504914809043555,1.863159639127852,-11.408148836545072,2.0190057339991503,-7.068749636475451,0.30824655558124314,0.24400029671481088,-265.3183196878752,-88.13844632004857,10.246596958333006
2,0.35724395218364413,0.48788916409056604,0.1491574429152389,0.8019217986207731,-0.5132842922166643,0.5444717242123125,0.6531781984187981,-46.11106701067903,-12.97823830678856,10.246596958333006
