,MAE,RMSE,NSE,alpha,beta,HFV,HFV10,LFV,FDC,r2,training_time_minutes
1,1.4065956990461996,1.6915104919737969,-5.30185020167877,1.274830464242231,-7.983830475284052,-83.11662825015402,-90.01672234928421,-163.38941043000142,,0.14661504797445124,10.246596958333006
2,0.3693009414943486,0.5778691372509337,0.2645084553363065,0.5958303846365247,-0.9177343359250801,-59.539210653197756,-30.91506779419585,-43.97157901809139,,0.15033368532583402,10.246596958333006
