,MAE,RMSE,NSE,alpha,beta,HFV,HFV10,LFV,FDC,training_time_minutes
1,0.027453353524241973,0.056291094805200996,0.788094210815546,0.774506668009079,0.5419511629742328,0.9456959264044161,0.7153808031618404,-0.007479019360077219,-2.6560656221701376e-15,20.18944601833258
2,,,,,,,,,,20.18944601833258
