,MAE,RMSE,NSE,alpha,beta,HFV,HFV10,LFV,FDC,training_time_minutes
1,0.036949709933526406,0.12023183196091092,0.522227378369047,0.67384936518902,0.5652364760352999,0.7273068229228685,0.6132210607530024,-1.5455078209389256e-11,-2.040133304647853e-15,48.28866117833338
2,0.03380279308078756,0.11727463835240817,0.5454407131415668,0.7216572531147956,0.6444978694946597,0.7615711016589245,0.66973826825583,-2.2946767949066002e-11,-3.901819864379351e-15,48.28866117833338
