,MAE,RMSE,NSE,alpha,beta,HFV,HFV10,LFV,FDC,r2,training_time_minutes
1,0.057447473280128704,0.14399476658730798,0.9409250937112417,1.065621220584603,0.915372659955987,3.944408824830845,7.465931642535675,-5.365926593038262,,0.4762506540344362,48.28866117833338
2,0.04214492381405071,0.11532212532980544,0.9621091018038749,1.0358160620931265,0.934558669159682,3.090222412730314,4.387048529264935,-4.384579469580352,,0.65792339660699,48.28866117833338
