,MAE,RMSE,NSE,alpha,beta,HFV,HFV10,LFV,FDC,training_length_days,training_time_minutes
1,0.3598429097140876,0.5746117538752145,-0.004252356342239194,1.6691495638183882,0.9747596534278993,1.56117427914289,1.5366507285351454,0.18154293683944298,0.38925462717306514,468,49.25167284333341
2,4.936122322236193,5.925608345813854,-105.7971677213678,5.773856624874446,-7.001661667915882,0.3702184449451901,0.20833054295706807,-24.72746407151504,-20.917276082688783,468,49.25167284333341
