,MAE,RMSE,NSE,alpha,beta,HFV,HFV10,LFV,FDC,training_time_minutes
1,0.017389322063387898,0.037814775816864446,0.8876934375985033,0.9037363747014334,0.7701153836630263,1.0262910289063651,0.8822453948485424,-5.4467865570423714e-11,8.555336564781216e-07,13.289540391666621
2,,,,,,,,,,13.289540391666621
