,MAE,RMSE,NSE,alpha,beta,HFV,HFV10,LFV,FDC,r2,training_time_minutes
1,0.038003940797399736,0.06108766184012169,0.9223144866451756,1.0217761890905905,0.8717794717445931,-2.318384629722523,6.821300462512849,-7.598444312570483,,0.8356828533097888,13.289540391666621
2,0.14905523140811158,0.17336952094524333,0.3742821663821466,0.7385776633450581,1.8580187358700688,-6.652235354050611,-8.684065717729597,-0.40968402298965073,-59.07666636257292,0.8775925885289094,13.289540391666621
