,MAE,RMSE,NSE,alpha,beta,HFV,HFV10,LFV,FDC,training_time_minutes
1,1.5098487270578234,2.3500391194674,0.248450027371092,0.9105147851307338,1.4045088678749869,0.7941070159874288,1.0470723766935808,1.4611961574949577,1.9720481321480512,29.497851160000028
2,2.042049319176291,2.6398741313931513,0.05163805112379449,0.7818814298842995,1.8887008227750566,0.7378850215292582,1.0145514031186849,5.542156695063803,3.3995567113924015,29.497851160000028
