,MAE,RMSE,NSE,alpha,beta,HFV,HFV10,LFV,FDC,training_time_minutes
1,1.2083744243882582,2.642859597920141,0.12400015259453467,0.596151782142122,1.659891707532195,0.5634458420873858,0.9354384088302891,25.66151950030166,4.9540376863532245,32.45750827666682
2,1.4018493734608672,2.7928807654055054,0.021725716802240003,0.7083761270788483,0.6283048985717831,0.5627520316115476,0.9031941803192087,-87.91318961545718,-1.6846189239504272,32.45750827666682
