,MAE,RMSE,NSE,alpha,beta,HFV,HFV10,LFV,FDC,training_time_minutes
1,1.173344323486227,1.9095898370768933,0.2555566866613901,0.8989944749615746,1.2033119039064877,0.8826123072282993,0.9840252981166938,2.3751109715244105,1.4484356063917019,15.29879803499983
2,15.304763103404945,16.18428213154038,-52.47346483972396,2.3543613618000307,9.249030612909905,2.3267185109880693,3.643118967978471,38.93756825931084,15.158998274806468,15.29879803499983
