,MAE,RMSE,NSE,alpha,beta,HFV,HFV10,LFV,FDC,r2,training_time_minutes
1,1.356564593618355,2.2820332852704204,0.21045550073588437,0.9719404032540313,1.1439219616702856,-3.003125682253673,4.510682959090928,7.690854393910234,-46.383050683767124,0.36280447171960695,15.29879803499983
2,11.277863684628645,12.376996268806423,-22.225398957594745,2.1844676261062155,6.146860969461008,78.20977975204846,184.1663461562455,312.4574511217718,-200.3377564853993,0.4437503034255881,15.29879803499983
