,MAE,RMSE,NSE,alpha,beta,HFV,HFV10,LFV,FDC
1,2.994254170313361,3.3744600836027363,-6.173360653661643,0.9803589971808641,3.273929763535941,1.1895869177554048,1.222293980620697,10.750622335784138,11.233770003612886
2,2.965683677535493,3.322002282306337,-5.952066677590397,0.9809047501387206,3.2045612254802736,1.1742779291481762,1.2046246375675422,10.249012365547774,11.07322459181645
