,MAE,RMSE,NSE,alpha,beta,HFV,HFV10,LFV,FDC,training_time_minutes
1,1.179141670481753,2.386487373968691,0.1922826322300083,0.6852091287591138,1.160724073214088,0.709426231959138,0.8120084882940316,4.6243454172172855,2.0645242640073507,23.61683988833344
2,1.7350503218257296,2.55524335341542,0.07401132789030929,0.5434282671698649,1.7399045648021088,0.5748280650569937,0.7999752225049362,13.585440396615292,3.954397764470202,23.61683988833344
