,MAE,RMSE,NSE,alpha,beta,HFV,HFV10,LFV,FDC,r2,training_time_minutes
1,1.3436697803839426,2.3977961726631203,0.02752260473985435,0.9111372863889241,1.3407062913153582,-9.886375358520056,7.128888869232021,16.729766683282605,-56.50620035457699,0.2988189295411712,23.61683988833344
2,2.0001465276711428,2.6425326693870845,-0.18112461431212568,0.7205833685172585,1.9528978859088186,-30.39866786102019,0.7426187179862442,34.58379816057931,-94.2052493702996,0.43807384505988967,23.61683988833344
