,MAE,RMSE,NSE,alpha,beta,HFV,HFV10,LFV,FDC,training_time_minutes
1,0.2453021105525126,0.325623544470819,0.29453289866734644,1.2952395043763179,0.8211439560673495,1.0588839140170505,1.102590210061191,0.04359640920040377,0.45552826463275287,40.45777903499996
2,0.22987260631132794,0.3158295158140974,0.33633243062192697,1.145788201915281,0.8262805293045096,0.9381583492603006,0.9703268471735784,0.13460287357873071,0.6126080175377336,40.45777903499996
