,MAE,RMSE,NSE,alpha,beta,HFV,HFV10,LFV,FDC,r2,training_time_minutes
1,0.41589058692840586,0.530649501887057,0.6917604364419264,1.080739372876934,1.1804047290401871,-18.40844978229925,-11.992359157425623,16.24819911096188,168.00152733268854,0.5611784288433468,40.45777903499996
2,0.44135263799347024,0.5916586386027577,0.6168090187205386,0.9567664868576427,1.1863257583326807,-33.13546057009916,-23.937923277567556,7.5462407694682305,111.79327824389559,0.6031322961281872,40.45777903499996
