,MAE,RMSE,NSE,alpha,beta,HFV,HFV10,LFV,FDC,training_time_minutes
1,0.13158419262665585,0.3926113817268596,0.3220312191511796,0.4457600158669949,0.6713764840949576,0.4387358014476937,0.38969660971324516,2.0884666416246946,4.005711773776956,18.84851881166667
2,0.19968161580313254,0.47360562761815395,0.01345333387786396,0.44751564275840217,-0.12261514232671848,0.367221505968415,0.34290064879697296,-40.15336784929062,-2.972340404978808,18.84851881166667
