,MAE,RMSE,NSE,alpha,beta,HFV,HFV10,LFV,FDC,r2,training_time_minutes
1,0.06805811371116242,0.1637782773757958,0.5861034256292412,0.9870699536487757,1.2344733744469958,4.642485081703852,-8.221870642119118,2.870459358398398,11.149750535754048,0.7822645200367361,18.84851881166667
2,0.15880139270017984,0.2960051317199348,-0.35200318536996944,1.4417204171597813,0.7096908432756567,47.205025712616965,87.95639953008576,48.611785521462394,,0.8325552291313834,18.84851881166667
