,MAE,RMSE,NSE,alpha,beta,HFV,HFV10,LFV,FDC,training_time_minutes
1,0.6116278858324554,0.9232413740175827,0.08349578535726287,0.5874358285339758,0.36204704537975907,0.4177429236055683,0.5410185498960826,3.329565297214804e-05,0.03366638739798513,12.187949168332853
2,0.5729479918611884,0.889016742561066,0.15018610251991327,0.7176897692403428,0.4328052404680887,0.5520956044620512,0.6694671569810683,6.501267371116304e-05,0.052333233464663786,12.187949168332853
