,MAE,RMSE,NSE,alpha,beta,HFV,HFV10,LFV,FDC,r2,training_time_minutes
1,0.4125009076146468,0.5100283703007689,0.8608961250789811,1.106134004920993,0.8055068072703605,-9.51185637930923,6.5929443866489486,-1.2865880078521357,748.1816462845267,0.004751382877907329,12.187949168332853
2,0.4103467612198281,0.5074705255134682,0.862287866950067,1.0916605894853124,0.796173922835845,-11.154772684151078,5.375923591334087,-2.1974469048350675,699.3226543425153,0.00732899119095165,12.187949168332853
