,MAE,RMSE,NSE,alpha,beta,HFV,HFV10,LFV,FDC,training_time_minutes
1,1.229551605219496,2.318339916791433,0.28146401379293706,0.7147265863200238,1.049613820358502,0.6930818484618694,0.8387737758688512,2.405644761409751,1.4093318203411946,18.82181013833324
2,1.426956414112658,2.449258340136054,0.1980200902197946,0.7195268678290891,1.247841451544992,0.6088524798005046,0.8564565455204334,2.484063275752081,1.7626879587119157,18.82181013833324
