,MAE,RMSE,NSE,alpha,beta,HFV,HFV10,LFV,FDC,r2,training_time_minutes
1,1.2361060684272238,2.362533506449705,-0.035487157063408103,0.9942220336390772,1.1420511312990698,6.09609600300294,0.9667727045345659,2.926738484006789,-55.411535820922225,0.41153948830361253,18.82181013833324
2,1.479655160873912,2.345500828612936,-0.020610295655895783,0.9362321669938998,1.3758064389956812,-12.408390054840996,3.0860554257569763,20.94711981808958,-26.970174043691976,0.5423860014327179,18.82181013833324
