,MAE,RMSE,NSE,alpha,beta,HFV,HFV10,LFV,FDC,training_time_minutes
1,0.1925634905628645,0.3595088966830517,-4.764461899243655,2.5756658579439717,4.861605428267216,1.585315720407685,2.913477414812775,0.16115572145418583,23.32585431103593,18.93092452166602
2,0.25645217876836796,0.4451094917695706,-7.836355901223916,3.022040625565458,6.162231002802913,1.9028174059293075,3.5330365343001,33.277579989172274,40.9569143463637,18.93092452166602
