,MAE,RMSE,NSE,alpha,beta,HFV,HFV10,LFV,FDC,r2,training_time_minutes
1,0.36597222977060223,0.5521191700856016,0.5223203425580446,1.0028152260290901,1.8507879278172434,-9.67954792931524,-5.262094925442541,40.80109356340478,18.168731690702224,0.439957910980623,18.93092452166602
2,0.5036109328288577,0.6825971855160127,0.2698701901485808,1.1683210911469324,2.3358997151297163,12.221578938487003,16.721502147489666,69.13258289859486,-32.64368325667195,0.5326383666571051,18.93092452166602
