,MAE,RMSE,NSE,alpha,beta,HFV,HFV10,LFV,FDC,training_time_minutes
1,0.12623921916659253,0.37731389977258617,-0.08868656878745673,0.1374746601565077,0.06464491436993182,0.13948151395951458,0.1284375993782271,-9.800755841966048,-2.1283528047234805e-13,40.377339259999765
2,0.30638521524396684,0.607616468459825,-1.8232954530499361,0.7707599630064884,-1.2707782727857908,0.0003207814561059247,0.0001324972327276238,-470.66155960414994,-8.607460113473419,40.377339259999765
