,MAE,RMSE,NSE,alpha,beta,HFV,HFV10,LFV,FDC,r2,training_time_minutes
1,0.18835303886963473,0.42535647179340647,0.7167858579012027,1.1058439922552412,0.86150626413325,0.9800991163472432,1.2450051645714473,-4.660136813739952,1.963497526889174e-08,0.42104416350082674,40.377339259999765
2,0.29744249995066635,0.6081645166732332,0.42103674522261614,1.1284808415265029,1.1973040785766917,0.8180421572686662,1.5106563467596696,-63.14124981714963,-0.0110467114994943,0.4784715171938059,40.377339259999765
