,MAE,RMSE,NSE,alpha,beta,HFV,HFV10,LFV,FDC,training_time_minutes
1,10.53657279780236,12.467802167231465,-182.14140710454453,7.094566158795188,-36.53548677748754,-0.002130098554616714,-0.289918391386274,-2628.747200279655,-264.15585450722585,24.890404988333223
2,8.95661108999156,10.601754528118724,-131.42263653217177,6.010286823156917,-30.90682343232227,-0.003484335009694697,-0.23983637549503992,-2225.3201620576983,-223.4260587523607,24.890404988333223
