,MAE,RMSE,NSE,alpha,beta,HFV,HFV10,LFV,FDC
1,0.20800451302110334,0.3178101387052151,0.6171208847599572,0.7368342323660422,1.1164563445248896,0.6678059539328188,0.7471573993870285,10.351850920969438,15.594558511238937
2,0.23793647896250833,0.5012337680844198,0.04762754641061806,0.19167548906436305,0.21772123433378524,0.1878902732542014,0.19295983610621723,-5.373257554611344,1.5419830383941868
