,MAE,RMSE,NSE,alpha,beta,HFV,HFV10,LFV,FDC,training_time_minutes
1,0.013505662052143451,0.018921098713144496,0.9729783120377367,1.0562364733505543,0.9861082313843591,1.0964922333197935,1.0248990780540883,1.108238223563131,0.6940379981824099,69.23263146166646
2,0.09002804101661903,0.09796949818291371,0.275561473290201,0.7324948130429273,1.9234824949502114,1.0563824955481729,1.0269446042540278,6.8153347499411865,3.251285314545175,69.23263146166646
