,MAE,RMSE,NSE,alpha,beta,HFV,HFV10,LFV,FDC,training_time_minutes
1,0.7235898448754773,0.7425419541002399,-20.76750500295888,1.1641158143055814,-2.698866264444182,-0.02397929263105626,-0.1510930149950063,-5.960193711063885,-4.665051167988637,18.777503731666364
2,0.1215362252622351,0.19175604547275849,-0.45165959613968165,0.35641315018609676,0.37955301247859163,0.29418702229268007,0.31053181802438573,0.20532891201102504,0.4129258435863548,18.777503731666364
