,MAE,RMSE,NSE,alpha,beta,HFV,HFV10,LFV,FDC,r2,training_time_minutes
1,0.07219666020334989,0.11641374064480811,0.7621388396154539,1.0041956888444108,0.9434417210316824,-1.2667460636840209,-1.5602920144743067,-4.933008270529058,-22.868942078714102,0.8298818591026914,18.777503731666364
2,0.09615928039518339,0.11189391827744714,0.7802504427115959,1.1079518376775916,0.8945694404028843,-6.276162145473515,-6.0562991030000095,9.16804345654553,78.9871388834231,0.9357877084787463,18.777503731666364
