,MAE,RMSE,NSE,alpha,beta,HFV,HFV10,LFV,FDC,training_time_minutes
1,3.568859019835231,5.16950736713798,-0.370797773429949,0.7006236432686975,3.132564337523722,0.6416301221149873,1.0807094806860293,242.08336989082147,49.455786069733655,11.288752841666671
2,5.389357115926987,6.612912196549133,-1.2431617245187625,0.7973902290209522,4.694425542983563,0.7609364445769085,1.2841407370555677,470.86759268361646,87.90578793781387,11.288752841666671
