,MAE,RMSE,NSE,alpha,beta,HFV,HFV10,LFV,FDC,r2,training_time_minutes
1,3.09513691912994,4.3727688918848395,-0.5142761002492524,0.8079233649117464,3.6602984357869026,-32.76451820671067,31.637301961876126,140.8598700229725,-61.91134774043296,0.1744345561292191,11.288752841666671
2,3.163828512689744,4.387226975824302,-0.5243062325496679,0.8230472551954466,3.309202921423599,-36.83721562351918,16.109539057490807,123.58436702940676,-51.89627893954156,0.33665165761149063,11.288752841666671
