,MAE,RMSE,NSE,alpha,beta,HFV,HFV10,LFV,FDC,training_time_minutes
1,0.04760133088094149,0.09812149030445573,0.7777348295533483,0.8019346939597057,0.5793222819637581,0.9937866664079652,0.7666258235575131,-2.6077687458817736e-11,-1.62451250246926e-15,105.516363575
2,0.06978088829838609,0.10833031725954799,0.7290786872129447,0.6355904451828986,0.7635773182200394,0.777511148867449,0.6566953157408258,29.003593431606923,34.91745719129329,105.516363575
