,MAE,RMSE,NSE,alpha,beta,HFV,HFV10,LFV,FDC,r2,training_time_minutes
1,0.09539256874673657,0.1610913820115854,0.8174879812028772,1.0603318927152503,0.7673031889913473,1.1197443666513416,1.1111756190685198,-4.2638610222849696e-05,0.16591415694037764,0.6168523010065184,105.516363575
2,0.07563923875976974,0.11462038747463275,0.9076002920117653,0.8158706731439938,1.0100274736500676,0.8594077992031288,0.8663693140593761,72.77143799616225,3.1744877803951086,0.7633440703596823,105.516363575
