,MAE,RMSE,NSE,alpha,beta,HFV,HFV10,LFV,FDC,training_time_minutes
1,14.124756707055095,14.881336382571961,-11.034051759498784,0.7633051036967394,-4.312673110731652,-0.009443998661934681,-0.47688196020684315,-31.977874426198564,-8.545825512856817,11.117786713333528
2,1.70390244116244,3.5886654391716655,0.3001677498622294,0.620447841748364,0.7547818913238464,0.5657024806373881,0.6759908587479478,0.5527582170409582,0.7501215442198113,11.117786713333528
