,MAE,RMSE,NSE,alpha,beta,HFV,HFV10,LFV,FDC,r2,training_time_minutes
1,14.352460390457857,15.433801146290339,-9.051991600805323,0.9240894670012274,-4.052000762716217,-91.01326253135029,-135.93257894294072,-221.98559274475508,,0.5159412876485943,11.117786713333528
2,1.7393250473096291,3.982437738905519,0.3307254574381775,0.6566607178681445,0.8040136179814816,-40.20396601064105,-29.8950435506539,-18.787584442639503,211.68258350649614,0.5872130689630539,11.117786713333528
