,MAE,RMSE,NSE,alpha,beta,HFV,HFV10,LFV,FDC,training_time_minutes
1,0.25185236166863656,0.298457069746921,0.43454207024859437,0.9228848612409758,0.4590096967476336,0.8313223804152271,0.8589913170536728,0.0001391301878896273,0.028372188238765954,183.8837435633332
2,0.20300104286602982,0.26097617629966446,0.5676471911290979,0.7528973338966967,0.563445946514427,0.8114818265107733,0.72585401297733,0.337678167616934,0.41771055845270116,183.8837435633332
