,MAE,RMSE,NSE,alpha,beta,HFV,HFV10,LFV,FDC,r2,training_time_minutes
1,0.3165815561845187,0.3550200977987358,0.7168413951025041,1.168255928078039,0.717802277147673,0.9361153781573034,1.0360279455911,0.002504923303677767,0.37581005112342,0.20535302252969678,183.8837435633332
2,0.14663445593545593,0.19924463582098143,0.9108139024729096,0.9662450367278184,0.8778272462615387,0.8175765903618133,0.9082733656878647,0.4279371527023239,0.9528010371431815,0.26811479419225304,183.8837435633332
