,MAE,RMSE,NSE,alpha,beta,HFV,HFV10,LFV,FDC,training_time_minutes
1,1.1299400434652949,1.9510052928296142,0.33083535260453445,0.5656113296929417,1.7636286440712237,0.6306925113054176,0.8469258600380523,40.83773116333557,4.660531232741609,31.96730012333331
2,0.8482597435483079,1.9270171813673498,0.347189295362195,0.7067347600923288,0.6687721404777064,0.6784659782855367,0.856961894128553,-16.882667772275145,-0.00344443126566036,31.96730012333331
