,MAE,RMSE,NSE,alpha,beta,HFV,HFV10,LFV,FDC,training_time_minutes
1,0.1381840110659672,0.17312703976285235,0.24770494260259568,0.8194442620271716,0.4054924442287779,0.7507562293571938,0.7452661078310242,3.1475165831479366e-05,0.017979577265950415,12.680529141666678
2,0.13702641715343206,0.1704171587475338,0.27107131228038306,0.9070548996611746,0.4072893951900617,0.9228283741655637,0.8286875107525287,-3.9120722264916806e-07,0.0016176022001799441,12.680529141666678
