,MAE,RMSE,NSE,alpha,beta,HFV,HFV10,LFV,FDC
1,0.049835913883750624,0.07246596569807863,-0.7906849322066454,0.30487213339832964,0.024253502468173403,0.16935955754441367,0.0748452132630794,-8.220526945864392e-05,-9.37564790600614e-17
2,0.057273594552371236,0.07644754419292292,-0.9928659568404155,0.3439109105295473,-0.13714196709558446,0.20151198190026803,0.24461684773945044,-0.80699960263101,-0.4132887661828304
