,MAE,RMSE,NSE,alpha,beta,HFV,HFV10,LFV,FDC,training_length_days,training_time_minutes
1,0.32178616935016796,0.8695522817528406,-0.04004936844730844,1.953137268997438e-16,0.7159097264498263,0.09276281233585958,0.22580860955948764,1.7288226347156697,1.2263295654399684,2156,358.74365822500005
2,0.32178616935016796,0.8695522817528406,-0.04004936844730844,1.953137268997438e-16,0.7159097264498263,0.09276281233585958,0.22580860955948764,1.7288226347156697,1.2263295654399684,2156,358.74365822500005
