,MAE,RMSE,NSE,alpha,beta,HFV,HFV10,LFV,FDC,r2,training_length_days,training_time_minutes
1,0.37081592292878907,0.7950041109913036,-0.03997858368951146,4.2724236269191416e-16,0.7760036735236419,-88.85012953035627,-77.70586366432308,-60.422967105066725,-69.39085224137555,-1.830201545871546e-09,2156,358.74365822500005
2,0.37081592292878907,0.7950041109913036,-0.03997858368951146,4.2724236269191416e-16,0.7760036735236419,-88.85012953035627,-77.70586366432308,-60.422967105066725,-69.39085224137555,-1.830201545871546e-09,2156,358.74365822500005
