,MAE,RMSE,NSE,alpha,beta,HFV,HFV10,LFV,FDC,training_time_minutes
1,5.597805325048854,12.143452122072228,-0.09395726726563614,1.2377339259236935,1.0168084939113706,1.131721235609571,1.240297931476314,0.2588758341090001,0.6515869873371681,12.301638908333068
2,2225.0685227962213,2373.1731474955523,-41779.61989173344,71.18844738494012,248.2691238114435,36.7562466600318,75.9450061029083,588.0041460209433,458.5045618731369,12.301638908333068
