,MAE,RMSE,NSE,alpha,beta,HFV,HFV10,LFV,FDC,r2,training_time_minutes
1,4.3741942592631045,8.686356223536183,0.3297298608508106,1.0816115529158188,0.8361380847671135,2.487528370476956,8.719929761795395,2.014243956720951,-106.46154712845929,0.5164442221116159,12.301638908333068
2,2465.216844348947,2498.489663372081,-55452.596071662396,38.25239966040497,291.10325175735846,4042.53859527124,8299.745851132635,14760.621007288832,83.56200678680742,0.6449574675983877,12.301638908333068
