,MAE,RMSE,NSE,alpha,beta,HFV,HFV10,LFV,FDC,training_time_minutes
1,0.07626639707581837,0.18875571010186887,-2.144697289934621,0.6329075662116775,-0.5017136137553642,5.2086019053133233e-14,2.9204548921488403e-14,-344.8364420595059,2.692590977829817e-15,47.74585942666672
2,0.010912922604516663,0.021816346453384667,0.9579909661932066,1.0102658904853994,0.8804670765287791,1.0247696129193318,0.9989746671774156,-0.0037675494409891994,1.2583066344263152e-07,47.74585942666672
