,MAE,RMSE,NSE,alpha,beta,HFV,HFV10,LFV,FDC,r2,training_time_minutes
1,0.1880135983146911,0.4124660380732604,-2.152340076262845,0.5990749203330362,-0.5473096981850547,-99.99870809360765,-99.99948087283903,-99.99967893927257,,0.45748609370006676,47.74585942666672
2,0.018951390997739265,0.04330716178748675,0.96524829492717,1.0001444875354124,0.9508680924573096,-2.4699194357873577,3.340227083216201,-1.369229728325454,,0.8592785546141274,47.74585942666672
