,MAE,RMSE,NSE,alpha,beta,HFV,HFV10,LFV,FDC,training_time_minutes
1,7.84596817858024,8.979153933121419,-9.707643769160981,1.5314829010326405,19.86199009200562,1.5233825470670768,4.309179085764478,1923.6546624729388,649.341049427228,9.793859951666672
2,10.974310515653785,11.663867112269036,-17.067921980317653,1.4672169740116359,27.635911020156293,1.9416557365355307,5.352400147847279,4458.661096846553,881.8272393369909,9.793859951666672
