,MAE,RMSE,NSE,alpha,beta,HFV,HFV10,LFV,FDC,r2,training_time_minutes
1,5.024219544311436,6.015560406820475,-4.825773496980692,1.3002202647416936,15.975998764539751,27.67735815483456,274.2474487911476,796.9915511058861,,0.2254970430832144,9.793859951666672
2,8.62224490663024,9.307345097099347,-12.946108668443639,1.431371813929002,27.167573681471257,71.92724813457775,433.72255299051494,1152.6871739271805,,0.2763145784736052,9.793859951666672
