,MAE,RMSE,NSE,alpha,beta,HFV,HFV10,LFV,FDC,training_time_minutes
1,0.12027065925666298,0.3837416161022956,-0.12609506896198863,0.9892815715925058,1.0268966150996381,0.9209102298956917,1.1189965218777413,-3.783232908560073e-12,3.506438868040807e-11,41.347795956666715
2,0.13552652408772528,0.39123520370005965,-0.17050455605710213,1.0501163529186588,1.2346143453725698,0.9368115990960291,1.2485826815125936,-6.00311629098878e-12,0.0012384133803156883,41.347795956666715
