,MAE,RMSE,NSE,alpha,beta,HFV,HFV10,LFV,FDC,r2,training_time_minutes
1,0.1777143725719849,0.4488996168793086,0.6845668628314934,1.0690234456349337,1.4314572935952423,0.8545025030713762,1.4443059007071624,-3.336127578907585e-12,0.5850183834601292,0.312905361105033,41.347795956666715
2,0.23983875485925743,0.5028592703838268,0.6041763241376553,1.1316047145517698,1.721036652197413,0.8974244040430156,1.5164500454181657,7.25496402843177e-07,1.6378119859601432,0.4001517346384482,41.347795956666715
