,MAE,RMSE,NSE,alpha,beta,HFV,HFV10,LFV,FDC,training_time_minutes
1,1.3990336781422879,2.248704355576188,0.26511519439702036,0.7387080944042604,1.1725094400365879,0.7092070881577881,0.8424332944242465,3.085388812012205,1.6715111550799688,24.439182000000013
2,,,,,,,,,,24.439182000000013
