,MAE,RMSE,NSE,alpha,beta,HFV,HFV10,LFV,FDC,r2,training_time_minutes
1,1.6371173992691397,2.603686755769361,0.0295250146092364,0.8625147061328212,1.2601237002476358,-10.655782728938618,-4.116534026850674,7.071904829909035,-56.01053897579285,0.327185569479465,24.439182000000013
2,,,,,,,,,,0.4997096504556461,24.439182000000013
