,MAE,RMSE,NSE,alpha,beta,HFV,HFV10,LFV,FDC,training_time_minutes
1,0.2002091820982221,0.29321742957592056,0.630755404580416,0.7376899607859407,0.9999077708553088,0.7599671497361584,0.812718014776529,1.1940683980892686,1.1264609047453351,27.674339710000034
2,0.2751997257100955,0.32973242718539103,0.5330634160939505,0.6860164150333106,1.1205048650130025,0.7625465010762115,0.8202092412723524,1.4842447751906902,1.3650549260998681,27.674339710000034
