,MAE,RMSE,NSE,alpha,beta,HFV,HFV10,LFV,FDC,training_time_minutes
1,0.021059429400255035,0.05729131174474136,0.020715728820489665,0.5566488831483618,0.29314626048180925,0.4288760217510514,0.7469800865044546,-16.549584294022086,-1.4353742970741041,15.224500634999519
2,0.01939887955180799,0.05599303645511553,0.0645958631598108,0.5516197129907275,0.4793185041649266,0.44106012996087973,0.7358212435856437,-14.241531165577834,-0.06152669168176804,15.224500634999519
