,MAE,RMSE,NSE,alpha,beta,HFV,HFV10,LFV,FDC,training_time_minutes
1,2.578547238908087,4.982399177850705,0.44961949771611953,0.8834825954597835,0.9818402355932776,0.8477351082477727,0.8861242700267592,0.7312866155667345,1.022826153537735,16.280535178332745
2,2.3777588022773606,4.865529029642342,0.4751367830811183,0.7991011749429432,0.9414030538036484,0.8269491492726438,0.8201101576093083,1.3659913668583823,1.0162442518194355,16.280535178332745
