,MAE,RMSE,NSE,alpha,beta,HFV,HFV10,LFV,FDC,r2,training_time_minutes
1,2.4688220236614935,5.245424495125795,0.44466523952667847,0.7796555318864875,0.9195923303372899,-26.724267919643466,-17.207975517521525,-7.789834494110641,-68.79805601788799,0.4713751663208452,16.280535178332745
2,2.4915081516857094,5.238458069923709,0.44613933531210137,0.6957384585572545,0.926230940908706,-29.597077580459167,-25.99478083633123,-16.710433844677144,107.82804971353559,0.48204846684195846,16.280535178332745
