,MAE,RMSE,NSE,alpha,beta,HFV,HFV10,LFV,FDC,training_time_minutes
1,1.5532525361496567,2.352628268345395,0.15872452281506189,0.7897319223557152,1.410734294012325,0.7726103987292424,0.9524063172201979,3.3957403307961607,2.0227936913149764,53.21405526166661
2,1.5003104425388742,2.3751843024202595,0.14251558334051384,0.9764597391403467,0.970879712469204,0.8125203515282756,0.96151901431545,-1.5079841182416804,1.098868348442932,53.21405526166661
