,MAE,RMSE,NSE,alpha,beta,HFV,HFV10,LFV,FDC,training_time_minutes
1,130895767.33562061,146382106.96754956,-2650412190471677.0,23046273.63187525,67742605.52573209,10477059.347627684,20154614.14956356,222552401.86536822,173579432.1165469,17.915625563333258
2,2.0868449236426043,2.8945731179887204,-0.03635007099942977,0.8145008151068046,1.6377464441153529,0.7891712523219472,1.0008943514274393,4.738272955139666,2.6300141110208943,17.915625563333258
