,MAE,RMSE,NSE,alpha,beta,HFV,HFV10,LFV,FDC,training_time_minutes
1,0.3740217788991922,0.5193618349028452,0.025287618274004164,0.47194981136400677,0.9676592420508119,0.6073293135739984,0.6041330483419889,1.5343180511806782,1.8289201793260221,39.01768420666679
2,0.4685266865595926,0.6815312642930111,-0.6784483615417038,0.19755075896273533,0.31281992244291595,0.2865753821216313,0.2310692230960019,0.3897862104815108,0.5874061060358553,39.01768420666679
