,MAE,RMSE,NSE,alpha,beta,HFV,HFV10,LFV,FDC,r2,training_time_minutes
1,0.2659563361804151,0.2904244267322702,0.7803961051747286,0.781380549575021,1.139939211548598,-3.470444092205151,-4.737878402228393,-6.083268014572268,-57.44753797160642,0.6991591790693052,39.01768420666679
2,0.20524972359164387,0.2594091552946337,0.8247958633525934,0.7335440975443763,1.0075960603400784,-20.089557113060213,-19.425791884143734,-13.945393055058272,-26.905315139036272,0.7792810732646573,39.01768420666679
