,MAE,RMSE,NSE,alpha,beta,HFV,HFV10,LFV,FDC,training_time_minutes
1,1.0625353803069049,1.648897265220421,0.11465895728797193,0.8297392847828022,1.7679917894223771,0.6842648930343858,1.0166277483044,1.823303244220297,3.6215858497466904,21.80748847666643
2,1.186457712287345,1.6373113717489336,0.12705685548951706,0.7390591109461696,1.9528757417311104,0.6722581697547717,0.9823053976130561,5.272000139025495,4.5282952878728535,21.80748847666643
