,MAE,RMSE,NSE,alpha,beta,HFV,HFV10,LFV,FDC,r2,training_time_minutes
1,1.0138714766372237,1.5567296341551236,0.14162394220131935,0.852627366915803,2.0037583507997248,-31.8230451075963,6.9366191788168585,59.35045096639225,17.659999646147,0.3234955399635494,21.80748847666643
2,1.024296742041475,1.4705934859915246,0.23398639013991684,0.7479285490270069,1.9106816441759453,-32.23998150890652,-4.009077642714282,40.14070981660205,-28.056305375502607,0.4576231398092674,21.80748847666643
