,MAE,RMSE,NSE,alpha,beta,HFV,HFV10,LFV,FDC,training_time_minutes
1,9.57566874081532,9.757967420199252,-8.976651712266646,0.43601974920725217,5.978913897100284,0.9945115159532029,1.907997532073804,27.99882913088997,10.255385631546362,13.355674421666967
2,2.419002522456822,3.2659898071941202,-0.11762403692615853,0.5810717883252877,2.0262649834965862,0.632587163160647,1.0199286396742477,6.140896744106128,3.141094226628293,13.355674421666967
