,MAE,RMSE,NSE,alpha,beta,HFV,HFV10,LFV,FDC,r2,training_time_minutes
1,1.3253250200925268,2.3848192331992784,0.14388673964361587,0.4842393695619392,0.2814133499177727,-60.00942031304054,-46.16860725626014,-45.176905884237456,,0.2946555036722318,13.355674421666967
2,2.18397614414184,2.9525856540984288,-0.31227635415355626,0.6582907442916247,2.2651793805672407,-29.84451657455112,16.546602345378684,60.99010974996679,-83.83873214391043,0.41159342454927383,13.355674421666967
