,MAE,RMSE,NSE,alpha,beta,HFV,HFV10,LFV,FDC,training_time_minutes
1,0.03653048523412963,0.11320712300618192,0.42840687612389206,0.31997785202840395,0.3547010433904828,0.2943464365649108,0.3571589259338785,-0.5156663149758506,0.0007588262456334455,14.910187663333879
2,0.03779783919591826,0.11085847493434914,0.45187793139947485,0.34008119585069096,0.3226792984810476,0.3256954535069212,0.3660589785795175,-3.00149350661727,1.5404104116574615e-05,14.910187663333879
