,MAE,RMSE,NSE,alpha,beta,HFV,HFV10,LFV,FDC,r2,training_time_minutes
1,0.06387492639985191,0.13153600614558097,0.9728880724040694,1.0191869227414392,1.01469108904411,4.777370549052358,3.5142450932459552,0.7911674075222449,166.82365175719062,0.6726043938282873,14.910187663333879
2,0.0535445369448124,0.10741775579033135,0.9819189668213324,1.0131362077158603,0.9770434252618,4.121533627929761,2.6324466575012306,-1.9631973538686947,240.28184318969568,0.7265589365972407,14.910187663333879
