,MAE,RMSE,NSE,alpha,beta,HFV,HFV10,LFV,FDC,training_time_minutes
1,68056494.74737528,70937768.80863127,-1595759140477632.0,11269298.056671709,68040694.13036348,7274882.7140884055,15677354.535465367,525200230.98619676,175923034.55232313,9.89817137666687
2,1.1772219625159046,1.7089664882907132,0.07385415059638156,0.7795876709082719,1.7598042828253702,0.7746474271858592,1.0104369660685688,7.548831347715825,3.0830265926004032,9.89817137666687
