,MAE,RMSE,NSE,alpha,beta,HFV,HFV10,LFV,FDC,r2,training_time_minutes
1,,,,,,,,,,0.3142259715931196,9.89817137666687
2,1.3463266245296297,2.12698030686153,0.15786456124531523,0.6746460514020401,1.6086348635337528,-31.306935009126992,-10.968252990388175,16.197003638482425,-69.66736288433799,0.4515061864990807,9.89817137666687
