,MAE,RMSE,NSE,alpha,beta,HFV,HFV10,LFV,FDC
1,0.3903071109237848,0.587949069984394,0.4823931615280129,0.7552493083440059,0.9977091975627321,0.6424147422034373,0.7747354317516675,0.35917483793747895,1.4475213641561975
2,23.96388819252989,39.08573609123427,-2286.4793417583587,37.84501365928017,-34.10229814366844,0.21353747713126242,0.13042277486780135,-317.81729339631335,-29.7929584616558
