,MAE,RMSE,NSE,alpha,beta,HFV,HFV10,LFV,FDC,training_time_minutes
1,0.07601013990817906,0.19340528623218536,-0.2993768713547382,0.681316627118842,1.340124800391765,0.45196364786977594,0.9708238137762786,5.580887857242527e-07,0.0360630811538119,80.54655773166645
2,0.16137871762970832,0.22042156732161758,-0.6877441991944424,0.4891102516633205,3.31344971061439,0.49266968202828487,0.912918746544372,70.0679981491926,38.77394521225196,80.54655773166645
