,MAE,RMSE,NSE,alpha,beta,HFV,HFV10,LFV,FDC
1,53.42756594967802,57.04920687621642,-493.2411184312395,7.748546384460408,-32.95034666091488,-0.1776636267057474,-1.534156051588847,-412.17959795490265,-73.71839402785672
2,3.746402683982798,4.544219832232396,-2.1358719263202923,1.4567705437491583,1.3481812074581838,0.7152440609183708,1.154445241705827,-13.987910360354922,3.0429786630253526
