,MAE,RMSE,NSE,alpha,beta,HFV,HFV10,LFV,FDC,training_time_minutes
1,0.13269286325260887,0.21541228805975093,0.5326395763358025,0.9479445918571463,0.699935135171189,0.9487854255684401,0.9455074446663891,0.023925577496086665,0.06028264888197326,20.12800691000002
2,0.14218499820578143,0.2239135512630557,0.4950228328458218,1.2448369225806128,0.812423110929805,1.426086229049193,1.2489143848144164,1.824577178489759e-05,0.0040914703488937705,20.12800691000002
