,MAE,RMSE,NSE,alpha,beta,HFV,HFV10,LFV,FDC,r2,training_time_minutes
1,0.21600593093058415,0.37446984978879105,0.7885608767531962,0.7818790192752394,0.8732929456649525,-38.02925904167251,-24.265044208735656,-9.654946397147146,293.82799836275325,0.08516413947864632,20.12800691000002
2,0.17383741495362656,0.2355373887082036,0.916348959341618,1.0858122923433366,1.0136443481914037,-2.4875592399633697,4.956242604617452,12.232855669719727,550.8808170055354,0.55217185473153,20.12800691000002
