,MAE,RMSE,NSE,alpha,beta,HFV,HFV10,LFV,FDC,training_time_minutes
1,0.23052812672703443,0.2651419347685682,0.644474918008761,0.7715956170090728,1.2680061744141633,1.0528111976490295,0.9920133107927118,2.493472588911933,1.5909389465531005,9.321347169999111
2,0.22636705535136512,0.2623395010440972,0.6519506880446105,0.7574571165076828,1.2700422429940506,1.0467913141806513,0.9850030654508072,2.5376203694466257,1.6038288881977694,9.321347169999111
