,MAE,RMSE,NSE,alpha,beta,HFV,HFV10,LFV,FDC,r2,training_time_minutes
1,0.15479711746294214,0.1870445446328643,0.941743863572892,0.9168252460641185,1.0790005921523438,-1.9038079935259442,0.9590323013608116,-1.974018370224984,-51.187998246074294,0.5976189021064058,9.321347169999111
2,0.15189213310116964,0.18216497096671705,0.944743760623268,0.9262438593626587,1.0800982725777086,-0.1418196950972661,2.075327339009344,-1.8124412755033443,-53.497052659417896,0.7032384358200146,9.321347169999111
