,MAE,RMSE,NSE,alpha,beta,HFV,HFV10,LFV,FDC,training_length_days,training_time_minutes
1,0.18068493894167723,0.24251661522975304,0.13370030604676653,0.6255925978189077,1.1815056531219803,0.9911132200447316,1.036241337006069,1.5627697334356558,1.457852708694696,500,65.63311225500001
2,0.18324031391306975,0.247201150129208,0.09990958163315766,0.5582508244893555,1.1979188123735394,0.9712440417427903,1.0077938695690434,1.6408260053576202,1.5280585922317125,500,65.63311225500001
