,MAE,RMSE,NSE,alpha,beta,HFV,HFV10,LFV,FDC,r2,training_length_days,training_time_minutes
1,0.344514301209311,0.4322504973513899,-0.34138909394099515,0.5570268710212946,1.8084360252500125,11.837992207398019,3.4167899688304955,2.212403432351479,,0.2595949805222352,500,65.63311225500001
2,0.38146068772943353,0.46965446074801487,-0.5835824166612213,0.4275299160540963,1.9281268389254942,8.61069218220096,0.24650507687140724,1.8303372680166825,,0.30866029813434104,500,65.63311225500001
