,MAE,RMSE,NSE,alpha,beta,HFV,HFV10,LFV,FDC,training_time_minutes
1,0.0237300904481897,0.045865554635463525,0.8336249441535594,1.141140953615904,0.7826572500117328,1.3277958155612912,1.0638014334827914,-0.00020930325990105067,-2.1516320182775223e-18,29.13993690999996
2,0.020569734593763152,0.039398393879891025,0.877235739995181,1.1423441117084816,0.8375753284363588,1.2937694432754179,1.086892953873011,-4.672875253372502e-13,-2.8985934451083683e-18,29.13993690999996
