,MAE,RMSE,NSE,alpha,beta,HFV,HFV10,LFV,FDC,r2,training_time_minutes
1,0.0632166030476109,0.1873564349061441,0.9571564542105926,0.9219940979148327,0.8860247676087485,-10.116671421673498,-1.4890890248440862,-6.977100775568744,,0.6112666042599063,29.13993690999996
2,0.07335724716998952,0.290044378939489,0.8973220745988837,0.7877610641649665,0.7822709422780357,-21.50273330385907,-18.163481324192986,-18.6961646742548,,0.6979040068623438,29.13993690999996
