,MAE,RMSE,NSE,alpha,beta,HFV,HFV10,LFV,FDC
1,0.2310158250123204,0.25379053048376476,-5.450890010685382,1.478457947037714,0.29484588718451304,1.2523121415470995,1.2683094589367834,0.0018670916147180655,0.0378110238960819
2,0.5237726558334869,0.6010174886784573,-35.177872931928654,2.95311121381688,-0.8322583054707079,0.13368844842027525,0.11803412885625135,-2.314357304162847,-0.8204790692739956
