,MAE,RMSE,NSE,alpha,beta,HFV,HFV10,LFV,FDC,training_time_minutes
1,2.421987120918666,2.772376565245163,-1.5020362757546142,0.6359024138130074,2.5053339055160544,0.6648835487064068,0.7304591100833141,3130.3089219300286,31.704325773747485,9.851591064999715
2,2.306397785839502,2.6334074678416477,-1.257487162856735,0.5581068389532029,2.9668322369848887,1.0236764006651728,1.080592902884857,5538.084882793241,30.117057749062145,9.851591064999715
