,MAE,RMSE,NSE,alpha,beta,HFV,HFV10,LFV,FDC,r2,training_time_minutes
1,2.0494012570779994,2.491079429958579,-0.07337990317379917,0.4230002359930959,1.3975876060929262,-19.98982732116628,-13.114020540519501,-13.455702202958875,-120.69293979475665,0.05686325717040963,9.851591064999715
2,1.5067508083304408,2.0313378824931836,0.2862557144817113,0.4984506985223241,1.471701006377023,4.960461308054568,4.140897694759912,-1.7736035412245212,-117.44803402332813,0.25929517330631424,9.851591064999715
