,MAE,RMSE,NSE,alpha,beta,HFV,HFV10,LFV,FDC,training_time_minutes
1,1.4186389870107545,2.4480734878834336,0.1844387533082431,1.0294769073271988,1.2940122749006697,0.9863223500010481,1.1302981143022754,1.185361668691084,1.5776082978902322,39.59165450499998
2,1.818680367582058,2.473619749247257,0.1673287705391383,0.8216187810874026,1.7027362414584009,0.8230798111340901,0.9934688284359038,4.887603795253407,2.930276914542115,39.59165450499998
