,MAE,RMSE,NSE,alpha,beta,HFV,HFV10,LFV,FDC,r2,training_time_minutes
1,1.4922649083887407,2.4904803163438998,0.2919204507366244,0.9603066710358895,1.212475219573898,-5.822603735226884,1.7197869897826954,13.862250699723761,6.321158752478327,0.32422731010690875,39.59165450499998
2,1.9154790474786805,2.6144489404906475,0.21967386406925482,0.7961278909303571,1.611005075913374,-22.68737857984019,-7.243929523490429,23.565655568993805,-68.78925526949125,0.5069604283142657,39.59165450499998
