,MAE,RMSE,NSE,alpha,beta,HFV,HFV10,LFV,FDC,training_length_days,training_time_minutes
1,0.42914833106149425,0.6237590535437849,-9383.510165058902,82.31326148961166,-14.362219813967647,41.806122542108824,12.70169570322337,-45.30120091617914,-19.788597919503488,470,44.36839770833333
2,0.38357730621259767,0.6285822601259432,-9529.20241692274,92.89267268254379,-8.097452234933582,77.02145915232582,23.866298372586307,-34.573562019339285,-14.315822514313721,470,44.36839770833333
