,MAE,RMSE,NSE,alpha,beta,HFV,HFV10,LFV,FDC,r2,training_length_days,training_time_minutes
1,0.666424343319816,1.277130883550453,0.3253234875847112,0.8884734037317168,-0.8542107046256373,4.6217283352499585,57.51919875651357,48.94646452911553,,0.40005689680165446,470,44.36839770833333
2,0.666237809727244,1.2863250622874915,0.31557440885469434,1.0613323477523793,0.39383191364761116,31.265050386901716,129.66418428014427,131.3165011237725,,0.45947118504867,470,44.36839770833333
