,MAE,RMSE,NSE,alpha,beta,HFV,HFV10,LFV,FDC,training_time_minutes
1,0.05735687561296689,0.13436111565202874,0.8133854727899114,1.1832456286762754,0.9600070685770724,1.3252927747300802,1.1751162155613888,-5.88199263102439e-12,1.6054267701753638e-06,83.39087523833332
2,0.05526085805423104,0.12568857795272495,0.8366986137209931,1.1752765587235126,0.9881281191065794,1.2840463804662081,1.178653703450787,-4.576682691896103e-12,5.36623173250026e-07,83.39087523833332
