,MAE,RMSE,NSE,alpha,beta,HFV,HFV10,LFV,FDC,r2,training_time_minutes
1,0.12032608585466173,0.25809943390627965,0.9068475464618875,1.0294843242623761,1.0004380879593244,0.967542426823658,1.0873750949282774,-1.48559215414547e-06,0.5197614246372503,0.5507967698297414,83.39087523833332
2,0.10806196011764377,0.23338146033016346,0.9238354465337217,1.0151306937314144,1.0297427748720074,0.9493875388846778,1.0697660640652116,-1.6532879458949893e-06,0.665410052899169,0.5596244548573754,83.39087523833332
