,MAE,RMSE,NSE,alpha,beta,HFV,HFV10,LFV,FDC
1,0.03231354149151812,0.06332927695897916,0.747114299310438,0.7759052661653767,0.514174234788404,0.9692144357550936,0.7286177381372061,-1.3397674724118739e-12,-6.103191670610446e-16
2,0.03435974975072071,0.059247162579959024,0.7786648820704288,0.7291064292841264,0.7259494754951477,0.8802396632450395,0.7263224948222946,0.013825290521730108,6.241254561961853
