,MAE,RMSE,NSE,alpha,beta,HFV,HFV10,LFV,FDC,training_time_minutes
1,0.13265232852764386,0.18282858164404495,0.3786272693720425,0.5087808863538495,1.2735021375425326,0.5951218980455674,0.6203282447833025,2.394773162967196,2.62974984021824,23.41771697666651
2,0.24017270207597163,0.27861164395769966,-0.44298738884631317,0.5093645528675301,1.9878806257496588,0.5938096191857699,0.7848737256344672,4.874595644368238,4.395652870487372,23.41771697666651
