,MAE,RMSE,NSE,alpha,beta,HFV,HFV10,LFV,FDC,r2,training_time_minutes
1,0.09992764754905295,0.131281806209832,0.4246552701689936,0.698912100732836,1.564303663728728,-25.37864378798662,-19.991684800725523,15.249286681193917,3.11675703998485,0.17155496235074308,23.41771697666651
2,0.17540353782908835,0.2026635470334199,-0.371103791304803,0.49941736605933257,2.21497034234988,-46.735242553089776,-26.5334424876112,30.993482703434797,-7.204963746706704,0.25518510004614947,23.41771697666651
