,MAE,RMSE,NSE,alpha,beta,HFV,HFV10,LFV,FDC,training_time_minutes
1,0.4592495092064526,0.7898353095529222,-0.3188798519846119,0.927031552665025,0.4082929192216827,0.9837303146793668,0.9574910908240343,-0.4858180304224958,-0.05993355508679177,20.233945754999876
2,0.4529995924875927,0.7846918535160481,-0.30175852848034035,0.9230078777095417,0.4228005714490824,0.9804046586044779,0.959706594457502,-0.4363834494887077,-0.04900039815634551,20.233945754999876
