,MAE,RMSE,NSE,alpha,beta,HFV,HFV10,LFV,FDC,r2,training_time_minutes
1,0.5286192525809401,1.0565560446419326,-0.027305037919477027,0.8992137260068639,0.5754914704463466,4.626121256283454,11.954260397056965,-7.907139954344827,,0.3393685957557627,20.233945754999876
2,0.52208921593194,1.049201660773759,-0.013053260437443814,0.8905699978063004,0.5833028017651684,3.617563673542606,11.335116706655594,-7.807379535497492,,0.33909483388485706,20.233945754999876
