,MAE,RMSE,NSE,alpha,beta,HFV,HFV10,LFV,FDC,training_time_minutes
1,14.643858232434605,19.661135849000274,0.44319628875988837,0.6461069691508522,0.9467356422846666,0.7841786797935492,0.7822314363384225,1.0438105067696646,1.0237828043521615,76.93086118666687
2,,,,,,,,,,76.93086118666687
