,MAE,RMSE,NSE,alpha,beta,HFV,HFV10,LFV,FDC,training_time_minutes
1,15.051031746408992,18.259834967423156,-19.25196329382428,2.6709148779438205,9.429975130386865,1.8485870324642055,4.492437900488782,8.317471656470042,16.539715948663797,24.10523451833384
2,15.69379019720622,16.54541218096065,-15.627563577541999,1.3484177908676753,10.01678314626385,1.4091823298248112,3.1893408201906923,26.386661278763288,20.412442748949562,24.10523451833384
