,MAE,RMSE,NSE,alpha,beta,HFV,HFV10,LFV,FDC,training_time_minutes
1,53.555329884835224,61.644229599553604,-386.5751350062158,9.790900048150272,-35.62056119451884,0.10618980213347604,-0.4465313451345138,-706.6884974168007,-98.69900955080482,11.026255836666678
2,2.9773792781215995,3.803683025504144,-0.47563750649574454,0.6679351096047474,2.7161857285788717,0.7012366486066268,1.1828075609233861,17.150794278816285,5.874229237811755,11.026255836666678
