,MAE,RMSE,NSE,alpha,beta,HFV,HFV10,LFV,FDC,r2,training_time_minutes
1,44.6238124311938,51.702100828480525,-257.77876171343974,8.135579697958889,-37.962391703919344,-102.75422007553907,-162.30410506296252,-521.2413979034843,,0.23684406602266905,11.026255836666678
2,2.879461191786469,3.7927507669969422,-0.392582263492097,0.6293084639362372,3.123081161008586,-35.225047484056816,23.30668773054387,93.12752210626523,-72.15302537240757,0.3580638816723567,11.026255836666678
