,MAE,RMSE,NSE,alpha,beta,HFV,HFV10,LFV,FDC,training_time_minutes
1,1.5135702900073909,2.187476421796056,0.07190593019475766,0.7375260250738794,1.619603998266244,0.6760746246626045,0.9332503914370393,5.932808669966893,2.875008969893325,28.065894456666665
2,3.6202965046535653,3.9620291687667573,-2.0446724225867676,0.7012406861012919,3.290462074070203,0.8000674129228575,1.254522943085485,23.50397631567814,6.722196875037937,28.065894456666665
