,MAE,RMSE,NSE,alpha,beta,HFV,HFV10,LFV,FDC,training_time_minutes
1,4742975.713138992,5571182.990037951,-6284692248320.632,1315167.2798653173,2865945.2414617273,541209.9553857647,1054464.8599358008,1736661.2020777909,7227712.466743974,13.844021593333553
2,1.5424121520216354,2.1118477355498446,0.09694464238381684,0.7611860954886546,1.5354450868141412,0.7019151653657298,0.9421195722611007,2.4455231652513714,2.4185567126574723,13.844021593333553
