,MAE,RMSE,NSE,alpha,beta,HFV,HFV10,LFV,FDC,r2,training_time_minutes
1,4415165.1461443,5360419.72288876,-5532575170270.383,1333861.3411077391,2430003.2571417848,54291460.6343901,96532235.59179471,166079164.6449899,602.6834277073253,0.33686279787824025,13.844021593333553
2,1.5579366300454982,2.023066545641339,0.21195672475608507,0.76916101000603,1.4614486860608884,-29.639087787264245,-13.03754967660379,12.791501282390463,-64.44866653701811,0.4645989461199015,13.844021593333553
