,MAE,RMSE,NSE,alpha,beta,HFV,HFV10,LFV,FDC,training_time_minutes
1,2.8045515625915107,3.872313507468559,-0.2641009625508872,0.698134495174547,1.9993429914628487,0.672278145198956,0.9924260972485536,12.532889096925297,3.8894705667764145,30.431652921666682
2,6.869571459074949,7.41259611532674,-3.6321372090027513,0.7409423217832452,4.3335048467291655,0.9066631107210438,1.493333567658428,45.2213517081169,9.521040286260664,30.431652921666682
