,MAE,RMSE,NSE,alpha,beta,HFV,HFV10,LFV,FDC,r2,training_time_minutes
1,2.9087310001479283,3.8608928975933408,-0.4770963622784332,0.743596813328376,2.1152531928836944,-35.1782214892931,4.227143270818283,46.54809253332098,-91.43517243790666,0.2516577431448853,30.431652921666682
2,7.051861451878701,7.596858724107091,-4.7187540644886825,0.9103833871399482,4.470356624366788,-5.686729092869656,58.22599531790679,148.67623903783223,-135.93969606308747,0.43037111206737044,30.431652921666682
