,MAE,RMSE,NSE,alpha,beta,HFV,HFV10,LFV,FDC
1,1.8527642876652228e+45,1.370720710387567e+46,-7.80710679144187e+91,8.754695704245627e+45,-2.0488986615592922e+45,-0.20384756284865985,-1496.9230670484806,-3.1826499588153833e+46,-2.7529440914677436e+29
2,6.713803694366673e+45,5.006405443899352e+46,-1.04146386675043e+93,3.1980216165061483e+46,-7.424529658165168e+45,-0.1463590459716975,-1145.0438101421305,-1.1532868586482394e+47,-5.3665184249590306e+29
