,MAE,RMSE,NSE,alpha,beta,HFV,HFV10,LFV,FDC
1,5.23416051362996,5.981359534002035,-2.5174905899094613,0.5584246695407458,-1.5117840067536383,0.20479541802927326,0.09512490947380005,-10.266234371840719,-3.5099841415697486
2,790.2253972877758,1276.8129718286345,-160282.0877770397,314.4267257159112,-379.0722186923881,0.012892546725790675,-0.7868348980089933,-4442.221680783791,-391.35292931074815
