,MAE,RMSE,NSE,alpha,beta,HFV,HFV10,LFV,FDC,training_time_minutes
1,0.018706619601181182,0.04087578746213998,0.9350461168168134,0.8237217945176625,0.8008765281491843,0.8724378341717812,0.8126474967864272,0.0037755562280480047,0.6018769133005737,18.535712563333345
2,0.020430210138411054,0.04097253819641238,0.9347382683999061,0.9324860605275589,0.7948310696084273,1.0222025967095751,0.9194724609515976,-6.024128923390327e-12,1.0299771280669338e-08,18.535712563333345
