,MAE,RMSE,NSE,alpha,beta,HFV,HFV10,LFV,FDC,r2,training_time_minutes
1,0.030981942097514384,0.07062288012805969,0.9381190656589232,0.9950106440159155,0.9139335430501175,3.364467211225208,1.9122402136386465,-7.496263064708378,34.33073764201118,0.9012171479269345,18.535712563333345
2,0.03576378032060249,0.07246722382519015,0.9348447732006347,1.0109271366420989,0.8863706088576829,2.744888718442471,3.949272417360301,-6.150956075626061,,0.9135544300576617,18.535712563333345
