,MAE,RMSE,NSE,alpha,beta,HFV,HFV10,LFV,FDC,training_time_minutes
1,0.07963382480971512,0.0984970979198134,0.3572377761189198,1.4485023388676352,0.5468842885052214,1.588189691411428,1.1807661066592519,-4.6862658614684327e-14,-1.7314221988546887e-17,10.82144779333321
2,0.4107682709421672,0.4413481457733493,-11.905240064896285,1.6182527801443225,4.464799817861136,2.3420394372223354,2.0420452195349994,8.690711296627757,8.20579108338373,10.82144779333321
