,MAE,RMSE,NSE,alpha,beta,HFV,HFV10,LFV,FDC,r2,training_time_minutes
1,0.13204615336096237,0.19011130053920006,0.7387012790185838,1.1686327300607666,0.7626368581845012,7.4155765846891,33.62098798076249,4.346905839064235,,0.43104685103483475,10.82144779333321
2,1.2291587877851429,1.2910265899819782,-11.0501316705528,1.2322950677720534,6.055067265784914,43.532603179749955,142.9942018112451,229.38548383673577,-49.27220572721304,0.5366457681206516,10.82144779333321
