,MAE,RMSE,NSE,alpha,beta,HFV,HFV10,LFV,FDC,training_time_minutes
1,0.4723945831869334,0.58755944743762,0.44892243056659475,1.153341895173808,0.7404046408247746,0.9329760790615267,0.9766363369532405,0.0005985666916217807,0.24990953116689796,10.610669049999949
2,0.41654067329637984,0.5114802472676647,0.5823938943302678,1.0134750494714886,0.6696317803820223,0.8435890483511377,0.872764713594245,0.005256383994447119,0.29835842330572526,10.610669049999949
