,MAE,RMSE,NSE,alpha,beta,HFV,HFV10,LFV,FDC,r2,training_time_minutes
1,0.430253792277641,0.5111829733311279,0.8428742907412872,1.0903696387149173,1.0162391175640901,0.48381520198725714,-3.0241936173196855,0.18234813063224903,406.7260519341906,0.40313520728737573,10.610669049999949
2,0.35283344736667793,0.4131774491787297,0.8973479299052683,1.0772045936105754,0.9786592471266173,0.22181126933398382,-2.8065437368106494,-0.48374878666912996,288.0116302366494,0.5572768074497549,10.610669049999949
