,MAE,RMSE,NSE,alpha,beta,HFV,HFV10,LFV,FDC,training_time_minutes
1,2.103403564668182,4.238920406365279,0.5468124037123323,0.8029987643829564,0.6754300376513398,0.7315745272704581,0.928204857710841,-5.175671514441127,-0.12032796993611283,10.893382393333983
2,1.8072512640877998,3.965901347275631,0.6033099526573866,0.7626627629680134,0.8161966108159816,0.7180846678829886,0.8944955978909654,-3.3351748865468256,1.308395830807431,10.893382393333983
