,MAE,RMSE,NSE,alpha,beta,HFV,HFV10,LFV,FDC,r2,training_time_minutes
1,1.8786750585885854,3.6249047994617554,0.4236927978138252,0.8855499331419404,0.7345119697900162,-18.646648841748842,-6.039032608780233,-11.396488132424727,,0.20939804570789267,10.893382393333983
2,1.6122481454709245,3.219905063917561,0.5452769483701656,0.8330903983918609,0.9632759179979986,-25.38789562228272,-7.80481459270772,-5.1858621809544285,-36.0875602915433,0.21642971930457422,10.893382393333983
