,MAE,RMSE,NSE,alpha,beta,HFV,HFV10,LFV,FDC
1,1.3041490263206337e+23,6.99929052425951e+23,-2.227274687734406e+47,4.63675494538917e+23,-1.3067535497131034e+23,-0.07564756893854864,-12.35941581306843,-1.954240377888917e+24,-1682217781218242.2
2,591934146525503.9,2566012379317575.5,-2.9935273822035074e+30,1683516728043423.8,-593116301555574.0,-0.030914400305616756,-2.82674707048912,-8869961976440438.0,-9483343706.77124
