,MAE,RMSE,NSE,alpha,beta,HFV,HFV10,LFV,FDC,training_time_minutes
1,0.15330518087867737,0.1820723899059315,0.6698162870175942,0.994889997026696,0.5502644770269909,0.8559221712599876,0.9132452724975231,8.668647369422853e-06,0.014266755630699872,12.064196555000187
2,0.16375216764870448,0.1902342842647793,0.6395499926106891,1.0324201619367779,0.5197701641088269,0.983439337239132,0.9472288162500291,-2.0859328237523428e-08,0.0007082857290312826,12.064196555000187
