,MAE,RMSE,NSE,alpha,beta,HFV,HFV10,LFV,FDC,r2,training_time_minutes
1,0.2070230937421928,0.24449395179450917,0.8541361633627794,1.071218427887508,0.7737941253506071,-8.30799793537216,-0.9104289743525424,-3.5445946350340893,446.8127430926417,0.08890952611612202,12.064196555000187
2,0.23735040599132243,0.2716079763598534,0.8199900829286269,1.1618516979297888,0.7309116039471217,8.948097860108778,7.723512870425867,-4.552369773709186,780.7295010867105,0.10446620940276152,12.064196555000187
