,MAE,RMSE,NSE,alpha,beta,HFV,HFV10,LFV,FDC,training_time_minutes
1,131.2147041060962,131.89418651231614,-689.6362994270438,2.5168396330936935,139.7324227480306,5.786742821482711,17.957593975468733,59011.722850347054,2859.528546984783,32.283404341667
2,1.929122184798816,4.656921178476,0.13901443914810985,0.7544865343614706,2.1763017131633533,0.8289376864154349,1.0878249560033586,215.93943950786021,24.119014837341293,32.283404341667
