,MAE,RMSE,NSE,alpha,beta,HFV,HFV10,LFV,FDC,r2,training_time_minutes
1,131.52155184512955,132.13184842060187,-1185.9266591345295,3.1979642263349013,154.91056109018822,605.4961650698485,1919.2797027721228,5197.209254796864,-80.69127479325101,0.33557702756686614,32.283404341667
2,1.7963498497531656,3.693897220462928,0.07236211222211963,0.7384108694719543,2.267453122819117,-21.4569227386931,9.099363950553878,61.95146736112077,-58.31282327192809,0.5548284150915509,32.283404341667
