,MAE,RMSE,NSE,alpha,beta,HFV,HFV10,LFV,FDC,training_time_minutes
1,0.23051009846630935,0.5199640819630559,0.07109177243468556,1.3498203371281645,0.952430311397892,1.6412061468531354,1.2778716817466464,-0.0005007640420173759,1.819593872074416e-08,36.0628008549999
2,0.2647697613285321,0.5521924238500256,-0.0476277846951092,1.4539321179069682,1.2718592182155462,1.6113528193896447,1.4289505052868514,-0.0001671985539857819,0.12289123155091866,36.0628008549999
