,MAE,RMSE,NSE,alpha,beta,HFV,HFV10,LFV,FDC,training_time_minutes
1,25942.239927623297,31110.75299407927,-29787736.300499324,3013.10391977511,4580.142867621755,1164.4399599977232,2147.978733134405,3189.9136408779354,7298.398855227709,132.31116352
2,8428579.436736235,9984526.906520365,-3068113721400.8193,939008.5416222916,1487826.771567778,369055.3773519105,680777.35694477,1200380.21034905,2555444.602689678,132.31116352
