,MAE,RMSE,NSE,alpha,beta,HFV,HFV10,LFV,FDC,training_time_minutes
1,0.40776652279776104,0.6966158314548345,0.003967860685845537,0.3581088113999701,0.26845113026492173,0.29723775674759845,0.3323674870481252,0.0005470393797500212,0.09040877775222887,11.076224481666577
2,0.37218585462638687,0.6793672096613355,0.05268190118655325,0.36841846725383637,0.3322842213352674,0.3133214426882447,0.3349592480822308,0.018518910022769862,0.3361832585952955,11.076224481666577
