,MAE,RMSE,NSE,alpha,beta,HFV,HFV10,LFV,FDC,r2,training_time_minutes
1,0.21805596977668507,0.2836151054662125,0.9161139720505675,1.0977431180876167,0.9081556882976641,8.2285623321371,5.194360828409486,0.7630775493748236,245.35640772564741,0.506385643254432,11.076224481666577
2,0.24284162254452604,0.32942048634654353,0.8868297896335674,1.000603328291514,1.0620881368265116,-12.606904781262967,-7.802723426796778,4.618006892189391,116.86238378981126,0.5317126835568939,11.076224481666577
