,MAE,RMSE,NSE,alpha,beta,HFV,HFV10,LFV,FDC,r2,training_time_minutes
1,0.7014142269174621,0.8083414326410296,0.027267105201843167,0.9361803200915935,1.1269878825407118,-20.30502099013269,-7.404308983199045,-2.9052640987080625,36.453317012708474,0.4065743114125908,24.688107758333352
2,0.3924586191999948,0.44221159879890615,0.7088852689699824,0.9026463930956077,1.1802561039568504,-3.1254039904187203,5.055240968555741,-1.848794746397858,-103.03441838185456,0.5722741764702198,24.688107758333352
