,MAE,RMSE,NSE,alpha,beta,HFV,HFV10,LFV,FDC,training_length_days,training_time_minutes
1,1.290723815710496,1.336185790239854,-13.400515170037343,0.5462921170838244,4.815642608433572,1.442354198843954,1.8788338259961517,26.52941154069529,19.453340545235772,623,83.18899989833335
2,1.1018510178957994,1.1456716242009828,-9.586798436815196,0.7815737601243284,4.254247178647513,1.6014897884759605,1.9348336811268754,22.17017716247892,16.282815200453786,623,83.18899989833335
