,MAE,RMSE,NSE,alpha,beta,HFV,HFV10,LFV,FDC,training_time_minutes
1,1.6677487296297164,2.347764461803402,-0.49545926815026275,0.8103747330170878,2.388426409912498,0.6814655608605173,1.220659094811908,8.884652558357672,4.4555227674805185,51.28725436333334
2,1.6516482120880127,2.3656044912335266,-0.5182728009373265,1.2037861663126241,0.7707918149481598,0.7006383437948,1.197109543385286,-17.708704070025203,0.5156943564089483,51.28725436333334
