,MAE,RMSE,NSE,alpha,beta,HFV,HFV10,LFV,FDC,training_time_minutes
1,0.8962367912666314,1.780592648665362,0.14093610648620214,0.5795799526194592,1.2596903689764016,0.6037152881194208,0.7983821572168968,4.212405119274982,2.4015398268256494,61.09989356833345
2,0.862835230409557,1.7874161824769348,0.1343393328400735,0.6430732855517787,0.84095043441871,0.5832386890352007,0.7486578272089331,-1.6654300973842227,1.2943240607591875,61.09989356833345
