,MAE,RMSE,NSE,alpha,beta,HFV,HFV10,LFV,FDC,r2,training_time_minutes
1,0.8766332066528678,1.510797883583278,-0.142354668336107,0.8766989591163729,1.5124383123973626,-8.931545299287633,4.743274488871965,21.543204226156767,-47.775157150621645,0.29227381836573985,61.09989356833345
2,0.848055298403081,1.449587025372091,-0.05166352531678409,1.0047733077205574,1.0039609479573182,-13.217438770735317,1.5475993051185197,14.989167242016169,,0.30254983403726665,61.09989356833345
