,MAE,RMSE,NSE,alpha,beta,HFV,HFV10,LFV,FDC,training_time_minutes
1,0.1283294124450207,0.13852032884743115,0.7723609766796445,0.7855367613768833,1.2547607181488016,1.014469911321283,0.9700925163562022,1.6352298475188478,1.5727399570465153,9.642556329999934
2,0.17687995622194425,0.19502274263552485,0.5487780633253008,0.7013097739465785,1.3788020831946863,0.996720883069663,0.9601839503646734,1.8922782473493178,1.821359661083396,9.642556329999934
