,MAE,RMSE,NSE,alpha,beta,HFV,HFV10,LFV,FDC,training_time_minutes
1,0.04255226013100539,0.08587000860236688,0.20001565951673117,0.2218357434315643,1.0533134870690337,0.19398806378983546,0.3276014996536559,3.682775009690909,3.3087982149906896,15.416680093333706
2,0.03738532910745956,0.0877772957527325,0.1640835593412059,0.16825596957444372,0.8225301048011994,0.17155409462651122,0.27402102110816096,3.3334697005417437,2.509770787090907,15.416680093333706
