,MAE,RMSE,NSE,alpha,beta,HFV,HFV10,LFV,FDC,r2,training_time_minutes
1,0.037076285179348745,0.04108610461016696,-1.8356406232692146,0.5834122490962548,3.1742486167500226,-29.443609275114547,26.13839709847291,91.97910892893222,-20.92235018128906,0.04654973403869844,15.416680093333706
2,0.022520336816377277,0.027455168211552233,-0.26622088359215823,0.5036517514066736,2.168771429609329,-42.4874257802054,0.7714864198556821,38.378769904149834,-20.46578080030351,0.04813175302912365,15.416680093333706
