,MAE,RMSE,NSE,alpha,beta,HFV,HFV10,LFV,FDC
1,0.05317482942297378,0.14514631558177915,0.5759449185936292,1.487775544337637,1.1893933654526836,1.6487616715646287,1.4817880640454015,-1.871670035842711e-11,8.608099456331305e-07
2,0.22329324762077685,0.23839370760798834,-0.14393096367516467,1.00375015403029,2.676028492793084,1.421636891974016,1.258584234531557,651.9926356960157,85.78148422199203
