,MAE,RMSE,NSE,alpha,beta,HFV,HFV10,LFV,FDC,r2
1,0.11012764176765732,0.2639983717837437,0.8775728112137897,1.0398566752319778,1.1231160873432993,0.9417814470872597,1.1460563605694445,-6.213768382270787e-05,0.5540811394120716,0.43094465238955937
2,0.6253622359321926,0.6780996448148624,0.19227706577919923,0.6748428204034872,2.4654744388011407,0.77220582398272,1.0150000372433148,717.7059990368684,12.523239651438148,0.5189131158213316
