,MAE,RMSE,NSE,alpha,beta,HFV,HFV10,LFV,FDC,training_time_minutes
1,79.0350215645332,79.64321488192863,-484.1343720751971,2.610617510464126,106.16204125598836,4.420130051748418,13.567762816957586,29538.93340641478,2273.204739291483,30.136846209999444
2,362.06155949674775,365.6109788715173,-10222.578548650998,13.9994216697028,-480.7480402187547,-1.1457477249409085,-48.12459816396593,-144048.00097395427,-10339.619729042504,30.136846209999444
