,MAE,RMSE,NSE,alpha,beta,HFV,HFV10,LFV,FDC,r2,training_time_minutes
1,79.38016314104499,79.86979888577241,-469.219166764041,2.2450436716926196,120.31959543687887,316.6277191037979,1369.42138787996,3975.3588271798085,-70.87518692818348,0.39495744709322367,30.136846209999444
2,78.62831387144628,79.20768581011802,-461.4553366127265,2.473895337151083,119.18745676607966,315.92834770231525,1364.2590124584815,3959.7793743774614,-70.80411627305908,0.44531022847917856,30.136846209999444
