,MAE,RMSE,NSE,alpha,beta,HFV,HFV10,LFV,FDC,training_time_minutes
1,,,,,,,,,,14.235811976666445
2,1.8934768942669278,3.1534978890694103,-0.08426472885248293,1.0462294072001919,1.3163159841497527,1.035906361681327,1.1331595897034847,2.1875065575438524,1.5503754851071552,14.235811976666445
