,MAE,RMSE,NSE,alpha,beta,HFV,HFV10,LFV,FDC,r2,training_time_minutes
1,8066396.426094377,8463691.682917643,-4850267614429.979,666833.2919639773,3667625.7326858025,44606965.5580022,91880191.50553864,174804561.20943844,-217.3092871037103,0.33517120600689443,14.235811976666445
2,2.012180224674578,3.6873147896625844,0.07940955407344874,0.8783961699021776,1.3644607574189556,-6.277893849377794,5.205450956031777,20.716416952350887,-39.0219706237256,0.5627825685949311,14.235811976666445
