,MAE,RMSE,NSE,alpha,beta,HFV,HFV10,LFV,FDC,training_time_minutes
1,2.244330496274755,4.638438964030068,0.053186284179178034,0.8234602277351295,0.8119153575627799,0.7719591302027683,0.8934843065726631,0.57351202025554,0.6653975659358748,30.17212462000025
2,2.116209942654861,4.0432655757548135,0.28057523319654765,0.5743788001881026,1.1731554325479292,0.6249616416041405,0.730260374968548,2.799193011920526,1.5679691799807831,30.17212462000025
