,MAE,RMSE,NSE,alpha,beta,HFV,HFV10,LFV,FDC,r2,training_time_minutes
1,1.7879266850023432,4.105834302637434,0.06125279158558716,0.996107263188246,0.9202273414674007,6.07198885927029,7.096795423800665,1.7217818333260038,253.90192777963287,0.49606168973465403,30.17212462000025
2,1.9863964970945969,3.6947687758517724,0.2398131537584478,0.7954425433702639,1.4352715755935919,-10.736524005750741,3.1236699370443604,15.75522545524758,-444.1486216368291,0.7201118685102788,30.17212462000025
