,MAE,RMSE,NSE,alpha,beta,HFV,HFV10,LFV,FDC,training_time_minutes
1,0.038140596659040994,0.08476937233484881,0.9575727718081212,0.9854637229144779,0.971881539114232,0.9308462420369248,0.9940830482162166,-5.3577295157319955e-11,0.0004110229528287634,52.41557134833322
2,0.08481587233282672,0.17650226118643692,0.8160637737547681,1.2142101191978376,1.1998568490196768,1.0930243065153449,1.209205361599051,-2.586039860075131,0.006336530703120998,52.41557134833322
