,MAE,RMSE,NSE,alpha,beta,HFV,HFV10,LFV,FDC,r2,training_time_minutes
1,0.13965371075107966,0.22957075330371607,0.9240241588196351,1.0154148019136762,1.131615070543164,1.0292466883563702,0.9410902238450951,3.1527659040641207e-08,2.4070043932595464,0.8040792909117064,52.41557134833322
2,0.08466096939232967,0.14756993479696354,0.9686066133243508,0.9825203404301466,1.0535968448289184,1.0226329270195622,0.9636237070976043,3.306560198109582e-06,2.1376089784838506,0.8428944013862305,52.41557134833322
