,MAE,RMSE,NSE,alpha,beta,HFV,HFV10,LFV,FDC,training_time_minutes
1,0.061856923671806625,0.08361372009170343,0.7449608515676676,0.9221712526842746,0.5597372225599914,1.0086851413823779,0.8874315601627379,-3.156176125699137e-06,4.068890907791019e-05,79.12277463999975
2,0.07000581619621346,0.08803556048587746,0.7172725186984539,0.8782257797108133,1.2144885298999342,0.9359608140181257,0.8845497750198934,2.6994208600736367,1.9512213837529648,79.12277463999975
