,MAE,RMSE,NSE,alpha,beta,HFV,HFV10,LFV,FDC,r2,training_time_minutes
1,0.11821023379967387,0.16384605549867365,0.7175665975213492,1.1554548829694578,0.7304786308897965,15.35568208504057,16.485654078257518,-9.075098174645346,509.4123723576235,0.5020820256727788,79.12277463999975
2,0.17665097368763047,0.2047292934440322,0.5590350689943714,1.0129276052060472,1.5743979715339274,-7.33969787754162,9.856032091141048,23.449586106656746,-33.78205113693904,0.6806277093454972,79.12277463999975
