,MAE,RMSE,NSE,alpha,beta,HFV,HFV10,LFV,FDC,training_time_minutes
1,0.2972891609616831,0.947002218834146,-0.05659544656567683,0.31515214660697644,0.2184270177310017,0.1979265820162039,0.3644932604264186,-19.003001109088892,-1.0970470195541187,20.35414451000009
2,0.30228885381598963,0.9812080798711081,-0.13430271927531745,0.34596569782794573,0.15230643977243907,0.25224066023987257,0.37157632035973087,-19.149240527452584,-0.8880195637407687,20.35414451000009
