,MAE,RMSE,NSE,alpha,beta,HFV,HFV10,LFV,FDC,training_time_minutes
1,322.25044333007224,375.05396528879993,-1634.4917054291898,20.778980023712695,65.36230186827781,13.190114269778604,26.3473143746794,455.7777720600806,156.84616802920738,11.239449260000644
2,214.05978426794147,248.2395406863206,-715.4778044095261,13.663863630754333,43.748115199671254,8.83491120703765,17.512270923304015,315.4618284622242,104.72996136604438,11.239449260000644
