,MAE,RMSE,NSE,alpha,beta,HFV,HFV10,LFV,FDC,r2,training_time_minutes
1,274.3644468188468,315.23542024885023,-698.2959453437055,13.040908389758577,58.930060904195805,945.9458363075469,2080.9209761771062,3668.8990125714545,-126.13939021693842,0.1765096772448278,11.239449260000644
2,182.67742356809498,208.9501496082881,-306.23901501287907,8.545807069615348,39.55562913685398,595.8369775917835,1347.6663943480908,2408.2570412665796,-128.73170622863574,0.17819459995134557,11.239449260000644
