,MAE,RMSE,NSE,alpha,beta,HFV,HFV10,LFV,FDC,training_time_minutes
1,1.885808403072355,3.452671711349521,0.029731745077347327,0.7027252039918753,1.325292143103858,0.6932365341093754,0.9180743473812407,4.816649441642219,1.9103467698515262,51.35506858333344
2,2.7271405820463896,3.7809942473397844,-0.1635720554741995,0.5732229987160452,1.953994319355631,0.6542158743242561,0.9326507882829348,14.239205718261044,3.562401080381683,51.35506858333344
