,MAE,RMSE,NSE,alpha,beta,HFV,HFV10,LFV,FDC,r2,training_time_minutes
1,1.8655829222933777,2.8608800361049127,-0.03984874632720681,0.8336730956750888,1.3360689760905902,-23.15713314137954,-4.4504162813393755,11.990736379049396,-66.70856036335707,0.3075418944706153,51.35506858333344
2,2.6799047935383395,3.2761813144223777,-0.36366199297081003,0.6647788100333958,1.9617126675094598,-25.686790964009727,-6.923244746898558,26.637167718240697,-140.75821650002516,0.4578334663117436,51.35506858333344
