,MAE,RMSE,NSE,alpha,beta,HFV,HFV10,LFV,FDC
1,1.5901493079626308,2.158665751334625,0.05226602164681882,0.7276966208537536,1.5658294355188391,0.68280170402736,0.8962135007897365,3.181195038089013,2.5498798431704572
2,2.0463300239027062,2.680015398802591,-0.4607982089120153,0.7240888297976179,-0.18876766387778643,0.5039634095665517,0.47310572627373176,-5.091589177626692,-0.8965695073062423
