,MAE,RMSE,NSE,alpha,beta,HFV,HFV10,LFV,FDC,training_time_minutes
1,0.4476206339025274,0.8181021742388903,-15.081358269315476,3.9501640315885225,5.8460394347829565,2.216902132746055,4.141824523595117,0.5956580186732606,13.67983194575228,17.33971966000002
2,0.6358923509804947,0.9206807764991519,-19.366940019596022,5.125486891017303,2.7966033983489624,2.457704201091988,4.702005486400909,-167.42907434116486,-22.901738215373406,17.33971966000002
