,MAE,RMSE,NSE,alpha,beta,HFV,HFV10,LFV,FDC,r2,training_time_minutes
1,0.8806849475175258,1.2813163879873675,0.45977794012569273,0.9477351527710483,1.815228353037411,-16.70062615960445,-14.440896423045036,34.61679176573212,12.079416155484342,0.5211944812214313,17.33971966000002
2,0.746935816966079,0.8622373191520327,0.7553680456497186,1.2381045812913731,0.8895649879837616,5.903397020027198,5.469986742198023,27.107519160595785,,0.7115262459546949,17.33971966000002
