,MAE,RMSE,NSE,alpha,beta,HFV,HFV10,LFV,FDC
1,1.341702994053381,2.4657825951999066,0.15454662792481078,0.49997556834621604,1.7864058284756068,0.5261034776526337,0.7860012677007254,6.775208956099754,5.055607592268249
2,5.903221485334611,6.30015054709607,-4.519273937355291,0.6988777496616199,6.6447005924338916,0.8833121941108701,1.643867332483658,50.81734789678978,23.769129010362967
