,MAE,RMSE,NSE,alpha,beta,HFV,HFV10,LFV,FDC
1,0.5185817261100305,0.64702488491258,0.5174466679412172,0.7979631109972465,1.1142479242542063,0.7864729339243485,0.7841725513909831,0.9082927153476742,1.7064972041497817
2,65.88947865302035,110.12222235119914,-13977.265491669878,94.83356446754587,-74.9960382897128,0.22347174798384456,0.04058905619552744,-735.906510679065,-58.056380436901364
