,MAE,RMSE,NSE,alpha,beta,HFV,HFV10,LFV,FDC,training_time_minutes
1,0.08849482460335693,0.10788741805869223,0.8123608129503855,1.1892477974153977,0.8021885910450184,1.1181712229879253,1.1194464287896817,0.0047052369135517635,0.12158207867492161,44.53742558833328
2,0.03952007649601394,0.06105336661039772,0.9399101421206734,1.077709555804388,1.01104903110907,1.0712243496977638,1.0653773488685343,0.8235400629907195,0.897926203450997,44.53742558833328
