,MAE,RMSE,NSE,alpha,beta,HFV,HFV10,LFV,FDC,training_time_minutes
1,310754.45310169697,333125.62922857865,-23701206065.53007,55465.61588945199,196904.6581013928,38471.77625565087,55749.04965054882,3017299.4068257376,1231145.3534459097,24.76743881833333
2,126697.87493909097,283176.28945629275,-17126480575.735254,117038.9207683707,80280.46154425718,68185.39484893964,98806.74438578774,3.516320111608265,8.55338721321901,24.76743881833333
