,MAE,RMSE,NSE,alpha,beta,HFV,HFV10,LFV,FDC,r2,training_time_minutes
1,0.6701081457997369,1.186884129976024,0.5721397374997079,1.134367745332251,1.140285678144096,17.342253145080733,16.121121018517,11.72228706382229,25.15483486174691,0.1784936481726369,24.76743881833333
2,0.6652872324210553,1.193642048506366,0.5672535377044786,0.5977062092728885,0.6667986327151635,-36.647466175250834,-38.49234898692761,-38.7034775937199,1.2821482534077075,0.25572398515711603,24.76743881833333
