,MAE,RMSE,NSE,alpha,beta,HFV,HFV10,LFV,FDC,training_time_minutes
1,0.05741425707235067,0.065845971502664,0.6399488794918156,0.8120823428223661,1.3039896159336537,1.0841470307709589,1.0313997305991516,2.952851012250318,1.4096006876714882,75.64772381833342
2,,,,,,,,,,75.64772381833342
