,MAE,RMSE,NSE,alpha,beta,HFV,HFV10,LFV,FDC,r2,training_time_minutes
1,0.06564767553071196,0.08050878659162566,0.8736170300897076,0.9499460129733923,1.010143432253519,1.010747144880896,1.0798896457934086,1.9598904563298976,0.8692509139964516,0.8170471020950754,75.64772381833342
2,0.1010680827270271,0.11282006389551553,0.7518154871681864,0.8429687760988267,1.1077443736345716,0.9824976617114565,1.0079417622887157,2.732392860052162,1.1635427258128608,0.878432638106813,75.64772381833342
