,MAE,RMSE,NSE,alpha,beta,HFV,HFV10,LFV,FDC,training_time_minutes
1,0.6300829807339404,1.1536252494454935,0.09797283368420773,0.7854971494633601,1.2105608643476549,0.697580311941346,1.006582728658037,1.20760845237761,1.366411501126332,50.751451944999765
2,1.0200045259665746,1.3138053866536454,-0.16990928530829374,0.6473262640211631,1.7654749079290244,0.7143069769416119,1.055804272237944,3.126652267650023,2.2606267853012043,50.751451944999765
