,MAE,RMSE,NSE,alpha,beta,HFV,HFV10,LFV,FDC,r2,training_time_minutes
1,0.6667207334683544,1.0960254819768958,-0.05605776861467526,0.840381744222532,1.416429913152822,-19.852481856088556,13.13394276421087,28.3683733514755,-14.815963827654945,0.30949715782458864,50.751451944999765
2,1.0104016737292139,1.2860653310005887,-0.4540268786126529,0.7434463514021306,2.026551624955781,-18.569797005410322,22.66770127660231,52.213679369951635,-56.46287853399905,0.4675779368993791,50.751451944999765
