,MAE,RMSE,NSE,alpha,beta,HFV,HFV10,LFV,FDC,training_time_minutes
1,0.8807060451370033,1.9679776186371531,-0.05076560827311827,0.8454231686263148,0.6205559335818379,0.8561324669654317,0.8784572691296757,-1.6345851334474326,0.0871988253789992,37.14209594000034
2,0.9836676440294737,2.1239252491157856,-0.2238945347836172,0.9634907137539799,0.7304600262494754,0.8906890407950686,0.9394398506907027,-4.479143875543106,0.8354886753976224,37.14209594000034
