,MAE,RMSE,NSE,alpha,beta,HFV,HFV10,LFV,FDC,r2,training_time_minutes
1,0.7522223108450469,1.882308157302226,-0.1422499106556645,1.051541832371051,0.714890822415321,12.27043352022319,7.761976063117639,-6.947426057828039,,0.4095451202061243,37.14209594000034
2,0.7914890939275331,1.8325698514193507,-0.08268160742150155,1.0277536864341328,0.9901842076747857,10.297266015001119,9.424603249273954,4.935827560316636,-17.42522890212473,0.4485799234978829,37.14209594000034
