,MAE,RMSE,NSE,alpha,beta,HFV,HFV10,LFV,FDC,training_time_minutes
1,0.044975147638994524,0.07129210204706762,0.8396693155235794,1.0446955573064416,0.7085916814437574,1.1875974611239368,0.9925980309183028,-1.651814431371844e-05,3.32125917156727e-11,19.55524490499956
2,0.033393870770450675,0.05194060244628439,0.9148964313601308,1.0176831968029572,0.7847069023848304,1.1203180294627084,0.9713190586589832,-4.8959068055163945e-05,1.0467087843435365e-08,19.55524490499956
