,MAE,RMSE,NSE,alpha,beta,HFV,HFV10,LFV,FDC,r2,training_time_minutes
1,0.07971961281965277,0.12493820865396658,0.9597740394759784,0.9585500379223882,0.8649763567199484,-9.333202500122912,1.548716234865386,-6.4562715698111495,,0.7699142454225113,19.55524490499956
2,0.10591153116836094,0.344579755814306,0.6940183436262454,0.7705503125383897,0.7046441539648931,-25.304462504635243,-22.868528897278512,-22.774012363056592,,0.8334191276769618,19.55524490499956
