,MAE,RMSE,NSE,alpha,beta,HFV,HFV10,LFV,FDC,training_time_minutes
1,0.04095917572082177,0.08400430074140348,0.8370905852687204,0.8673404331207257,0.6790149002348028,1.0439571218197312,0.8484469025100139,-4.045193449029763e-11,8.19735322907917e-08,85.69839461833335
2,0.03569962006034755,0.08468253104494088,0.834449383903204,1.0457782050480102,0.8905221870326581,1.2027390066640165,1.0652469856798088,-4.046918344448776e-11,1.072939360720813e-06,85.69839461833335
