,MAE,RMSE,NSE,alpha,beta,HFV,HFV10,LFV,FDC,training_time_minutes
1,0.009394769345670805,0.027145761136674447,0.8364852302390247,1.2521092267997094,1.1833844354390095,1.1713034545645722,1.3174059164833907,-0.0006124023102077985,-3.637858965871793e-15,13.559862914999636
2,0.027893066949428395,0.04724430230844955,0.5047188262207476,1.3759335070556085,0.3745284825303181,1.1850692788067205,1.256739047355658,-456.1708128179102,-17.290871691384233,13.559862914999636
