,MAE,RMSE,NSE,alpha,beta,HFV,HFV10,LFV,FDC,r2,training_time_minutes
1,0.02474573541075721,0.06866730469780706,0.8948299548205045,1.0074972468509837,1.1954106067434827,-2.64723823536372,17.26870234446116,23.28914831998249,,0.48124819134459806,13.559862914999636
2,0.06785976737357083,0.10180533910841591,0.768829097627742,1.1665968350467073,0.3789464082978809,8.82452470137139,18.125349288095766,-5.50297407149392,,0.5412094907410474,13.559862914999636
