,MAE,RMSE,NSE,alpha,beta,HFV,HFV10,LFV,FDC,training_time_minutes
1,1.7701212449636619,2.551308861004562,-0.04283171882071235,0.789640207154534,1.7747436276679418,0.7660342711343671,1.0635025993818064,6.292927797958789,2.9925253899424895,21.836292516667164
2,8.648857327884286,9.015064017091888,-12.02044380457703,0.9750916773089899,6.265873960471661,1.3250329462890953,2.159895192730909,46.744086953320995,12.61532916571034,21.836292516667164
