,MAE,RMSE,NSE,alpha,beta,HFV,HFV10,LFV,FDC,r2,training_time_minutes
1,2.0144504689358644,2.9197742959178434,-0.020736095381622466,0.801594968479783,1.6767711262439509,-26.1321237408431,4.853359281104524,34.02990249584,-77.27070392849404,0.2782589269592156,21.836292516667164
2,9.648085224135153,10.210226167417696,-11.482041875713216,1.1902172463655516,5.834083315257698,26.765459621657705,116.81924209935194,236.20758885725652,-156.4718110209837,0.38448292996858824,21.836292516667164
