,MAE,RMSE,NSE,alpha,beta,HFV,HFV10,LFV,FDC,training_time_minutes
1,0.3194846428278435,0.4513630688767695,-0.2646925848202728,0.330463287722109,0.3867237223031969,0.3653396419162156,0.35747617159423767,0.36657747712453714,0.6282246321900348,55.69428417333329
2,0.47947109698508683,0.5357586706922178,-0.7818508380542819,0.5709071704281106,0.07951962440698616,0.4310997763803724,0.4101684327740405,-0.6876804143125632,-0.37998019135443034,55.69428417333329
