,MAE,RMSE,NSE,alpha,beta,HFV,HFV10,LFV,FDC,r2,training_time_minutes
1,0.22184967123279378,0.3092607540110786,0.514596489028658,0.6098537565097225,0.9624315191975085,0.6593923252771708,0.663592907151901,1.2043737765583913,1.5899987078745275,0.33982955042017593,55.69428417333329
2,0.465921606347352,0.48694251368421126,-0.20339632014363773,1.0927232852877253,0.2185064563966902,0.6571210618228098,0.658881932332868,-1.9190289075978273,0.061322280550207726,0.4100853013110245,55.69428417333329
