,MAE,RMSE,NSE,alpha,beta,HFV,HFV10,LFV,FDC,training_time_minutes
1,0.1206068505293193,0.1923621613601383,0.562575640037341,0.8254154019900724,0.5326620340854189,0.7166252860205111,0.7521056979854047,-1.149805232117163e-13,3.984522504679379e-12,37.354560233333295
2,0.11669201868031118,0.18705867326197284,0.5863630108348256,0.8510152320196036,0.5618080929345279,0.7091219816908332,0.7746707958266018,-1.509556508112899e-13,1.0688203375853145e-09,37.354560233333295
