,MAE,RMSE,NSE,alpha,beta,HFV,HFV10,LFV,FDC,r2,training_time_minutes
1,0.13131977449522483,0.19217832582669692,0.9354916136368586,1.0515209557720924,0.8289013363797645,5.199118507616183,-0.2404994982278805,-0.4081679205609838,,0.29244083232355633,37.354560233333295
2,0.117107337828194,0.15920822081374097,0.9557270618001195,1.0437167541459906,0.8506354723918641,3.13274978946198,-0.6331213391170417,0.622917829688023,,0.341437558627255,37.354560233333295
