,MAE,RMSE,NSE,alpha,beta,HFV,HFV10,LFV,FDC,training_time_minutes
1,0.10220409756797254,0.20607315766548387,-0.1593706023510184,1.8010551077965296,1.967775280412595,1.3319041584505458,1.9300392878469061,-6.000204560474291e-06,0.05943735717528411,28.967526568333295
2,0.1313347739863054,0.2522686434265408,-0.7374246379327998,1.8875594453484301,2.360623867609229,1.3378687750492178,2.0007000559291517,0.016172192534399336,1.2909231153620333,28.967526568333295
