,MAE,RMSE,NSE,alpha,beta,HFV,HFV10,LFV,FDC,r2,training_time_minutes
1,0.21314560724319362,0.3290989680667594,0.7931317744601355,1.0581172641666958,1.2707009567927339,10.407355872171197,3.1468083026767526,15.986370923210362,185.91194635406265,0.37311010208434614,28.967526568333295
2,0.2463685174194502,0.38859515687446256,0.7115732639028904,1.0564142811440833,1.5243782572988034,0.31786419188407156,1.3921773967885522,28.470164378758174,63.48833065633213,0.4310767671134502,28.967526568333295
