,MAE,RMSE,NSE,alpha,beta,HFV,HFV10,LFV,FDC,training_time_minutes
1,0.1088290686479782,0.31304021062267723,-0.3916708337451429,0.4041505387078991,0.17069655999467406,0.31088544119977185,0.3065129960730138,-314.390715026095,-2.241562363923289e-15,27.01019770833336
2,0.02971526797424547,0.06387875145206627,0.9420505778997305,1.1051389886226002,0.9923115568554846,1.1867061276728634,1.0869338597696736,-2.780066687286613e-11,7.547072430871536e-12,27.01019770833336
