,MAE,RMSE,NSE,alpha,beta,HFV,HFV10,LFV,FDC,r2,training_time_minutes
1,4.814977804127963,5.235328966473614,-79.07589293645343,4.0176474389841035,14.991038558577044,79.62581934494348,263.0386293568247,539.0166804910602,-88.97707505474055,0.474097131062752,27.01019770833336
2,0.04005122489739301,0.08444364634711286,0.9791671928104518,0.9945650066395376,0.9775489830011831,-0.8722799330992247,0.16799303222687614,-0.27344093346032877,,0.7505281726370316,27.01019770833336
