,MAE,RMSE,NSE,alpha,beta,HFV,HFV10,LFV,FDC,training_time_minutes
1,0.032275617885900776,0.06431758681765333,0.9168819487271374,0.9774145251094605,0.787996491341392,1.0596133342632992,0.9689623762065398,-2.650071131536325e-05,-1.8836995280860147e-15,12.189045286666563
2,0.029513673195623806,0.05913113527179964,0.9297464452272466,1.0647545426218972,0.8935712937782438,1.166032017088657,1.0522333824031422,-0.00011548928267524991,-2.8893738372096337e-15,12.189045286666563
