,MAE,RMSE,NSE,alpha,beta,HFV,HFV10,LFV,FDC,r2,training_time_minutes
1,0.06204747866645176,0.13639327579231883,0.9587266768265073,1.0011107527212668,0.8982255225745793,0.9680874186427809,3.2868324769038195,-4.257942542893452,,0.6165677970674268,12.189045286666563
2,0.048971679662493786,0.1174424259501858,0.9693991461101379,0.9902844574571682,0.9353336385891697,-1.3720822816683593,0.790672128502292,-2.1460771157544407,,0.7183518443718961,12.189045286666563
