,MAE,RMSE,NSE,alpha,beta,HFV,HFV10,LFV,FDC,training_time_minutes
1,0.01405883470779749,0.03143670168180459,0.9551102482549259,0.9499405212286428,0.9053561530207023,1.0103118591129001,0.9380546658524125,-0.0001328991243591964,0.2642812197394132,22.03824600833335
2,0.018412681306464458,0.03529006347119554,0.9434310477694086,0.9630773914746019,0.8331472447360027,1.055706145840398,0.9468253088266317,-0.0003574878904037293,0.00011710529247216587,22.03824600833335
