,MAE,RMSE,NSE,alpha,beta,HFV,HFV10,LFV,FDC,r2,training_time_minutes
1,0.027798303914219166,0.05660998539021873,0.9607078053355995,0.9913260610341587,0.9694411273517014,-2.8943100995859425,3.2571422866281865,-2.972802426322092,56.86149843437595,0.83063693224097,22.03824600833335
2,0.03065742864776583,0.05501566089038182,0.9628898362921441,1.0029590555683898,0.9203939603072006,-1.8918149795244157,4.315933221397416,-4.23714887444039,287.70537166108386,0.8641163211106312,22.03824600833335
