,MAE,RMSE,NSE,alpha,beta,HFV,HFV10,LFV,FDC,training_time_minutes
1,0.2808138693416907,0.5601648936626011,-0.030266938638705554,0.7206855068298369,0.41221224613818097,0.4735424083708112,0.5713907758504398,-1.0670296117460885,0.037085525625458624,8.305606621666811
2,0.29408605422149875,0.607453050961007,-0.21155580797313367,0.7490909470783682,0.3624948939630565,0.4520209168530305,0.5458561679652814,-1.3440550653301917,0.04252921592102887,8.305606621666811
