,MAE,RMSE,NSE,alpha,beta,HFV,HFV10,LFV,FDC,r2,training_time_minutes
1,0.16449686944513683,0.2563320373351676,0.6038340741153114,0.7735014646123796,0.6403814077974473,-36.8418345126041,-25.48263969069617,-21.621212786404097,,0.1216189072486138,8.305606621666811
2,0.167997897989153,0.26968466827127074,0.5614856042539793,0.7394769759095445,0.6210236755577379,-39.248412864981056,-28.410479470652508,-24.86889993310259,,0.1268769185783324,8.305606621666811
