,MAE,RMSE,NSE,alpha,beta,HFV,HFV10,LFV,FDC,training_time_minutes
1,1081.7868398557735,1578.726934783859,-697682.9879281906,608.5833454175631,735.255996130995,219.08710691135633,428.91280765632365,2.1516190087157465,494.0741183381996,21.57076430833355
2,102.61860925664318,149.5807468815045,-6262.197598918103,57.81681249899846,70.31010843070239,21.04728153617687,41.11511325276893,2.707490186601079,45.05198632726115,21.57076430833355
