,MAE,RMSE,NSE,alpha,beta,HFV,HFV10,LFV,FDC,r2,training_time_minutes
1,0.7699862761858366,1.4272107984932645,0.03235514176201182,0.8865983638288273,1.002819306308966,-1.2194561327630875,-4.222614045274631,-6.65966056143303,-40.92964302106084,0.41939702441648885,21.57076430833355
2,0.6696189993341691,1.1994992356946759,0.3164981436228764,0.5810281259450835,0.9484831830350229,-37.18833088678487,-35.02803195095064,-25.294527607839456,-65.23440862505937,0.5978900084700007,21.57076430833355
