,MAE,RMSE,NSE,alpha,beta,HFV,HFV10,LFV,FDC,training_length_days,training_time_minutes
1,1.0603639127241098,1.2097028318155725,-1701.1575103464559,19.845890417254765,0.8937689960516345,0.990755433069395,0.9827861813869875,0.8355534957949448,0.853596662238347,2334,91.82561994499999
2,1.0111733233570408,1.1571776499790047,-1556.551533477904,19.17700656911387,0.8986970831268075,0.9909853149375012,0.9838794297954214,0.8422935557808463,0.8601276099847599,2334,91.82561994499999
