,MAE,RMSE,NSE,alpha,beta,HFV,HFV10,LFV,FDC,training_time_minutes
1,69.75557794547679,71.173057648854,-352.00880399442934,3.686521863296606,77.57493600288576,3.749456223492081,10.923264282069873,33917.7513400107,1280.6137299720997,60.849087150000074
2,0.9438757594258022,3.2337117889277955,0.2712863428274722,0.5628234891150483,0.6493010829453002,0.5717731754895585,0.6559937447620854,-56.34201543303265,0.018705316166001,60.849087150000074
