,MAE,RMSE,NSE,alpha,beta,HFV,HFV10,LFV,FDC,r2,training_time_minutes
1,69.41584765237121,71.05484216288211,-461.424958619021,4.563696132106047,89.13302366516615,312.3148778398271,1124.3438746146132,3091.0672096989147,-75.44737294462635,0.4791006459937608,60.849087150000074
2,0.8696365961355584,2.903456389667433,0.22788049649938347,0.5687329922642917,0.7306260449580677,-44.3877693959897,-30.214566311503006,-21.889435731241704,,0.5153210919745339,60.849087150000074
