,MAE,RMSE,NSE,alpha,beta,HFV,HFV10,LFV,FDC,training_time_minutes
1,0.6836988161752076,1.0689611539667132,0.4392162189795581,0.7823063671176208,0.5145272236237566,1.0180849231632265,0.9294115685326292,0.0051477924217376925,0.1487510834207399,13.816605374999927
2,0.5767934620392543,0.8463618985826323,0.6484526680477931,0.5855908250552496,0.6243190275733824,0.8319141489514781,0.699019921016845,1.2016345603336283,0.8544806005137059,13.816605374999927
