,MAE,RMSE,NSE,alpha,beta,HFV,HFV10,LFV,FDC,r2,training_time_minutes
1,0.9821568701799218,1.3617237240732876,0.3767519976874384,1.349734246976435,0.8440800616633808,26.63900235586476,43.42034229173834,21.778353195895928,164.1175663190417,0.36706147764998265,13.816605374999927
2,0.43738163139448855,0.5622493170797798,0.8937471077281467,1.009345420341989,1.019259709064194,-11.549318857930798,5.9829588801322435,10.132110732527948,-58.751692552001444,0.717040254081359,13.816605374999927
