,MAE,RMSE,NSE,alpha,beta,HFV,HFV10,LFV,FDC,training_time_minutes
1,0.11906163510944599,0.5975939126846606,0.030020514393840347,0.16619836069506896,-0.6414537137604432,0.2783755556996163,0.4479357698852504,-12.15298931889926,-4.51391028362375,8.840564529999392
2,0.11854999356969317,0.6025493174658838,0.013867170662163364,0.13594958637686388,-0.7878507916057395,0.20169318574996467,0.3122475888780543,-12.694918669481154,-4.270399637915119,8.840564529999392
