,MAE,RMSE,NSE,alpha,beta,HFV,HFV10,LFV,FDC,r2,training_time_minutes
1,0.07936450957048352,0.12626751516333823,-1.122551337441421,1.1025886375651455,-2.5634921495040546,68.52775991320144,106.5434848158959,24.64435410323932,,0.05772542434694106,8.840564529999392
2,0.07834466753386066,0.13198562210388937,-1.3191464942014655,1.256539424189878,-2.3396553389387442,89.94157473664518,124.82412359524376,47.685811650814216,,0.0832915619862552,8.840564529999392
