,MAE,RMSE,NSE,alpha,beta,HFV,HFV10,LFV,FDC,training_time_minutes
1,35.90316681699129,43.972593238232385,-148.3563773763996,7.764948815913927,-11.580281713366357,0.7782716863480832,1.115899723114682,-95.26563433220484,-19.625244481946257,13.135128561667322
2,54.99850712936074,60.16115381386996,-278.57087658127534,6.667879066639052,21.282598061644865,4.877565112634651,9.786477517606455,44.056594278422835,30.78581969342767,13.135128561667322
