,MAE,RMSE,NSE,alpha,beta,HFV,HFV10,LFV,FDC,r2,training_time_minutes
1,40.918807638865104,47.88595009383546,-157.13910466595016,6.477823967997689,-18.492204752208817,-93.8459384102845,-135.83869809936272,-334.1714290651233,,0.2851786573617948,13.135128561667322
2,33.593103829248804,39.68087864186939,-107.5889462045473,5.568209772878499,16.951595512907932,282.4534841793255,765.1487108066084,1285.921112572228,13.823021630921797,0.28979239503004506,13.135128561667322
