,MAE,RMSE,NSE,alpha,beta,HFV,HFV10,LFV,FDC,training_time_minutes
1,0.2446057289014831,0.35641103591296097,0.797226408720459,0.9469335690386729,0.9580081827776814,0.8773293448251412,0.9246662003805768,0.6433254005404486,0.9839374274045368,10.44449061833293
2,0.29595583823763205,0.41109832446084704,0.7302257336222835,0.8216308120099698,1.1284892423324706,0.8407936298776936,0.8888133764602544,1.2937635039365165,1.4064845922597253,10.44449061833293
