,MAE,RMSE,NSE,alpha,beta,HFV,HFV10,LFV,FDC,r2,training_time_minutes
1,0.25915342988831036,0.35416813787728796,0.924575321492164,0.9612804746357728,1.0642107564125218,2.790003887574787,-1.6817901916131746,-2.4035170314618894,10.081687275042873,0.48991583842821373,10.44449061833293
2,0.3384978224980454,0.41197148815462975,0.8979462865361798,0.8857021640367153,1.1359951747595163,2.62091357537487,-2.3277109077210363,-3.1507673048977565,-45.04515315636581,0.5385706051125588,10.44449061833293
