,MAE,RMSE,NSE,alpha,beta,HFV,HFV10,LFV,FDC,training_time_minutes
1,2513082.967272868,2562226.76353248,-414438692677.9069,125481.11140105846,2690952.153279861,113561.24288418946,342991.02040914126,969384741.5099348,66340775.89815528,32.35536524833393
2,1.4604996049541499,3.428746988274291,0.2578425577995863,0.5184679967577427,1.484672238104911,0.4908412808318096,0.6141384593387773,239.49820441457015,24.275297604607342,32.35536524833393
