,MAE,RMSE,NSE,alpha,beta,HFV,HFV10,LFV,FDC,r2,training_time_minutes
1,2504679.3828080604,2557539.360775088,-879968970213.6415,189734.10585064025,4237655.214926084,16599315.024702305,53809839.78741032,147045107.6838834,-72.80527115600903,0.33892232955692525,32.35536524833393
2,1.324287500027474,2.47018687090632,0.17911499254069507,0.6375864666808729,2.3425483356213235,-34.51095951332539,-6.802526546834512,43.726102632788255,-61.542330085219454,0.535472541608607,32.35536524833393
