,MAE,RMSE,NSE,alpha,beta,HFV,HFV10,LFV,FDC,training_time_minutes
1,1.255444999855667,2.107930263899072,0.16399018279152655,0.6523684094739974,1.7306397783479883,0.5869285771720972,0.855818892518795,15.158738158792326,7.194723942630906,47.227982909999746
2,1.384107517741197,2.254032647731274,0.044084940853400534,0.8617811571569811,1.1234453079898745,0.6054476532949746,0.9393392655369665,-38.39191381089286,2.24522682917269,47.227982909999746
