,MAE,RMSE,NSE,alpha,beta,HFV,HFV10,LFV,FDC,r2,training_time_minutes
1,1.2891782459223466,2.1872427758288135,-0.16287640153415994,0.9115884314596555,2.472583907938367,-16.6940455391081,25.282950072383564,86.42776559377697,-27.85800292510437,0.26062924479230354,47.227982909999746
2,1.2369211617239737,2.085320450375794,-0.05702480860708303,1.0283847731037206,1.0550474104751082,-19.663105447056,17.916970182936893,60.59274490804743,,0.27826465059757355,47.227982909999746
