,MAE,RMSE,NSE,alpha,beta,HFV,HFV10,LFV,FDC,training_time_minutes
1,1.4540481035408321,2.354440891709593,0.16063761282419997,0.4782816289515769,0.7988820380222458,0.4297451445157212,0.5255329920653316,1.2336101383521314,1.3781721870367258,14.469221539999854
2,1.9409672830485258,2.5651611076781995,0.0036699860105752213,0.5940474086272128,1.6720797079478595,0.6457870752790354,0.8280401555260016,8.841614383570448,3.0257851167529592,14.469221539999854
