,MAE,RMSE,NSE,alpha,beta,HFV,HFV10,LFV,FDC,r2,training_time_minutes
1,1.4606150209522448,2.382609414786058,0.14155411532164863,0.4866051334376055,0.5157112369063126,-63.42798540675731,-52.90625482918851,-44.743157810549896,,0.2375279513621169,14.469221539999854
2,2.082383889365234,2.7328094353524546,-0.12934312614588372,0.6058789501656636,1.7844739098405404,-42.28688796785079,-14.855550456288277,18.20617949444665,-101.662228837446,0.32616258651732954,14.469221539999854
