,MAE,RMSE,NSE,alpha,beta,HFV,HFV10,LFV,FDC,training_time_minutes
1,0.22796158300494462,0.4778209191780973,0.035516949437901735,0.22295119504952135,0.47499009182224844,0.21551915883263525,0.2566083718966802,0.7060685321626734,1.1447162248934786,10.94842194999995
2,0.206776874364232,0.4426248109392594,0.1723708289218593,0.28389207067941996,0.5141916182992277,0.28696162332645436,0.32626179011424616,0.7126557187305415,1.115486890669614,10.94842194999995
