,MAE,RMSE,NSE,alpha,beta,HFV,HFV10,LFV,FDC,r2,training_time_minutes
1,0.14487722454990273,0.3043221584774561,0.07857602370018901,0.3361656113273916,0.6604307306638607,-69.55969985394168,-60.42517641232595,-46.50513591871933,10.446731022756566,0.0773440839925209,10.94842194999995
2,0.1302503848907725,0.2866771718713941,0.18232902759472702,0.379150175974811,0.683307255106993,-60.779749081360436,-56.50058779370487,-43.512936515178154,11.390987493765584,0.11309261111617008,10.94842194999995
