,MAE,RMSE,NSE,alpha,beta,HFV,HFV10,LFV,FDC,training_time_minutes
1,0.15310963740752656,0.17881133027543986,0.738830177831528,0.9422894769208966,0.5447113248905394,0.7647198599222975,0.8589217363494156,4.791499953880539e-06,0.016479091198376813,11.617814880000273
2,0.15942594912465466,0.19180263236646825,0.6995016777254308,0.8806661487436417,0.5159943901893836,0.7104140733886752,0.8021018420884475,2.9716471572724454e-05,0.03046361640712157,11.617814880000273
