,MAE,RMSE,NSE,alpha,beta,HFV,HFV10,LFV,FDC,r2,training_time_minutes
1,0.15152048951510871,0.18300436256585323,0.961076469430086,1.0668559944095164,0.9290076550854156,0.011677695870971535,0.5053345830119148,3.783172985021198,361.44913444439675,0.6509759252333117,11.617814880000273
2,0.14995354081574921,0.18188975078495534,0.9615491631438193,1.0503798681539442,0.9101384007647166,-0.16195352065584692,-0.8141674597507049,1.39110907361116,297.3900123077611,0.7056313249039796,11.617814880000273
