,MAE,RMSE,NSE,alpha,beta,HFV,HFV10,LFV,FDC,training_time_minutes
1,1.276418802169422,2.160608688179188,0.02042329626152628,0.8945359401793984,1.28037432596422,0.8412655008991695,1.0257739730172297,2.4239572241658696,1.4776407849879576,20.072874194999653
2,1.486499658788954,2.3085457402372294,-0.11831250087877843,1.0610655478583926,0.7980453826000823,0.8462995053149318,1.0037138455004226,-2.3424330493121763,0.6630387175491553,20.072874194999653
