,MAE,RMSE,NSE,alpha,beta,HFV,HFV10,LFV,FDC,r2,training_time_minutes
1,1.4348736456794193,2.607016478713562,-0.04825157276361702,0.9578414925673631,1.3417849086977085,-8.766009155920598,8.643129300017309,22.596770874023917,-35.848275343722804,0.3147780405884527,20.072874194999653
2,1.450328546670198,2.6247924386892008,-0.06259532938040757,1.0864084289799023,0.9760788798452608,-6.33539630565532,9.777534042722769,16.811409174016696,,0.3231587846663043,20.072874194999653
