,MAE,RMSE,NSE,alpha,beta,HFV,HFV10,LFV,FDC,training_time_minutes
1,0.029528899274225227,0.077043269421652,0.6177670748376951,1.4600819028416732,1.0535622113861445,1.7222143477804088,1.3775493217422006,-9.682397314542619e-12,-1.862471963184855e-15,7.822895956667101
2,0.036874470114196735,0.08413958433868149,0.5441106887980804,1.4132486102436668,0.8847790660370715,1.679341779571147,1.3062116519075515,-28.124662400934735,4.0323424664423127e-13,7.822895956667101
