,MAE,RMSE,NSE,alpha,beta,HFV,HFV10,LFV,FDC,r2,training_time_minutes
1,0.07479521447419231,0.20772266462073619,0.7366280334976747,1.0883943276850527,1.1537042587304238,6.291646045351454,42.52012592820505,24.213834234975238,,0.38113065749098896,7.822895956667101
2,0.08043648295039064,0.18520193424276818,0.7906404323624184,1.0877160939334884,0.9689041778122702,9.154194831002648,33.13951366600189,12.385327523840955,,0.4239881565417084,7.822895956667101
