,MAE,RMSE,NSE,alpha,beta,HFV,HFV10,LFV,FDC,training_time_minutes
1,257.18037931837625,259.96565291795434,-13668.527291214052,17.091600325660988,339.3851868817456,20.599517282689437,51.26116097821258,5328.893809860864,2133.642114338488,23.58458670833303
2,0.9565461192535458,1.9632204163066005,0.22042181832100904,0.6056811146154234,1.2729952531140656,0.590527526074632,0.7219146249091917,0.41863013869615007,5.399682258720142,23.58458670833303
