,MAE,RMSE,NSE,alpha,beta,HFV,HFV10,LFV,FDC,r2,training_time_minutes
1,256.1660291795662,259.50230809219806,-13947.921147864374,18.896626195518035,407.7805988646781,1983.260943192836,5878.93429989354,14596.07911003999,-66.75494078968852,0.29636563805490657,23.58458670833303
2,0.8605350849709983,1.9055843832583292,0.24783254319859582,0.5588708142299104,1.4684826268457873,-44.10761978739935,-21.508654468253965,10.929752907427472,-16.621069716938386,0.4411428833814045,23.58458670833303
