,MAE,RMSE,NSE,alpha,beta,HFV,HFV10,LFV,FDC,training_time_minutes
1,13.342859208451497,15.127308563341348,-27.304843878610836,2.44889083829899,-5.902121475695072,0.14178192621513896,-0.04796595018878616,-76.56515786933677,-12.533142485095027,9.848931824999939
2,2.1124306211900006,2.9070678915574204,-0.04531644138831736,0.8091560567167183,1.6561756071301503,0.7595634608706935,1.005624408828693,4.663711189475295,2.6628893243309073,9.848931824999939
