,MAE,RMSE,NSE,alpha,beta,HFV,HFV10,LFV,FDC,r2,training_time_minutes
1,11.909873266971193,13.728249324118783,-19.612778369297097,2.107499265491953,-4.333571574705564,-86.72675565584186,-98.94326915532216,-148.6139268393987,,0.2831377991078028,9.848931824999939
2,1.9765160062106621,2.8609750555599067,0.10477055052919915,0.7399299599709278,1.4547340941206757,-29.03926408398706,-9.267000441893405,14.641737846223531,-91.11546972541578,0.42601652411938984,9.848931824999939
