,MAE,RMSE,NSE,alpha,beta,HFV,HFV10,LFV,FDC,training_time_minutes
1,0.01942073463986004,0.04353513533816102,0.8511455330682255,0.8137502596599334,0.7106806626928727,0.9182839387974284,0.8018087096612357,-7.80698293201165e-11,5.0961872374895455e-05,14.300630300000194
2,0.4916117385443351,0.5205154173615435,-20.278904682679585,1.0224986236601283,-7.798376628805361,0.01282749085364237,-0.549585193793652,-5056.369739730733,-1490.996961205057,14.300630300000194
