,MAE,RMSE,NSE,alpha,beta,HFV,HFV10,LFV,FDC,r2,training_time_minutes
1,0.04066297942020574,0.06661302351974352,0.9076256644379004,1.0166760727395445,0.8629963284439675,-2.0642649250115968,6.107823216061068,-9.236146471071912,,0.8378421767530508,14.300630300000194
2,0.579361876056749,0.6339487924997411,-7.3664533269628105,1.008272278434239,5.09823623810747,-2.7892139813672645,40.27975023872567,121.9201909258313,-60.04104276589621,0.882436822552683,14.300630300000194
