,MAE,RMSE,NSE,alpha,beta,HFV,HFV10,LFV,FDC,training_time_minutes
1,0.09531613044516946,0.16797507811919646,0.4754900716005932,0.5736248924338853,0.7720093922227717,0.5756501939471296,0.5712820114087267,0.43519807171631614,1.1772360540138458,8.383170465000633
2,0.12831381840347672,0.19550118035933006,0.2895021345196359,0.4880542146224341,1.0377685268179493,0.5042334279130849,0.5584327405089821,1.5347416767622633,2.079349777326468,8.383170465000633
