,MAE,RMSE,NSE,alpha,beta,HFV,HFV10,LFV,FDC,r2,training_time_minutes
1,0.06514112495534816,0.1107614761575548,0.5904598141166824,0.8019896436421967,0.8993646925710075,-25.237448160118515,-20.516034865913277,-5.560953210060412,52.810260039972896,0.18482028527035277,8.383170465000633
2,0.08819104062125911,0.1326122865735401,0.4129344719094187,0.7161276075387925,1.2122526641035263,-26.816555168591144,-24.50653924479446,-1.00556247335275,9.339850046707337,0.2095094071090161,8.383170465000633
