,MAE,RMSE,NSE,alpha,beta,HFV,HFV10,LFV,FDC,training_time_minutes
1,0.2545440009709131,0.4081494067299638,-0.9692552317175378,0.23371741957633002,-0.10511520095823568,0.14170795631536445,0.05403668969046072,-2.772097034441402,-1.1968294520456183e-06,23.665944060000037
2,0.16251065164429201,0.27134676606443103,0.1296118517323298,0.6711635680687351,0.3666635679479577,0.7305979345819156,0.6111830713813616,-0.11487069247133856,1.8156232395764078e-05,23.665944060000037
