,MAE,RMSE,NSE,alpha,beta,HFV,HFV10,LFV,FDC,r2,training_time_minutes
1,0.3717385792548171,0.5222126287230008,0.5236763914381177,1.1403739176562295,0.40396237332633583,10.290480433784312,12.029808715895879,-28.308746725572803,,0.22144187355541234,23.665944060000037
2,0.20818254193671842,0.2882329256621012,0.8548909339009126,1.0391747259988757,0.681535459606878,2.0622635835688197,2.816423797113707,-14.528187582807355,817.4639856876063,0.29212522267337104,23.665944060000037
