,MAE,RMSE,NSE,alpha,beta,HFV,HFV10,LFV,FDC,training_time_minutes
1,0.8913674497419805,1.1069699063105412,-1.479739801513337,0.31209785608090435,0.16641122220998417,0.22274932352903434,0.21331504791923797,-0.08814154943603866,0.15528788363985824,91.65614209500005
2,0.7373755723363524,0.9068889110633026,-0.6643423613173782,0.3961756399400338,0.31451590849982475,0.32884538530259266,0.32222177513249495,0.1342503461327943,0.3073396265120673,91.65614209500005
