,MAE,RMSE,NSE,alpha,beta,HFV,HFV10,LFV,FDC,r2,training_time_minutes
1,0.7530005326464033,1.240415905731739,-1.261593449762362,0.5645186449656805,0.44364618703896425,0.3983486167572881,0.4291815361889979,0.1295379176329482,0.4845320025114079,0.1308085511135728,91.65614209500005
2,0.5013476421965547,0.6630825242102564,0.35372843393045805,0.8864003185763548,0.9201714021372448,0.7121318665844836,0.7338677974020457,0.5809209083016992,1.241303977544336,0.8016619657173021,91.65614209500005
