,MAE,RMSE,NSE,alpha,beta,HFV,HFV10,LFV,FDC,training_time_minutes
1,1.8418022888268697,2.4680995526046354,-0.14340763311495253,0.8231523141624426,1.7848846307039368,0.7542808045445188,1.032786000742133,6.2204648943478045,2.964833351107486,26.56022545833354
2,3.075227017291408,3.5044317476855515,-1.3052124300525234,0.7499192990191519,2.7056201971000706,0.8110559001497872,1.180891101912861,15.409794427466906,4.87343621005809,26.56022545833354
