,MAE,RMSE,NSE,alpha,beta,HFV,HFV10,LFV,FDC,r2,training_time_minutes
1,1.9477076176377213,2.6514512735090836,-0.13781177564719926,0.8016395548660985,1.8036545472802303,-24.270409808313786,2.90820813157435,34.21319506936029,-77.68983246202424,0.2987521613745425,26.56022545833354
2,3.176300701962001,3.66255858845346,-1.1710622935081259,0.7969915409356614,2.696357531509006,-16.500357702368465,19.239104139038616,69.48553532242404,-112.10005162846443,0.4614168941696595,26.56022545833354
