,MAE,RMSE,NSE,alpha,beta,HFV,HFV10,LFV,FDC,training_time_minutes
1,0.02808484673596539,0.056957752849073735,0.8180357599645102,1.1847490684036606,0.8410378386685929,1.3878118158293362,1.1121299866749292,-7.145023382565267e-12,-7.468398585671748e-16,70.77033484999993
2,1.080028319599667,1.1567418708888508,-74.05044414316916,2.7669236973106037,17.027833996879924,3.041914812373779,3.6179307891257,3229.9515906580195,1040.0427353906673,70.77033484999993
