,MAE,RMSE,NSE,alpha,beta,HFV,HFV10,LFV,FDC,training_time_minutes
1,0.22830070752804565,0.2640243464516812,0.10265593273004958,1.0380935557320394,0.3974453219842588,1.14576422688866,0.9373190021640192,-2.924819659780087e-06,0.00011496524140633707,18.411137985001552
2,0.1721438070923671,0.20580845777239254,0.45474773307230876,0.9148730938076621,0.5124988143329796,0.9765648741062674,0.8208466085660517,0.032949055120199904,0.27455371538861656,18.411137985001552
