,MAE,RMSE,NSE,alpha,beta,HFV,HFV10,LFV,FDC,r2,training_time_minutes
1,0.30683766764020726,0.3617828918207052,0.47023644622765925,1.3428067651279272,0.663653540670825,15.150862947058862,24.706509656842403,-0.04987487290313641,1068.0682924803748,0.4378454260820692,18.411137985001552
2,0.1444489461441284,0.17667626449914944,0.8736595435355544,1.1018435886151128,0.8553062164050407,-13.189560516056785,-0.1868381239537607,3.525523467963412,131.5542400267537,0.7710220574554757,18.411137985001552
