,MAE,RMSE,NSE,alpha,beta,HFV,HFV10,LFV,FDC,training_time_minutes
1,60.909648561539974,109.18812992215837,-172.9082880759985,11.73130141754065,-28.409358208770342,0.5443938250604273,1.6580363842237382,-inf,-inf,139.46843594833337
2,,,,,,,,,,139.46843594833337
