,MAE,RMSE,NSE,alpha,beta,HFV,HFV10,LFV,FDC,training_time_minutes
1,1.8962424800556963,3.928160856543275,0.18408872838060697,0.8066447225826263,1.0351512355443167,0.742532120890131,0.9668971362098314,0.8615116806019599,1.0246235165959887,26.208773368334125
2,2.7279995642596115,4.119120822937336,0.10283263503932571,0.6590827971432552,1.6601086490316945,0.6767920721560707,0.9302279534378788,4.346794376125853,2.558031186145435,26.208773368334125
