,MAE,RMSE,NSE,alpha,beta,HFV,HFV10,LFV,FDC,r2,training_time_minutes
1,2.1089486064643426,4.417374480361276,0.023609809195249576,0.9666550295974154,1.0582748893766571,-8.124185211168777,5.646002417930686,10.59523824348023,366.05982264390985,0.3988156299548248,26.208773368334125
2,2.9143363020885267,4.356317492346543,0.050414619088593016,0.7703851040107558,1.6443195255613194,-22.71382490664324,-0.35758298038637804,27.941565968695553,-424.70133776321114,0.584432869332933,26.208773368334125
