,MAE,RMSE,NSE,alpha,beta,HFV,HFV10,LFV,FDC,training_length_days,training_time_minutes
1,0.31156420959027176,0.4606247592690194,-1.4542705041745791,1.947109862861088,0.7303545955175336,2.0523624262089815,1.6580383024708523,0.01930500819116829,0.04318969701493358,402,45.74156252166667
2,0.6886347053579288,0.7579165312462397,-5.644627373980609,1.459573999141754,2.641406517033369,1.949224316728987,2.1320102676573742,4.7659966498498365,2.8355287111806726,402,45.74156252166667
