,MAE,RMSE,NSE,alpha,beta,HFV,HFV10,LFV,FDC,r2,training_length_days,training_time_minutes
1,0.4212250908049991,0.5474502824589759,-0.1556900840832578,1.4155673962248259,0.63100432736439,28.673417590892345,37.52404344464354,0.24041930555834579,393.89165421711596,0.18539899177465635,402,45.74156252166667
2,0.6358785632312447,0.7109548624233996,-0.9491087731861079,1.0568364684504712,2.00178745684905,23.415142699989914,62.842383620214456,83.721004207062,-4.96002946920164,0.2806846238713636,402,45.74156252166667
