,MAE,RMSE,NSE,alpha,beta,HFV,HFV10,LFV,FDC,training_time_minutes
1,12.444762964834178,14.748820403709695,-72.1181402471508,4.799371638284169,13.242480445685493,3.047374150853366,5.6946641118861,40.42406171711137,30.310801167856294,32.5876404283333
2,73.24046115657903,85.23128686467047,-2440.7919267227057,25.298963139024387,74.79826485855209,15.889783659306516,31.009978841035934,272.566997831259,171.19865439424325,32.5876404283333
