,MAE,RMSE,NSE,alpha,beta,HFV,HFV10,LFV,FDC,r2,training_time_minutes
1,11.89372859295195,14.41842945550991,-18.48671168193609,2.5908058425603233,10.820893323889454,98.33504513403071,335.70697104626447,661.4211180852527,-27.40563616555263,0.3760184597776959,32.5876404283333
2,69.75161371499136,82.29161889601076,-633.7662943922471,13.445728676655223,59.848909166258096,895.6753147628436,2219.0994294085326,4007.4203034329066,-34.867135539429,0.38020048610688817,32.5876404283333
