,MAE,RMSE,NSE,alpha,beta,HFV,HFV10,LFV,FDC,training_time_minutes
1,0.029282555062893467,0.03494581025683611,0.9051683261117152,1.0125187588478752,0.7530086060574537,0.9719809840127789,0.9162335355992391,0.07168273666417856,0.29736018317285073,22.79195900333337
2,0.04039255772474903,0.05084463071886138,0.7992510038546369,0.9024368783884689,0.640164671266986,0.7806049195339175,0.8108301021925337,0.0007462887348672861,0.09773175576164463,22.79195900333337
