,MAE,RMSE,NSE,alpha,beta,HFV,HFV10,LFV,FDC,r2,training_time_minutes
1,0.04001892495895593,0.05216994222255117,0.9444126667900068,1.0323926452168048,0.8693766315760426,-3.891681401150284,2.8858982285919628,-4.812440692703445,59.605032477397366,0.7182654906102801,22.79195900333337
2,0.04702961616191161,0.0631736889302518,0.9184906174944033,0.9671606772595496,0.8830940534817248,-14.626995121432834,-9.646806503070758,-4.643019976854183,143.01900702948973,0.758474188977736,22.79195900333337
