,MAE,RMSE,NSE,alpha,beta,HFV,HFV10,LFV,FDC,training_time_minutes
1,0.3026833624613147,0.52072089025409,0.48027867720807593,0.6015434008584634,0.9649627384690788,0.49321562808775277,0.6087518924037624,0.6839931403425383,1.6230796797766014,10.942090663333328
2,0.3215644290129827,0.640536870636919,0.21359041082471553,0.3683626323622506,0.48390980333194183,0.30237357759656036,0.3671386196185122,0.2322819258381492,0.628643274084044,10.942090663333328
