,MAE,RMSE,NSE,alpha,beta,HFV,HFV10,LFV,FDC,r2,training_time_minutes
1,0.2773664930643493,0.5459169250921757,0.38830174185878064,0.468050381656668,0.9614999582494405,-66.9029750853579,-47.37966872131077,-18.006592979568488,39.32548370819896,0.05436281969653045,10.942090663333328
2,0.28045243916232476,0.6084359184574148,0.24017458753263765,0.35696987935525076,0.4545832796254429,-73.36844008915499,-63.118089792082145,-50.65520973241183,137.03949812891227,0.0938057238127451,10.942090663333328
