,MAE,RMSE,NSE,alpha,beta,HFV,HFV10,LFV,FDC,training_time_minutes
1,19503751.93048601,20103224.16175466,-81743453688776.1,2191447.962705811,25662070.419943858,1614614.1750028345,4029424.8396316622,364644038.6063576,168195746.91292354,19.55093680333327
2,5.676295966237288,6.137549498013389,-6.619238487850593,1.0843703959833704,8.225915778725838,1.0499583610925678,2.0407278947037586,81.7573214987582,48.08029296385605,19.55093680333327
