,MAE,RMSE,NSE,alpha,beta,HFV,HFV10,LFV,FDC,r2,training_time_minutes
1,19335231.284728207,20011533.88812552,-82950484439892.9,2347762.373726995,30703513.820833046,163288981.54780316,470029841.6684719,1157138467.9492877,-66.76644866815136,0.2892635522636542,19.55093680333327
2,5.577700217151838,5.918914861433382,-6.256753239463925,0.9151146951964433,9.5315583336202,-3.1466241979262164,114.26638243607475,348.68640456088383,-53.63434729002278,0.4342162983699872,19.55093680333327
