,MAE,RMSE,NSE,alpha,beta,HFV,HFV10,LFV,FDC
1,0.45583912307318664,0.6984529603432444,0.03750595985631289,0.5089249884031726,0.8794565004398597,0.6068407309903793,0.6054627296066996,1.1599880185225764,1.4002925052023014
2,0.572210327482452,0.8271016110693454,-0.3497130833051676,0.4172234600429264,0.45239649424737466,0.43174647967296076,0.41023420978208686,0.37221336052527026,0.6131385401296403
