,MAE,RMSE,NSE,alpha,beta,HFV,HFV10,LFV,FDC,training_time_minutes
1,0.02519996951032885,0.05527741750748791,0.865989070025004,1.1252561298344352,0.8723670502719798,1.2239162153902339,1.0701180886344082,-3.7282238790911895e-12,-3.746545088340066e-15,62.476299110000035
2,0.022038716728717125,0.050703018586814974,0.8872510873902063,1.1276127084487797,0.9158747250598502,1.226444452246109,1.0866789109586228,-4.072952781393537e-12,0.0013929401829434708,62.476299110000035
