,MAE,RMSE,NSE,alpha,beta,HFV,HFV10,LFV,FDC,r2,training_time_minutes
1,0.04834926092849215,0.09866935359518732,0.9428504637329514,1.020254002249495,0.9531203691028557,-5.115537695885244,13.431774537715697,0.8893139036762004,,0.6728306605468191,62.476299110000035
2,0.040148488530713886,0.08727621804320582,0.9552863645329536,1.0356811199114229,1.0007029761913744,-2.3603218047933465,13.63787964693622,3.4140742409098017,211.68150423888466,0.8038012156250431,62.476299110000035
