,MAE,RMSE,NSE,alpha,beta,HFV,HFV10,LFV,FDC,training_time_minutes
1,223765.2492076161,230558.62714563476,-302491307476.0449,132525.889501868,-642914.5118145319,-0.11469307860129335,-77252.26955433976,-5384925.193037521,-1842181.0049659403,14.344576643333616
2,0.14151479911553144,0.2000040800156659,0.772370861595266,0.8801648738144784,0.6130728253913932,0.8220613119570442,0.8586878119485388,-0.006496820285285171,0.013255403525900938,14.344576643333616
