,MAE,RMSE,NSE,alpha,beta,HFV,HFV10,LFV,FDC,r2,training_time_minutes
1,185618.9059419175,209988.80477337894,-44920145113.444374,99102.75155352526,-235864.33234823693,-4.979022030946735,-24.978654235113275,-3652848.318930254,,0.761909730159636,14.344576643333616
2,0.3016036392651569,0.3807254180845345,0.8523366857216047,1.1400559451777028,1.0812193771479528,-4.191757694484769,8.786628346695995,24.36128905206918,417.7118396733135,0.8729165804864469,14.344576643333616
