,MAE,RMSE,NSE,alpha,beta,HFV,HFV10,LFV,FDC,training_time_minutes
1,45.969167923787914,46.660975867153226,-112.5813658334532,1.7206276426233935,31.84810794952941,2.2856458371560024,5.389210138626755,1896.0288148918596,175.71419544785164,17.509769731666406
2,47.35498551403227,47.96136404763871,-119.00034770307711,1.6182364088809456,32.78304686457284,2.3327239094074357,5.523651132914312,1961.2286971309395,180.55918561954653,17.509769731666406
