,MAE,RMSE,NSE,alpha,beta,HFV,HFV10,LFV,FDC
1,0.84070499457795,1.7046358002068147,0.07998639575017552,0.6325160868318913,1.3451169766489344,0.611277392956501,0.9514945252437415,1.6515928643086542,1.70786452702492
2,1.5564179463695378,2.046562083775537,-0.3261140813751584,0.5516058230312902,2.1422791265667085,0.6394136602752127,1.0705384533189573,4.590226812876036,3.088882206940495
