,MAE,RMSE,NSE,alpha,beta,HFV,HFV10,LFV,FDC,training_length_days,training_time_minutes
1,0.5414458898610601,0.7816332893269304,-0.49075909766643844,0.5568084950441324,0.5261860952718416,0.9163391166983994,0.5837132647160032,0.7320448778472411,0.6298260164569546,423,32.582561598333356
2,,,,,,,,,,423,32.582561598333356
