,MAE,RMSE,NSE,alpha,beta,HFV,HFV10,LFV,FDC,training_time_minutes
1,0.23084546903244704,0.2516606339810449,-1.0582503883751113,1.7713474750923233,0.48265201110443084,1.2665078323803762,1.2693120571641723,-1.6317231543848185e-05,0.0022417068059696014,51.33012546333339
2,,,,,,,,,,51.33012546333339
