,MAE,RMSE,NSE,alpha,beta,HFV,HFV10,LFV,FDC,r2,training_time_minutes
1,0.22719632990460542,0.27792006000232045,0.6507020575321771,1.1689283366179777,0.7468678557088909,0.8752183751678612,1.0371758889501517,3.592061654007279e-05,0.3127366167412477,0.23633700244114864,51.33012546333339
2,0.22340286796617226,0.23923954819227178,0.7411654869084914,1.1445916241297045,0.6589968669829418,0.9914145502659263,0.9818954769348152,0.1535351419100301,0.1967570902594861,0.7896983145244707,51.33012546333339
