,MAE,RMSE,NSE,alpha,beta,HFV,HFV10,LFV,FDC,training_time_minutes
1,0.0987973417823236,0.15584581144817708,0.3903947884891156,0.687895010905955,0.6036097965582332,0.6045230842396349,0.655240401309045,0.4640621420181894,0.47793891097963825,14.928821666666652
2,0.1607330394231814,0.18612926557571682,0.13046367496156852,0.4985140938591983,1.2282586266100513,0.6429211875370902,0.7068564172452162,3.283601286196835,1.5652618130639842,14.928821666666652
