,MAE,RMSE,NSE,alpha,beta,HFV,HFV10,LFV,FDC,r2,training_time_minutes
1,0.08133668064605437,0.12696202419724278,0.8634914178410991,0.9483304994683508,0.953369419142979,-15.26584031129757,-4.222131889754556,-5.633955749511493,8.952022620884494,0.09330552576180162,14.928821666666652
2,0.14930842145238057,0.16827185561319785,0.7602076919149781,0.8018806133619055,1.2002578960291652,-7.44390883680549,-1.9991727579127847,-5.9564637101571964,-48.65335986589403,0.11917514348591296,14.928821666666652
