,MAE,RMSE,NSE,alpha,beta,HFV,HFV10,LFV,FDC,training_time_minutes
1,1.845849837688956,3.0499726544231476,0.05979665028991732,0.6873577375919561,1.4531150274116504,0.6397119820600983,0.9253743167337223,3.488423067623758,2.188335382761575,16.41915811166691
2,2.0495363118753116,3.1111318962135663,0.02171194718482905,0.5650831326621342,1.617580842814784,0.5946321709622426,0.8611782818881257,6.200395709594966,2.6246070814142515,16.41915811166691
