,MAE,RMSE,NSE,alpha,beta,HFV,HFV10,LFV,FDC,r2,training_time_minutes
1,2.1675931907002086,3.3223318262453736,-0.1256262930743821,0.8464436345195525,1.4947833883843114,-22.76659654607255,1.5056305166154278,25.3054763958242,-69.51590569652481,0.22729909233517742,16.41915811166691
2,2.3602470128054405,3.28738346728591,-0.10206941376620593,0.7039814076539159,1.6650292162153066,-31.10453522632104,-6.421079233758957,22.960191428136643,-144.93500978472446,0.33351495212330895,16.41915811166691
