,MAE,RMSE,NSE,alpha,beta,HFV,HFV10,LFV,FDC,training_time_minutes
1,2.8583113896456798,6.243364622600868,0.38331536444751757,1.0911602959373619,1.1691092735732729,0.9978600614311793,1.1616884318428784,0.9206759465021899,0.9818343028453489,14.955517613332875
2,3.0172325078275595,6.2893939318634695,0.3741888097564763,1.0885649954776457,1.1312521563465405,0.9981845981597626,1.1482883981481908,0.07286775977471315,0.9562729875249631,14.955517613332875
