,MAE,RMSE,NSE,alpha,beta,HFV,HFV10,LFV,FDC,training_time_minutes
1,1909.3874634603078,2068.8319421331335,-10324538.338350998,1237.0589835842775,5914.586735121759,669.2131205289836,1484.1424874394452,21306.000255154933,18085.217534262156,20.705540486666724
2,646979.9907044774,705433.396388954,-1200417421089.7092,436686.58955044235,2003770.591138533,229453.9054102673,508876.14116112905,6877187.617895892,6201036.7178092,20.705540486666724
