,MAE,RMSE,NSE,alpha,beta,HFV,HFV10,LFV,FDC
1,1341.9210811725613,1522.800597997128,-47165897.76401024,3245.810473003444,7779.906311060556,1888.2221830285998,2437.5967407151725,37212.48286117987,17121.16365971571
2,0.09774163431688206,0.16186603673109318,0.4670904494495375,0.907974711525192,0.5521554942630632,0.9913573405431273,0.8495827494672671,-6.349809101157842e-06,2.4768273690502947e-05
