,MAE,RMSE,NSE,alpha,beta,HFV,HFV10,LFV,FDC,training_time_minutes
1,1.8746932005734642,3.1320644696380358,-0.04403225101916841,1.1510991675915274,1.3808714235147874,1.119622710590407,1.1932866324251616,0.9215528622999954,2.0237172590273023,23.031637911666667
2,3.534302083373473,4.118826107665976,-0.8055081062103973,0.83922883186652,2.540256774133479,0.9374370757854968,1.1176318570467556,10.315027821936837,5.939075064769417,23.031637911666667
