,MAE,RMSE,NSE,alpha,beta,HFV,HFV10,LFV,FDC,r2,training_time_minutes
1,1.8854481289383502,3.1514134602823853,0.18361268444517398,0.9754130924937034,1.3000798235054885,-5.119326232891556,3.6505928471580105,17.318954025614634,26.345212637768817,0.28898368148498155,23.031637911666667
2,3.52928834208981,4.089668450440547,-0.3748701384736435,0.7257863355670922,2.4278125943765914,-21.792800164476866,2.225923143837467,47.49199432823052,-111.28782545505177,0.4748403615871387,23.031637911666667
