,MAE,RMSE,NSE,alpha,beta,HFV,HFV10,LFV,FDC,training_time_minutes
1,2.2262500755220276,3.218787730548064,-0.1719409583678011,0.6360500821352193,1.9255024177136513,0.5614346960139901,0.929282552076449,11.279607296022595,3.8404054445284785,27.183840574999824
2,92.15129878247028,105.87812391328357,-1267.0416919494169,17.51291973987433,57.818105770842706,10.665664211352889,22.38087597296845,283.23316751894583,128.55678622046196,27.183840574999824
