,MAE,RMSE,NSE,alpha,beta,HFV,HFV10,LFV,FDC,r2,training_time_minutes
1,2.2731318193366428,3.0313173285506734,-0.3459371377823881,0.7352037616606943,2.0007711625209637,-37.78771993851694,-1.215439826654033,38.849938634139164,-81.6518879530788,0.26512787030068363,27.183840574999824
2,85.37595457419246,99.17751384142095,-1439.749265471313,19.34363212364814,52.98930373761787,1052.5898065062474,2120.376586744679,3557.671967262041,-57.71493611978418,0.4077952960756055,27.183840574999824
