,MAE,RMSE,NSE,alpha,beta,HFV,HFV10,LFV,FDC,training_time_minutes
1,1.511702473330967,2.1285329380875395,-0.2788145474785968,0.828402609723119,1.8861053280738396,0.7461775240566705,1.067945715449826,6.505880188697021,3.0221178845106365,30.440427891666694
2,2.9571432590888596,3.3073072353020327,-2.087421327176466,0.7922575734745942,3.2153752972576695,0.8526912584829699,1.3204137062851264,18.63571309161339,5.9164414148131454,30.440427891666694
