,MAE,RMSE,NSE,alpha,beta,HFV,HFV10,LFV,FDC,r2,training_time_minutes
1,1.6908240307004536,2.4427424965705753,-0.15842558439216448,0.7648351634670625,1.8891735552981384,-24.656221652078326,5.472557359031317,39.529758504772076,-65.7223099972289,0.2894118421463028,30.440427891666694
2,3.1836351585929346,3.6223401122786996,-1.5473652196720207,0.7725996879477025,3.206641797731823,-11.737528584069537,32.57123367795702,93.45000229416732,-97.15584541282523,0.45002490476948487,30.440427891666694
