,MAE,RMSE,NSE,alpha,beta,HFV,HFV10,LFV,FDC
1,0.10380543646447987,0.240567477757246,-1.8737398885620147,0.5498562517222201,-0.4951143813196137,8.843598048764964e-05,2.4630341526656832e-05,-1123.1029117395938,-0.0004668750393268036
2,0.2019248839993299,0.3318671822282675,-4.468928459854773,0.8730956829601157,-1.908333207740977,-0.10252384962882617,-0.16129846185499513,-2681.9633771932586,-562.679659385935
