,MAE,RMSE,NSE,alpha,beta,HFV,HFV10,LFV,FDC
1,3.1600124689624163e+32,1.9926289580820862e+33,-1.355607507306256e+66,1.1495716682119882e+33,2.9479394339887925e+32,1.4632053119791292e+33,7.365813642439056e+32,15623493931.913898,3.540395260244527e+18
2,3.929460651221262e+41,2.808062690134339e+42,-2.692121700529807e+84,1.6246246184051716e+42,3.665748829100652e+41,1.975491210440783e+42,9.16098954130092e+41,4272895094000.7544,2.665677097622101e+23
