,MAE,RMSE,NSE,alpha,beta,HFV,HFV10,LFV,FDC,training_time_minutes
1,0.5165308166472068,0.8808122599972714,0.7008250331816035,0.7656385546200656,0.7204298848839422,0.6202491291033758,0.7554086677117494,0.1363423427457173,0.5748770065997462,11.409813921665773
2,0.9582493945798927,1.382036917558911,0.26345745490646677,0.5235477880283839,0.2549537511480017,0.39295165235924323,0.4540988782114233,-1.2177450324346935,0.07390142352252353,11.409813921665773
