,MAE,RMSE,NSE,alpha,beta,HFV,HFV10,LFV,FDC,r2,training_time_minutes
1,0.38408832978804247,0.6638197663620896,0.6886882529366258,0.8631282763575994,0.987350113454411,-25.959129380417327,-11.297612108006472,2.1546435666795074,94.52615116575417,0.24652128653891903,11.409813921665773
2,0.5327377142206817,0.8758939067026421,0.45800140756776075,0.5935055266634516,0.5595524816335441,-49.3632819302821,-41.88094297701117,-36.830557492111936,,0.3222462207087812,11.409813921665773
