,MAE,RMSE,NSE,alpha,beta,HFV,HFV10,LFV,FDC,training_time_minutes
1,1.0165032211135985,1.2629265338658606,-1.7844592296417927,0.18016490552767273,0.27380465915043567,0.13451634009061617,0.1567677677160782,0.37143594038556577,0.3163977655049776,66.68323351
2,0.7442794047762274,0.9638585216393599,-0.6218521858718236,1.0376138607714933,0.9995116381322326,0.6978411137562914,0.7289048233398334,0.9114803153718559,1.1660968420803826,66.68323351
