,MAE,RMSE,NSE,alpha,beta,HFV,HFV10,LFV,FDC,r2,training_time_minutes
1,1.2618796836035446,1.861581173479704,-1.0777826091810834,0.23540387698690024,0.440231312268453,0.17674534543950662,0.24757914442991852,0.569406723938995,0.6151847686550316,0.010936165394053066,66.68323351
2,0.4972153653197793,0.5655969201976386,0.8081992847053026,0.8741118675500038,1.0532184313285164,0.9134485494628218,0.9912876417968279,1.3925101199505145,1.1238443540897598,0.4359140563645464,66.68323351
