,MAE,RMSE,NSE,alpha,beta,HFV,HFV10,LFV,FDC,training_time_minutes
1,0.04602170286829702,0.10849524132774158,0.7634857838304038,1.2785354454133366,0.9452373784751623,1.5194984647178875,1.211300827524117,-1.3238661631300617e-11,-3.0173393531702434e-15,9.580318951666413
2,0.0548481165158074,0.11602104059598599,0.7295360525073722,1.2216031375839038,0.8130162479625357,1.4704318774717642,1.1408856888989964,-20.229930018396857,1.9700191996321103e-12,9.580318951666413
