,MAE,RMSE,NSE,alpha,beta,HFV,HFV10,LFV,FDC,r2,training_time_minutes
1,0.10825698834837306,0.28179636136724,0.8238209434140972,1.0191608084339328,1.0408017224194723,-4.704879652045069,26.289274106275034,10.685402819415359,,0.37105137914437836,9.580318951666413
2,0.11390735859399609,0.24198684049336486,0.8700826910070495,0.995387812028143,0.8952197879350617,-4.962157579802656,17.559960803096168,0.24472060028191045,,0.5137313455930328,9.580318951666413
