,MAE,RMSE,NSE,alpha,beta,HFV,HFV10,LFV,FDC,training_time_minutes
1,0.1906358648796784,0.4057917858674316,-0.43258237806461963,0.7609238674042057,0.7274355414597957,0.6194526938847134,1.2982434117260433,-123.55895510454972,-19.676247891271597,8.752831223333366
2,0.31831303391006927,0.4502346031474724,-0.7635624422683625,0.8825420388557825,3.223273827776917,0.4283174841137045,1.2986669857771702,-155.43539140833778,64.82680159336695,8.752831223333366
