,MAE,RMSE,NSE,alpha,beta,HFV,HFV10,LFV,FDC,r2,training_time_minutes
1,0.15308939050368062,0.26282024368957724,-0.5569071789048405,0.834646719675258,-0.9376697784429806,-35.54595751245084,52.793964010959925,98.60728370006173,,0.08264170391383896,8.752831223333366
2,0.2728324681060481,0.3625631976078074,-1.9628695506943639,1.4169534613294703,3.884499150891245,-38.151561342617306,108.9007758610024,393.47325436573595,,0.1246871450718593,8.752831223333366
