,MAE,RMSE,NSE,alpha,beta,HFV,HFV10,LFV,FDC,training_time_minutes
1,1.3851510471653998,2.6916256141486805,0.22895125643450454,1.0072943054099692,0.8780619353300804,0.9998273238682172,1.0070971654011636,0.14139052319235298,0.6557570279844037,18.279744389999998
2,1.2192259327128734,2.3208245834829686,0.4267591107538322,0.7567935167523114,0.8106824456284737,0.7243126063579429,0.7920688867442989,0.37652649491542184,0.9125090862389065,18.279744389999998
