,MAE,RMSE,NSE,alpha,beta,HFV,HFV10,LFV,FDC,r2,training_time_minutes
1,70.92873121972856,326.8445356741065,-8780.4844039208,91.56703099943402,35.386466298163796,7846.7024001340615,6490.326110177712,4197.917834264359,161.38798352239152,0.34242369003684314,18.279744389999998
2,1.5867525039459693,3.5462087913505758,-0.03374656940146359,1.0572713400622282,0.9858587155036913,8.192699697010676,3.9324618321743885,0.4666239857799573,60.066156104519806,0.48478040030604763,18.279744389999998
