,MAE,RMSE,NSE,alpha,beta,HFV,HFV10,LFV,FDC,training_time_minutes
1,1.1760997708745036,2.023148617806001,0.22117507502292566,0.6262119296183687,0.6334930445013023,0.5875356839033681,0.6229761158059132,0.4481523101805142,0.5633034215118609,11.329042631667107
2,1.158582117153966,1.9411035093990903,0.28306190390407193,0.8074583067307713,0.8196055217137777,0.6624847131349173,0.804811041170612,0.36567874177679854,0.7047731916799337,11.329042631667107
