,MAE,RMSE,NSE,alpha,beta,HFV,HFV10,LFV,FDC,r2,training_time_minutes
1,0.9955317033224457,1.6512960070975513,0.27458405853097667,0.7398342788835073,0.6543935574708291,-26.894464769911785,-27.53777807911775,-28.959871618157027,105.24435885447565,0.28896479506312955,11.329042631667107
2,1.0268071632744968,1.6721813666369738,0.2561180974388043,0.8923176510655081,0.7512200702464448,-16.284546778558056,-12.501546837583518,-13.535717616116662,197.78510465970277,0.306858376982162,11.329042631667107
