,MAE,RMSE,NSE,alpha,beta,HFV,HFV10,LFV,FDC,training_time_minutes
1,0.47812662160872693,1.0724428975435827,0.6646589320997245,0.6393663194751654,0.5375784851073414,0.5868310324405558,0.6366728033579462,-1.1777518210622673,0.0010360831567254212,11.065390711666744
2,0.9420009912983947,1.6257187666810966,0.22939960645788693,0.5590593924613385,-0.00905273578685992,0.3650971010811587,0.4335782193219763,-16.652163247094208,-1.3062026085611367,11.065390711666744
