,MAE,RMSE,NSE,alpha,beta,HFV,HFV10,LFV,FDC,training_time_minutes
1,40.894642988139175,47.29780071189607,-300.0945275268498,8.676942924875014,-20.440320377422648,-0.03685768707920312,-0.45053607491600306,-352.6294173006193,-40.453767359712344,19.339381700000136
2,2.8885865174728957,3.4413428256314997,-0.59395789878898,0.635121879874488,2.219535464995597,0.6989085849143696,1.0014280006437553,13.591106135198222,3.7550321432987555,19.339381700000136
