,MAE,RMSE,NSE,alpha,beta,HFV,HFV10,LFV,FDC,r2,training_time_minutes
1,37.107244454798874,42.955049638569925,-250.77577884283082,7.935945705462718,-18.782693730586228,-101.39505506256596,-137.6233396798346,-326.72917270949023,,0.27421211560824477,19.339381700000136
2,3.0184115742936766,3.552069102258911,-0.721663647687069,0.634064522112823,2.294198252032067,-30.602990176346303,-2.8864231667879294,39.63682824474085,-124.54763509142704,0.409006698089314,19.339381700000136
