,MAE,RMSE,NSE,alpha,beta,HFV,HFV10,LFV,FDC,training_time_minutes
1,0.02688633154841656,0.052597847602289145,0.7992737206493651,0.7577734376979168,0.5492245366622045,0.8929305689608584,0.7143049562916869,-4.909040525124303e-12,-1.6083005419397131e-15,67.76818084166662
2,0.04540539892059567,0.07596906547772107,0.5812624980604506,0.45240790192402297,0.5766860012612498,0.5611595589480409,0.4691225995770898,12.554902348921138,20.003050712032827,67.76818084166662
