,MAE,RMSE,NSE,alpha,beta,HFV,HFV10,LFV,FDC,r2,training_time_minutes
1,0.05308174876494563,0.09035536141123596,0.7901106650731002,1.0912904478833871,0.7348465432371417,1.2478768069607702,1.0786096922950774,-3.838364200180966e-12,0.10121433371294658,0.813264813625735,67.76818084166662
2,0.06796764950498016,0.08952415514643393,0.7939545735286686,0.6680925514664934,0.7677271111392757,0.8151872953530874,0.6855202801505289,34.16728627197759,2.5325450180083977,0.9096374256153017,67.76818084166662
