,MAE,RMSE,NSE,alpha,beta,HFV,HFV10,LFV,FDC,training_time_minutes
1,13.548695506863785,17.276950546307916,-113.84430979264737,6.107217377930756,-3.8500295131243876,0.2861180240177787,0.1984046727452312,-14.051481158025611,-8.068427856217536,215.3512447133333
2,7.914779648753763,9.190454955204881,-31.497452929175118,3.5014402235891895,3.8336768119920173,3.5796987085630225,3.291843817153339,3.2403351285223794,4.438341057510091,215.3512447133333
