,MAE,RMSE,NSE,alpha,beta,HFV,HFV10,LFV,FDC,training_time_minutes
1,0.03012812811468058,0.057081677906978504,0.7931571368676733,1.383466622059668,1.3771166928663912,1.2974105841127146,1.3632946575008156,0.0005001587151959539,0.2844513705519367,12.88146942166689
2,0.03331681700074735,0.06211043159075275,0.755107111625724,1.3814606873061561,1.4431800006883222,1.2616730204442588,1.3544861387298646,0.00606389532110942,0.7429497731409679,12.88146942166689
