,MAE,RMSE,NSE,alpha,beta,HFV,HFV10,LFV,FDC,r2,training_time_minutes
1,0.04512076442359407,0.06945880093845641,0.9650371867904682,1.0112388379679924,1.1006870019478532,3.684815074263155,-1.782831736972299,4.49835829788276,79.65900655839107,0.7705815544113281,12.88146942166689
2,0.05530060364343483,0.08206181932724635,0.9511983968984128,0.991851454022352,1.1534888567235402,-3.303291234255227,-4.296614340395896,6.36677946342866,49.02927881084197,0.8052508743375044,12.88146942166689
