,MAE,RMSE,NSE,alpha,beta,HFV,HFV10,LFV,FDC,training_time_minutes
1,0.6658101589281049,1.5479404111172128,0.34234578365783397,0.5482612790235898,0.8553048144950514,0.5321956467520621,0.6388643061031439,2.2749207230670034,1.3451692054164703,37.255587385000155
2,0.7539545674426951,1.6030844715573773,0.29465442374290673,0.6450534033559598,0.7425741626704153,0.5984672976859294,0.7190908395247229,-2.8719272398871563,0.5453928537317596,37.255587385000155
