,MAE,RMSE,NSE,alpha,beta,HFV,HFV10,LFV,FDC,r2,training_time_minutes
1,0.5811025231773636,1.3448788868049817,0.16156932857757222,0.7456705534960434,1.1988963181658376,-22.65854875834017,-5.481988388975208,8.542725169493158,-16.18514575568816,0.28900516532160236,37.255587385000155
2,0.6558033218120952,1.4237069152179778,0.06040219203916297,0.8230483868069834,0.9987263875602974,-20.42469374925049,1.5228071423346305,10.581169414478095,,0.26612752832827213,37.255587385000155
