,MAE,RMSE,NSE,alpha,beta,HFV,HFV10,LFV,FDC,training_time_minutes
1,0.18406392935736784,0.3768508190020247,0.6352986177802904,0.7710364015762913,1.173950429084993,0.680169928549149,0.7554371224272368,0.05609150468522612,7.969941737490297,16.105950714999995
2,0.2460036801842938,0.3939375577040316,0.6014771214739838,0.4604917334297863,1.1565309291463661,0.5610022696772791,0.5000435948363108,206.871765300458,89.25928554726762,16.105950714999995
