,MAE,RMSE,NSE,alpha,beta,HFV,HFV10,LFV,FDC,r2,training_time_minutes
1,0.3044734172158359,0.4729574050136251,0.8496000618816103,0.8362867184484787,0.9093135158686991,-7.983373146652451,-6.024936345856893,-17.603927891679167,-12.224343425492853,0.09048830208202363,16.105950714999995
2,0.6176153087675678,0.7273294185737654,0.6443147083816785,0.5276610449250473,0.8872025759567175,-26.16848540042268,-29.790747224387314,-40.44775568764217,-92.5667961182335,0.10069211792356392,16.105950714999995
