,MAE,RMSE,NSE,alpha,beta,HFV,HFV10,LFV,FDC
1,0.006977606846968458,0.012539786376589243,0.8616441346566315,0.90268748568712,0.6390568826827621,1.038218659968388,0.8457501894305186,-1.3861921784040845e-12,-9.742026826672017e-16
2,0.0067670214146054045,0.011819479843526423,0.8770824125620252,0.9568841278271217,0.6784092060902208,1.0939961701757108,0.9007859776726738,-1.1024990697225809e-12,-7.164130746210304e-16
