,MAE,RMSE,NSE,alpha,beta,HFV,HFV10,LFV,FDC,training_length_days,training_time_minutes
1,0.20362088722087746,0.27544285577385846,-0.11750169221386297,0.5966272621851899,1.2305091932765255,1.017279920180175,1.0558218162002224,1.6821371808514738,1.5656676806434737,500,61.195099214999935
2,0.20452887228185598,0.2740974436462796,-0.10661138707220941,0.5665809267279006,1.2308770052595281,1.0089740108506,1.0364860213765488,1.7170878459027221,1.6003072033023253,500,61.195099214999935
