,MAE,RMSE,NSE,alpha,beta,HFV,HFV10,LFV,FDC,r2,training_length_days,training_time_minutes
1,0.3939370594447033,0.48291725320229945,-0.6742843245674035,0.4027268515169981,1.9649391489434362,7.478350829647787,0.14528960360754906,2.6310491898727295,,0.2839926694431646,500,61.195099214999935
2,0.40509009226788717,0.49567499143665184,-0.7639155273449934,0.39118812138223147,1.9888247980872495,6.4264888839639704,-2.5632204633184394,1.2887879463768317,,0.34570634507750264,500,61.195099214999935
