,MAE,RMSE,NSE,alpha,beta,HFV,HFV10,LFV,FDC,training_time_minutes
1,73.45977812579946,73.81962309677651,-591.5532238669948,2.238300990919106,92.84794582294016,4.321201603923284,12.557913702612375,8669.71408230431,853.1965164503848,57.659113618332775
2,1.3685847445976613,2.754313569601177,0.17508256664565758,0.6357118822053341,1.6423726138388728,0.6233398342627282,0.8538733836059832,18.915719892550506,9.812018062882432,57.659113618332775
