,MAE,RMSE,NSE,alpha,beta,HFV,HFV10,LFV,FDC,r2,training_time_minutes
1,73.25222050520746,73.65945069239295,-427.3763335976602,1.9889417169818842,88.47627855852757,279.09646318693916,1067.5616926154166,2966.1917670515104,-76.14018056477133,0.3413081396053391,57.659113618332775
2,1.7946197864282207,3.365355588197125,0.105808708219025,0.6780587969749,2.15842522069619,-31.268650261522197,0.551157262267888,55.08648152040679,-49.13471556739027,0.5247439550895405,57.659113618332775
