,MAE,RMSE,NSE,alpha,beta,HFV,HFV10,LFV,FDC
1,0.9443261519843773,2.0381817561658715,0.05019784862863452,0.5287234326195753,1.40384579321062,0.5276126557224864,0.9136333050972166,1.6726149765410778,1.832424647878877
2,1.3143020547151278,2.0973920772159858,-0.0057882911235223045,0.39685076108047596,1.8671191254942063,0.5006319101423254,0.9036789901544097,3.9819757228443846,2.7268003081066796
