,MAE,RMSE,NSE,alpha,beta,HFV,HFV10,LFV,FDC,training_time_minutes
1,911.7622591790554,1332.596886982798,-449879.75270535535,489.3978729678066,679.4074236872034,179.6623398003621,378.095504397259,1.6034209402642605,465.40810114351063,22.98278502166601
2,0.78948106964043,1.6789000575942767,0.2859156545839887,0.6310353391358686,0.9086953503773336,0.6558177068441001,0.6917331575398807,1.6864039549703775,1.2293449861495425,22.98278502166601
