,MAE,RMSE,NSE,alpha,beta,HFV,HFV10,LFV,FDC,r2,training_time_minutes
1,0.7604919188543855,1.4687848848615053,-0.02134184251438387,0.7885914045097472,0.906903316706567,-17.725868047637277,-6.0531946178053895,-8.05275804582872,-11.300533560935714,0.2865144804657913,22.98278502166601
2,0.626760333123383,1.273488067968446,0.23220638590673248,0.5596105330728524,0.9611541874992527,-37.43050050975403,-29.76359967084603,-20.966769633667152,-57.54161707299933,0.3990829341977661,22.98278502166601
