,MAE,RMSE,NSE,alpha,beta,HFV,HFV10,LFV,FDC,training_time_minutes
1,0.0409062983281264,0.07711953668022382,0.8376290783856349,0.7325079277483832,0.6080445211964864,0.647223998068268,0.7704676060134278,-1.2595656977521654e-12,1.6233726165332745e-05,13.416166253333358
2,0.03470852242546031,0.059676171214585634,0.9027742426422445,0.8719943296437307,0.7357213583000882,0.7640267374290752,0.9213073212999229,-1.4086625680930864e-12,1.5947815429103595e-05,13.416166253333358
