,MAE,RMSE,NSE,alpha,beta,HFV,HFV10,LFV,FDC,r2,training_time_minutes
1,0.13157176859388472,0.2614876145851544,0.8694000548110219,0.9916848970632287,0.929597114722142,2.8995684105809136,-2.084607973197421,-2.69707117130639,523.2498357275242,0.43683277630382655,13.416166253333358
2,0.13016768384441021,0.2596563752537949,0.8712228739895614,0.9841310608569627,0.922950733518313,2.917705554794418,-2.7921333594283317,-3.7056518103574376,534.5676123220911,0.47021952472270523,13.416166253333358
