,MAE,RMSE,NSE,alpha,beta,HFV,HFV10,LFV,FDC,training_time_minutes
1,,,,,,,,,,16.781074891666744
2,4001.6037556837127,5783.58567223247,-7584651.961358629,1988.1514794960235,6909.558520999132,862.7816950758238,1859.5167081015238,55236.553855477774,1572960.6554402777,16.781074891666744
