,MAE,RMSE,NSE,alpha,beta,HFV,HFV10,LFV,FDC,r2,training_time_minutes
1,,,,,,,,,,0.09120035822070971,16.781074891666744
2,,,,,,,,,,0.25569869098640674,16.781074891666744
