,MAE,RMSE,NSE,alpha,beta,HFV,HFV10,LFV,FDC,training_time_minutes
1,0.10512087372388296,0.17354715657710315,0.5228157130637381,0.9075319996616412,0.74597798121987,0.8772627950136017,0.8561557277442928,0.33896547450204945,0.5869692099921576,21.967822904999995
2,0.09447226321252235,0.17013636734659632,0.5413879717931531,0.8695538574575227,0.7770224440987789,0.8546940091062931,0.8375637170683256,0.5382466666719555,0.681007706048916,21.967822904999995
