,MAE,RMSE,NSE,alpha,beta,HFV,HFV10,LFV,FDC,r2,training_time_minutes
1,0.08420314003206897,0.10204200278004873,0.9172769078343992,1.0807261471667178,0.9225012046668611,2.065205758734355,-2.5285335291026154,0.391624727888197,48.5499191629715,0.7486168381349663,21.967822904999995
2,0.07718681263987547,0.09780764866342143,0.9239998501071243,1.0571223707251853,0.9381016945855345,1.2498036571115452,-3.1795749411360883,-0.1504761545073472,34.79977121643067,0.856538421879995,21.967822904999995
