,MAE,RMSE,NSE,alpha,beta,HFV,HFV10,LFV,FDC,training_time_minutes
1,23820141.268176146,24514134.512751922,-63147007927348.695,1877435.6406900447,30538665.098850578,1514278.4933091863,4514073.906776535,1301255787.5575569,210595762.20084605,45.59509140166629
2,1.1439493478307314,2.923535007995764,0.10187611749696646,0.7257903727884173,1.4019522123141144,0.7034536435046909,0.9598976750971042,2.677940874290805,3.2581750187131795,45.59509140166629
