,MAE,RMSE,NSE,alpha,beta,HFV,HFV10,LFV,FDC,training_time_minutes
1,0.7410551222725881,1.107900798847208,-0.31979263400596114,0.3392710088471411,0.20911919774372853,0.2531451958193323,0.3141097951711233,0.003057754318457609,0.07453523679410054,10.146495073333305
2,0.6395508071960448,1.0008828509459557,-0.07713576265785016,0.5014469309624907,0.31755151450747726,0.38928974727554005,0.46870234260014143,0.004060707023651999,0.1452103752221191,10.146495073333305
