,MAE,RMSE,NSE,alpha,beta,HFV,HFV10,LFV,FDC,r2,training_time_minutes
1,0.42939493867206985,0.514306719793406,0.858552603978078,1.0759483903471936,0.773356886359549,-9.935732312243264,3.9505768430956443,-4.352177725991431,391.29647915380684,0.004370343426617129,10.146495073333305
2,0.38287370447438374,0.469287329977866,0.882231751130541,1.077645692581327,0.8120866203625219,-9.826859798278715,3.738908495120039,-1.9070309639302465,369.3202475291715,0.006525644627693117,10.146495073333305
