,MAE,RMSE,NSE,alpha,beta,HFV,HFV10,LFV,FDC,training_time_minutes
1,0.025463528029171293,0.05315749760145159,0.8901495319279499,0.7738057701003522,0.7165351555072688,0.8324686468182162,0.7619992417104139,3.605780179837483e-09,0.005912201172413344,17.328219113333336
2,0.02362745618220195,0.04792401067737774,0.9107148633241541,0.8419808997717351,0.7403004684034681,0.9180852746314337,0.8290187190675822,-8.558826875236431e-12,9.784355406541521e-06,17.328219113333336
