,MAE,RMSE,NSE,alpha,beta,HFV,HFV10,LFV,FDC,r2,training_time_minutes
1,0.04085179921854459,0.08085713004942297,0.9188847226505721,0.9950172926294614,0.8709781113124692,4.122468515408428,1.9973227639464155,-10.347614694453176,177.16252332646738,0.8721840435320753,17.328219113333336
2,0.04000899386415183,0.07851534948100283,0.9235151976121716,1.003618779411399,0.8723675691799571,3.4022878687011984,3.317044052695048,-8.515090912091868,,0.8952642266515821,17.328219113333336
