,MAE,RMSE,NSE,alpha,beta,HFV,HFV10,LFV,FDC,training_time_minutes
1,1.228084466818191,3.6040576410259266,-0.15712537413340044,0.7229837688968374,0.9703976134209598,0.8357213276517249,0.9334386429839651,1.3305857418952893,1.0736221473855152,16.556758724999963
2,1.0684256558069212,3.0882317821615755,0.1503956309934904,0.4414881383085434,0.9458060469984249,0.4952550627069263,0.6842698851605797,2.639576020423438,1.4756998488778297,16.556758724999963
