,MAE,RMSE,NSE,alpha,beta,HFV,HFV10,LFV,FDC,r2,training_time_minutes
1,24.31815849040893,35.547690383350435,-188.38300645661775,10.247431047349652,18.1517500365113,315.45464815492835,756.2837102611816,1521.633605005425,174.2074548021869,0.35636910274028866,16.556758724999963
2,1.1065850589081208,2.350223954536318,0.17217845361382844,0.6609517632868116,1.016225218184049,-34.52819877249178,-25.17076389037085,-13.346278921449768,-40.10013077905611,0.5433534767918993,16.556758724999963
