,MAE,RMSE,NSE,alpha,beta,HFV,HFV10,LFV,FDC
1,0.19336173968310094,0.29798125136291564,0.5193478854344894,1.005283303071676,0.7074239473684997,0.9125592775426467,1.1421558059295907,0.05072610615050948,0.0843334348227092
2,0.12343511990502906,0.2392195935028806,0.6902249226082229,0.744331924141762,0.7800384788553736,0.6936214719497401,0.8932707284166862,0.45415130136162907,0.47719512625526644
