,MAE,RMSE,NSE,alpha,beta,HFV,HFV10,LFV,FDC,training_time_minutes
1,0.25603819926758375,0.2691693174327959,-3.256938231101186,0.47038972372651483,4.613570577189218,0.7168317433251071,0.9202332846450114,807.187512555774,868.4350956388295,9.616705959999914
2,0.01383445161313812,0.02843656057733133,0.9524883212162156,0.8994566174826448,0.9402413780878176,0.9371071664888988,0.8866524516118803,0.009069605422008017,2.310644895031565,9.616705959999914
