,MAE,RMSE,NSE,alpha,beta,HFV,HFV10,LFV,FDC,r2,training_time_minutes
1,0.23081469699117702,0.25611818417917354,-0.18539355510591826,0.6257293996909387,2.4114228255209924,-11.163822809361003,-0.4773649547278284,12.375246045336448,-78.61353557137592,0.40587712547728605,9.616705959999914
2,0.025507724773524695,0.04822004890143597,0.9579818403936989,0.9879196827861408,0.987516524204843,-0.5207814581287419,2.3915601968748756,-4.442362934154453,21.224733909060912,0.7728463030348512,9.616705959999914
