,MAE,RMSE,NSE,alpha,beta,HFV,HFV10,LFV,FDC,training_time_minutes
1,0.017221936121397684,0.05054791510219095,0.6197601557933035,1.46618490209948,1.1462442252787965,1.6184613261827165,1.3817185360172322,-0.004634369293745255,-9.215474510622527e-16,12.219779120000021
2,0.020798711143209248,0.0677732664161649,0.31645365794212454,1.7089937621076492,1.317972046298904,1.8904455208556126,1.6093936635733954,-0.0008394245848183702,-5.380979314073449e-16,12.219779120000021
