,MAE,RMSE,NSE,alpha,beta,HFV,HFV10,LFV,FDC,r2,training_time_minutes
1,0.04630429930590742,0.16373998690325844,0.7706245757445815,0.8805667643220333,1.0920510087037698,-18.369733148702913,17.214318986230868,13.217219717401058,,0.553341621912577,12.219779120000021
2,0.05140182907720496,0.1605710834869433,0.7794169903409285,1.0430035779178277,1.2556367070504209,-2.1812009906888434,36.152018903354595,30.8156690430784,,0.7259661678928897,12.219779120000021
