,MAE,RMSE,NSE,alpha,beta,HFV,HFV10,LFV,FDC,training_time_minutes
1,0.13750748573940458,0.18222935549049152,0.7398768436593228,0.7739387118902904,0.5110475537209228,0.6501417803910206,0.7286284486514173,8.026590160006828e-07,0.009098530407198513,40.426344511666684
2,0.1335937997153619,0.18117722009116224,0.7428719120993308,0.7924474969252623,0.5267201388744497,0.6602545801644927,0.7455074392487757,7.338817123460886e-06,0.020862154712362583,40.426344511666684
