,MAE,RMSE,NSE,alpha,beta,HFV,HFV10,LFV,FDC,r2,training_time_minutes
1,0.12604662560256924,0.16221551094168674,0.9706599713350488,1.034366061800885,0.9352504076327262,-1.007938357100906,-0.834489100041871,1.616681692889687,352.6997671615087,0.6614656697075004,40.426344511666684
2,0.1268140610462963,0.16388780219468435,0.9700519162769352,1.033378287353635,0.9314539641753597,-0.08333004862182417,-0.7965426029370328,0.9067893404007169,290.91404003678525,0.7375648180120007,40.426344511666684
