,MAE,RMSE,NSE,alpha,beta,HFV,HFV10,LFV,FDC
1,0.06837197092447878,0.10065522351536538,0.6682538625666163,0.7064301960807275,0.6039887113033116,0.6878985801118492,0.7017966953320193,0.29772200439154217,0.5701599690662196
2,0.05416550363236257,0.06777827040737662,0.8495770144569651,1.0140106233285442,0.70078607607037,0.9567104842311105,0.9763135283770846,0.024713379950214383,0.34141950917594965
