,MAE,RMSE,NSE,alpha,beta,HFV,HFV10,LFV,FDC,training_time_minutes
1,0.6466837514942925,1.1609964576826968,0.32138178215256097,0.7323703887954017,1.165916557281586,0.6469515172008181,0.8353835248323375,2.1504748472586757,1.6673956526235225,20.267973961666577
2,6.045343056954651,6.265654072398537,-18.76498788570999,1.0151448835063055,7.769547164026767,1.2850927556418568,2.0893521265162955,48.899297639154,19.339322559244533,20.267973961666577
