,MAE,RMSE,NSE,alpha,beta,HFV,HFV10,LFV,FDC,training_time_minutes
1,0.3332993354012183,0.651431166081297,-0.05982911575073424,0.40370161227084156,2.708160482228867,0.3376086486075113,0.8620662330456774,1555.1210682327494,200.11338201822986,24.972680438333313
2,1.5553024441520467,1.9053509805120021,-8.066689792741105,1.4519895906486298,-12.159543388287366,0.03775582322314284,-0.040060535450909006,-45392.93152750373,-1312.8122767499447,24.972680438333313
