,MAE,RMSE,NSE,alpha,beta,HFV,HFV10,LFV,FDC,r2,training_time_minutes
1,0.23473311524278062,0.3375806595360849,-1.342062113060944,0.9057642838673672,8.576805471369754,-12.843865316103981,170.0671942875394,460.0950916162,,0.11291899367622427,24.972680438333313
2,1.074809228764751,1.2602780665080657,-31.641946601710245,2.9103613717249157,-38.023678838066424,-90.33464384083106,-111.50055485340584,-459.4088209579835,,0.20599306595107747,24.972680438333313
