,MAE,RMSE,NSE,alpha,beta,HFV,HFV10,LFV,FDC,training_time_minutes
1,0.14392715835415654,0.16911427979038018,0.21608415534108083,1.127484368113195,0.6240350549731961,0.819046667113459,0.8779069940959636,0.14370167820592605,0.4595625284162664,24.30315539499958
2,0.15251540596263863,0.17897584088626306,0.12199355295841896,1.115138760716321,0.5924783259946215,0.8001231738804282,0.8522757371221479,0.1051105400629333,0.41336700745981764,24.30315539499958
