,MAE,RMSE,NSE,alpha,beta,HFV,HFV10,LFV,FDC,r2,training_time_minutes
1,0.10824000368561369,0.12199135133802251,0.867005472117524,1.1054076861141178,0.939342304399685,-2.4920110799940143,-5.081759236278434,-0.2077598380719582,71.82351863755412,0.825177904852838,24.30315539499958
2,0.11731236532418973,0.1317726620317673,0.8448233661289835,1.1082671552255068,0.9444700761581217,-9.019189281782808,-7.949588648363701,0.34840261683696233,83.81001218139774,0.8660968817417632,24.30315539499958
