,MAE,RMSE,NSE,alpha,beta,HFV,HFV10,LFV,FDC,training_time_minutes
1,0.4354595189875026,0.7043231455467115,0.7000128935762938,0.8882537916168702,0.7706995501924148,0.770787397792379,0.8598528119409876,0.10809642531359788,0.5015895979880728,9.647429669999594
2,0.48983804098228173,0.7338699974042133,0.6743156171348135,0.8685258580110485,0.7066778679366956,0.7029953521292517,0.8219939632292641,-0.0029935155194931364,0.22783352585536235,9.647429669999594
