,MAE,RMSE,NSE,alpha,beta,HFV,HFV10,LFV,FDC,r2,training_time_minutes
1,0.3258806341247628,0.5778335247243261,0.6778705963608592,1.0234138178649976,0.8691710541526092,-1.5409666682454093,-2.2721230965552834,-0.8806259575789221,114.32655684726376,0.48861678293275557,9.647429669999594
2,0.36654010148078087,0.5773187023047521,0.678444344869193,1.0176648168082931,0.7749827944336107,-7.926345673427402,-2.2588689489907585,-2.345202386301441,,0.5287771156774363,9.647429669999594
