,MAE,RMSE,NSE,alpha,beta,HFV,HFV10,LFV,FDC,training_time_minutes
1,1.712823491552775,2.462562232688539,0.07826508930720932,0.7897727910544694,1.548872177471574,0.7483238675517456,0.9700606902277485,3.8218205196952937,2.33382462806761,14.041177013333314
2,2.240249630031859,2.8324082130533026,-0.21939187682568284,0.6923850287358817,1.90570283648901,0.6901385545792093,0.9774177864928658,6.77444943147569,3.1339207358397596,14.041177013333314
