,MAE,RMSE,NSE,alpha,beta,HFV,HFV10,LFV,FDC,r2,training_time_minutes
1,1.6817667862483092,2.4043893799262834,0.058772334489536115,0.800815960635312,1.4803488887769116,-25.73268922152462,-4.652008821258977,17.96355621540948,-76.51489205336419,0.347792538541713,14.041177013333314
2,2.1380005526630077,2.6916139680895976,-0.17953444735670665,0.7214663083503238,1.8153166484360947,-29.144553121909595,-3.679113576337338,27.06234440057829,-118.75379809666948,0.45942363413006193,14.041177013333314
