,MAE,RMSE,NSE,alpha,beta,HFV,HFV10,LFV,FDC,training_time_minutes
1,0.03018066267189609,0.06076984422547168,0.7848820351454951,0.765795359307939,0.5603955718850265,0.9161317053843174,0.7272404619847209,-0.0005013285652711834,-2.143725738402681e-15,25.834673434999967
2,0.41280493950455127,0.4241714617683737,-9.480531945121351,1.254758115929873,-5.103452666837303,0.15761105162201405,0.09611529253709268,-949.8754442041017,-493.2978510836604,25.834673434999967
