,MAE,RMSE,NSE,alpha,beta,HFV,HFV10,LFV,FDC,r2,training_time_minutes
1,0.05931170771569772,0.09767133901780575,0.8320166181317054,1.0115697174858647,0.7319499454753776,7.117905197546034,3.3566304239506493,-20.037518211303908,,0.7403936394762036,25.834673434999967
2,1.111074879914895,1.1475794461490727,-22.18982969710289,1.8066622157739647,-6.426238387056089,-61.94233046057019,-91.73429991585697,-193.79768610620056,,0.781005480429036,25.834673434999967
