,MAE,RMSE,NSE,alpha,beta,HFV,HFV10,LFV,FDC,training_time_minutes
1,2.0938279609602692,4.008135375303007,-0.354333131070079,1.0375820849796498,1.3410390728612673,1.0338744359539582,1.183303783186201,3.3101629235399916,1.6218488971900655,40.52496418333333
2,4.214341493045944,5.02168532568516,-1.1258848149966196,0.7866790679062448,2.8633614486683086,0.9436334051087749,1.239777888367017,26.56876094183178,5.821544594297494,40.52496418333333
