,MAE,RMSE,NSE,alpha,beta,HFV,HFV10,LFV,FDC,r2,training_time_minutes
1,2.100406124659937,3.63763743446096,-0.3112096623769529,0.9505851714137883,1.3918021839098762,-9.561312386050236,13.4625624907585,25.92710928412486,-38.1343183549979,0.32994748884812164,40.52496418333333
2,4.2905185576866565,4.993499581965592,-1.4708327871263398,0.7942525474160824,2.950194153530607,-9.418528716416793,24.772409206042617,77.56065162294117,-127.6159248982117,0.5222757718328304,40.52496418333333
