,MAE,RMSE,NSE,alpha,beta,HFV,HFV10,LFV,FDC,training_length_days,training_time_minutes
1,0.9308095157171429,1.5434475493629696,-57458.472628749754,191.4087314572697,44.231352878545735,190.27536747760195,113.71815526409405,7.851618942351908,13.639229060993536,470,32.73501479833333
2,0.9760610997089012,1.580465794448398,-60247.756330675504,193.19978755223656,46.36064298741983,191.27133625030365,115.97558509226103,9.090337132865011,15.385046409742344,470,32.73501479833333
