,MAE,RMSE,NSE,alpha,beta,HFV,HFV10,LFV,FDC,training_time_minutes
1,0.08936522810768444,0.17532593602135405,0.2614158795545505,0.7716415568649231,0.6267505988114885,0.4417648906913674,0.7814163965164486,-15.169879085018778,0.2925216388188832,15.79346400500023
2,0.16108288096056467,0.25611180994970645,-0.576038579931184,1.3049689905345714,-0.5282198784740413,0.6219728593667346,0.85681438785442,-106.3497524772197,-0.9389138045856076,15.79346400500023
