,MAE,RMSE,NSE,alpha,beta,HFV,HFV10,LFV,FDC,r2,training_time_minutes
1,0.26972832593587664,0.4458225225283891,0.9345991244198915,0.9310242708473111,1.1546176253723957,-0.9678388646460294,-7.052558912066021,7.521258081936199,31.195778145104878,0.7225672897078943,15.79346400500023
2,0.23315205832264063,0.33691348052577064,0.9626495077830052,1.0288113548599649,0.9136191384551401,3.637561910420768,-0.26173568062507435,3.631609368934104,,0.7629478658025582,15.79346400500023
