,MAE,RMSE,NSE,alpha,beta,HFV,HFV10,LFV,FDC,training_time_minutes
1,7724.0270645032615,9115.705645037995,-1896035297.8512375,23125.119076962794,-51887.2577950129,-0.11497163407286883,-0.43180220074621767,-304659.6233145204,-174454.4105555298,11.544200878332292
2,0.19944494497300094,0.35518319437257745,-1.878529271399918,0.48731706359701,-0.33982490215880734,0.000249074722588685,7.145483463916458e-05,-4.771943112466279,-1.8638169755815916e-07,11.544200878332292
