,MAE,RMSE,NSE,alpha,beta,HFV,HFV10,LFV,FDC,r2,training_time_minutes
1,0.35520663439716055,0.5851197582977291,-0.41822721591085354,0.8144065927407615,-0.12697122623315812,-37.82394544452809,-30.16208301780038,-56.825373889331885,,0.15256127392680396,11.544200878332292
2,0.24399685770982546,0.3821320899295931,0.3951003863013085,0.9951582907382411,0.384201592786554,-0.6909809074034146,2.9172153779885694,-33.80722444448621,,0.2578266325544435,11.544200878332292
