,MAE,RMSE,NSE,alpha,beta,HFV,HFV10,LFV,FDC,training_time_minutes
1,1.704831567710384,3.0842791583482914,-0.07604000226157592,0.8276213349397512,1.4491053551679327,0.7818541805880542,1.0445975103772618,4.854695167755249,2.188323395823923,32.323113458332955
2,2.152826941567177,3.1899648168233754,-0.15104643622957448,0.7623754082891558,1.8795546219182888,0.735160155806193,1.0467588147925695,10.513294346725235,3.378261142972192,32.323113458332955
