,MAE,RMSE,NSE,alpha,beta,HFV,HFV10,LFV,FDC,r2,training_time_minutes
1,1.7243119923615235,2.8648176062101887,-0.20214243093152007,0.8822222803648522,1.4809734862084787,-19.513394609848795,5.286502088095235,24.29669113908722,-52.71992734617866,0.3099846086178327,32.323113458332955
2,2.1119259831856128,2.9060399109867623,-0.23698695956175908,0.7422888572687238,1.8602715888325745,-26.669504918307563,-3.1679206249927816,30.14948623032727,-85.13501116715449,0.4615274569051453,32.323113458332955
