,MAE,RMSE,NSE,alpha,beta,HFV,HFV10,LFV,FDC,training_time_minutes
1,2.20456355124916,5.480169339063856,-0.0870491157729365,0.983655652840564,1.293224330493153,1.0378680219269198,1.0207288439480562,4.916216571235879,2.067529856716793,35.846497553333755
2,,,,,,,,,,35.846497553333755
