,MAE,RMSE,NSE,alpha,beta,HFV,HFV10,LFV,FDC,training_time_minutes
1,0.017400527182636863,0.0196817159259093,0.9718943128240656,0.9317089130468375,1.2259639408556804,0.9751774050250102,0.9676252561704284,29.98528248249196,19.33296203268758,45.275245130000016
2,0.006995819259623159,0.013675223858218583,0.986431333181839,0.9788920036612457,1.0392702054522722,0.9890042973958663,0.9728584256106759,1.1227869183912027,4.262981237156924,45.275245130000016
