,MAE,RMSE,NSE,alpha,beta,HFV,HFV10,LFV,FDC,r2,training_time_minutes
1,0.019077063074830446,0.025338875800213205,0.9834934161531429,0.964551096503854,1.0925097461214017,0.9937666020419149,1.002481372495638,25.49274651545719,1.9001761549343321,0.9516167967270646,45.275245130000016
2,0.01135730989650693,0.021593775425373152,0.9880121947896267,0.9899859129280548,1.0245554000510917,0.9944899540213474,1.005415963668744,2.4075265899520852,1.4624081342800195,0.9542325014075742,45.275245130000016
