,MAE,RMSE,NSE,alpha,beta,HFV,HFV10,LFV,FDC,training_time_minutes
1,1.2901506661471183,2.0722116843142033,0.20046364909987935,0.8279847892519868,1.6754445730601712,0.7058446013147116,0.9982484809970669,1.5845881526583319,3.5546716645951646,16.43239517999949
2,2.2191582728681563,2.731127829640994,-0.3888458091017637,0.7463945749459469,2.623507220001766,0.6685324071402824,1.0472243561649839,8.459123355269703,7.340638853504202,16.43239517999949
