,MAE,RMSE,NSE,alpha,beta,HFV,HFV10,LFV,FDC,training_time_minutes
1,0.0415105286944799,0.10706847443100893,0.51876225620559,1.5622165466067859,1.0977105959272866,1.7789487307167642,1.4722581992871369,-2.0386318788248985e-12,-1.195465330305436e-16,41.371865201666665
2,0.06892054107295706,0.15055218424478492,0.04849609680280198,1.8042760481335618,1.7365895876324733,1.9231602360955002,1.8074238334300303,0.030866998564053963,1.084566200058984,41.371865201666665
