,MAE,RMSE,NSE,alpha,beta,HFV,HFV10,LFV,FDC,r2,training_time_minutes
1,0.07690604033196147,0.1988870656172024,0.8759744199818627,1.0247780585934858,1.1270023899102637,0.8703266325311868,1.2449786569363999,-1.0156327558309308e-05,0.2608145212960643,0.7401542504259113,41.371865201666665
2,0.2043614572541789,0.32789892726060876,0.662884921576474,1.1186283923853035,1.783171755416196,0.9199557437750784,1.3361471075645277,0.5284259996660184,3.513672915300699,0.785217382012739,41.371865201666665
