,MAE,RMSE,NSE,alpha,beta,HFV,HFV10,LFV,FDC,training_time_minutes
1,2.515985595502387,5.876721011317788,0.5984580067938854,1.0399011407037888,1.014113637414821,1.012289808028182,1.1107218060329034,0.5060231696003589,0.708080318274972,14.92445364499969
2,2.255813083850363,5.22240930760108,0.6828953310172051,0.9925885923144198,1.0553109386545654,0.9780394751222184,1.064366740323427,0.809888143705787,0.9758904727451527,14.92445364499969
