,MAE,RMSE,NSE,alpha,beta,HFV,HFV10,LFV,FDC,r2,training_time_minutes
1,2.363812345792458,9.766582550751549,0.32876245284135197,0.6717667123967287,0.8395499058291456,-17.122940821624212,-9.937049442806138,-12.876435008601689,20.282563204079153,0.30134348426422963,14.92445364499969
2,2.153334406606211,9.43376687705152,0.37373048621849725,0.6415727092041025,0.9046009413957266,-21.533659559670607,-11.39718728125395,-9.84396974197577,-6.677834306878618,0.33629725488483597,14.92445364499969
