,MAE,RMSE,NSE,alpha,beta,HFV,HFV10,LFV,FDC,training_time_minutes
1,1.6005499926052802,2.926377099222864,-0.31166650368122206,1.1804317038160914,0.9496015002355835,1.0945332272028838,1.2035491884988903,0.21755190312579933,0.6476421710628256,23.643953616666842
2,1.5544706569925044,2.8153184809319747,-0.2139978327678087,1.1145581272191993,0.8497251515897134,1.0490104821600101,1.111899313260607,0.04666155209074714,0.6344427291766217,23.643953616666842
