,MAE,RMSE,NSE,alpha,beta,HFV,HFV10,LFV,FDC,r2,training_time_minutes
1,1.1259252546865999,1.9157712754621035,-0.12121521848418859,1.1543407675909387,0.866106434495227,19.36264487963624,18.477038312912303,8.221837364435867,200.3765859615884,0.5166394040920694,23.643953616666842
2,0.9624065716273734,1.751336387341827,0.06299736659829802,1.0986086393583665,0.9553888468539008,14.746167116345646,14.577354895177766,7.979277686371879,33.0554034570457,0.5208134762292472,23.643953616666842
