,MAE,RMSE,NSE,alpha,beta,HFV,HFV10,LFV,FDC
1,0.06073305709061038,0.07260406951950497,0.8273942863497215,0.9513456473548488,0.6526873851370433,0.9370303458081586,0.9260650250034225,0.034420295885556396,0.33028563741148204
2,0.053424030560226675,0.06795923736857502,0.848772687906797,1.0137364570955065,0.7049101984155285,0.9618146576661385,0.9782898063995034,0.03144495110085,0.36677181839267803
