,MAE,RMSE,NSE,alpha,beta,HFV,HFV10,LFV,FDC,training_time_minutes
1,0.8030880515426461,1.7905467989589874,-0.8819665341808685,1.3475895116661414,0.842187106152723,1.2378841253084618,0.9491547404572525,0.7291883980405822,0.7751146731553262,38.802359376666814
2,0.749110710644949,1.5257596341725628,-0.36650990882236467,1.117894358009001,1.0955141282368002,1.1909854392022323,0.9859680191365557,1.5611221087893739,1.2098023343461293,38.802359376666814
