,MAE,RMSE,NSE,alpha,beta,HFV,HFV10,LFV,FDC,r2,training_time_minutes
1,0.5335311816816725,0.8107227878629157,0.01510503695399168,0.9998637874503061,0.9794544817852306,-9.38288124266265,3.4334126182358764,5.083163087866164,24.534704835665707,0.43251955600076886,38.802359376666814
2,0.4826982432781733,0.7226289349167796,0.21751530788004558,0.7895933266620627,1.2217889478338897,-19.880697748931766,-3.980223236775187,5.135385701562248,-45.33314183215973,0.5495629613311583,38.802359376666814
