,MAE,RMSE,NSE,alpha,beta,HFV,HFV10,LFV,FDC,training_time_minutes
1,0.13147113515229655,0.1832461921261364,0.31656809206065895,0.9431621900750877,0.47221721380970805,0.8799394396258049,0.8026395235960058,1.2351372082606795e-10,0.00025631387009963897,17.01921257333403
2,0.12174824300050215,0.18177675635598592,0.3274849110687117,0.869519884371103,0.4757770027066207,0.802524876980086,0.745184577506326,7.455511562139522e-05,0.03515885260291091,17.01921257333403
