,MAE,RMSE,NSE,alpha,beta,HFV,HFV10,LFV,FDC,r2,training_time_minutes
1,0.11953947747549924,0.14040798367232843,0.8729108164388085,1.1098847914684036,0.7778345959826052,-0.8447118010296004,5.576966188210653,-2.7186567055096376,718.0990236376985,0.4256407992612238,17.01921257333403
2,0.09594987856067319,0.11264902800009265,0.9181949938191658,1.0600430876078957,0.8478343815425099,-7.4399593994777575,-1.692012042214837,1.8967174042006976,273.31051532113844,0.529432902349892,17.01921257333403
