,MAE,RMSE,NSE,alpha,beta,HFV,HFV10,LFV,FDC,training_time_minutes
1,0.03357659970257692,0.0720921171618761,0.7934803950483453,0.7438443931374726,0.5490823790517514,0.8733700639868215,0.6825680225182414,-2.3464307817885914e-11,-5.466294633876602e-15,82.09559081833335
2,,,,,,,,,,82.09559081833335
