,MAE,RMSE,NSE,alpha,beta,HFV,HFV10,LFV,FDC,r2,training_time_minutes
1,0.07432444400954365,0.14023140311817217,0.9030193734464915,1.0328283834052046,0.8059999756209799,1.0228678539928822,1.0791291471266642,-0.00027623545668107577,0.16645500554767617,0.7204355515760693,82.09559081833335
2,,,,,,,,,,0.7726398265356048,82.09559081833335
