,MAE,RMSE,NSE,alpha,beta,HFV,HFV10,LFV,FDC,training_time_minutes
1,1.5947881202249095,2.8974869814773623,0.15145888625538595,0.688930309131513,1.250219512851804,0.676085430461579,0.9005629955896556,2.8305306086512623,1.7376520106124056,41.57255756499944
2,3.632479320134879,4.323821813375465,-0.8895808520848854,0.6117672916320533,2.5505204613852897,0.7147632849643711,1.1117643739129188,12.533380389337438,4.442319937138066,41.57255756499944
