,MAE,RMSE,NSE,alpha,beta,HFV,HFV10,LFV,FDC,r2,training_time_minutes
1,1.9694278304665775,3.3241707140908656,-0.12687269075832308,0.9054560278157561,1.328497044069422,-12.017943064525634,4.437717816158369,17.52993642355536,-62.89360381374798,0.258550094217889,41.57255756499944
2,4.017423956015462,4.691173569309045,-1.244249925882717,0.7740173911575697,2.5190486013155304,-17.988963179244205,18.36940387778948,65.24228851711851,-198.0031251175828,0.3720068137143421,41.57255756499944
