,MAE,RMSE,NSE,alpha,beta,HFV,HFV10,LFV,FDC,training_time_minutes
1,0.14382243773642994,0.1988845987735441,0.19494112731088786,0.8263810426283779,0.3712820158343953,0.8146663523359214,0.6951845218945846,-6.646166659109014e-14,2.1917454861556886e-07,17.40668672999988
2,0.12852453825954785,0.18851457380730435,0.276705446420243,0.8074198997945276,0.4327648651007397,0.726359543276952,0.6958039133862943,1.9917357869466694e-06,0.009547306388505303,17.40668672999988
