,MAE,RMSE,NSE,alpha,beta,HFV,HFV10,LFV,FDC,r2,training_time_minutes
1,0.14657190026123743,0.1664767449871096,0.8213380227836037,1.098037907000026,0.6766573263624448,0.9578910249737463,3.6889645703338214,-11.451339842045977,,0.27568273995809256,17.40668672999988
2,0.10816867571589875,0.12571075487104683,0.8981244766386995,1.018559225731747,0.7887012961545707,-10.232826428011231,-5.815832886018494,-3.9459244258879447,386.605597247441,0.5072964314963266,17.40668672999988
