,MAE,RMSE,NSE,alpha,beta,HFV,HFV10,LFV,FDC,training_time_minutes
1,78.43384997680403,90.41357894877278,-1652.4416521334838,20.265738613538744,-102.19449019994488,-0.026983622534018478,-1.1308971761807016,-2826.3658392492066,-680.5315744634516,36.31400889500025
2,2.8818259584453294,3.324079640644164,-1.234932407374469,0.7391167496618944,4.347141751537748,0.7279780296934093,1.2775899880812465,36.96401116316138,24.357687930856457,36.31400889500025
