,MAE,RMSE,NSE,alpha,beta,HFV,HFV10,LFV,FDC,r2,training_time_minutes
1,65.36888642016173,75.14971705733701,-1168.8033720565645,16.925509922933752,-102.79827180499504,-102.95378176466907,-200.20526911403937,-1198.1846570723123,,0.2325425019452717,36.31400889500025
2,2.68798862779024,3.161184018576353,-1.0699398460529155,0.6905199463382665,4.767852360119607,-31.848865695162786,38.80617058753739,156.97458625848705,-47.04121403601348,0.37083240601944556,36.31400889500025
