,MAE,RMSE,NSE,alpha,beta,HFV,HFV10,LFV,FDC,training_time_minutes
1,0.2325993325650697,0.30851416999058534,0.36672054501325413,1.1035580389862785,0.7290226633036032,0.9034066712600678,0.9369648897665166,0.05997199670045478,0.44948963192042174,56.847033015
2,0.2364511124793116,0.3215109494227999,0.3122403340097808,1.219367130699546,0.8510739975818484,0.9964736609693099,1.0327214668282618,0.10805007679567569,0.5916302418123756,56.847033015
