,MAE,RMSE,NSE,alpha,beta,HFV,HFV10,LFV,FDC,r2,training_time_minutes
1,0.3999935803309255,0.5129202296092683,0.7120132443248827,1.0480292183575015,1.1687286999415039,-20.622595750635472,-13.892585218037032,13.779367955652528,152.68936699804934,0.5684985481208757,56.847033015
2,0.4433808210273011,0.5889021794694923,0.6203711734712309,0.979764920734341,1.1849848940576042,-31.450468022744698,-22.497280149680297,9.031114319124622,125.20223620651367,0.6249389556530529,56.847033015
