,MAE,RMSE,NSE,alpha,beta,HFV,HFV10,LFV,FDC
1,1.1868755512623406,1.9450398469439945,0.23396930064389132,0.4773799888807025,1.1199708517556164,0.476429003489372,0.6290808817852392,2.304621685874439,1.7641585823291397
2,6716253.223055811,19896839.59822578,-80159936880599.77,8427710.861832695,-4058296.6691964893,0.14006632188906756,-0.47046918024673223,-55308153.53760557,-63904.47169721294
