,MAE,RMSE,NSE,alpha,beta,HFV,HFV10,LFV,FDC,training_time_minutes
1,0.3958759391522866,0.6849784062296319,0.7162653148320929,0.8979053924410264,0.8520582803796404,0.8054208770311082,0.8737880788985494,0.27834015389960504,0.7069000137999256,11.593045965000055
2,0.43078462675031587,0.714424486310388,0.6913464115687462,0.9073448386345667,0.8120050744397204,0.8113568221453786,0.8728166902611346,0.18596002557017363,0.5541393529418746,11.593045965000055
