,MAE,RMSE,NSE,alpha,beta,HFV,HFV10,LFV,FDC,r2,training_time_minutes
1,0.32828853021004906,0.5607381231267735,0.6966492551519492,1.01555496763635,0.9378660807316952,-5.463898934148584,0.7161694486407043,6.018466496365394,81.79812791524854,0.44371454774885843,11.593045965000055
2,0.3800617387900069,0.60707494118153,0.6444427723670021,1.0559819393318606,0.8771140927724824,-2.748839671312834,3.583255921031783,6.143507335863186,156.74647298700765,0.45220096168974144,11.593045965000055
