,MAE,RMSE,NSE,alpha,beta,HFV,HFV10,LFV,FDC,training_time_minutes
1,5.572396124757557,5.911466999800462,-3119.9975868054726,19.140616361383294,-120.27553751308,-0.2958729912508696,-1.8510942912467363,-11196.08409060352,-10265.377578278072,16.16551996666664
2,0.017951654119267354,0.046935348505442606,0.803255324574359,0.8925950266236995,0.8046326298986809,0.9771140252967833,0.8613203933077008,-0.05133316783166693,1.411536642586095e-09,16.16551996666664
