,MAE,RMSE,NSE,alpha,beta,HFV,HFV10,LFV,FDC,r2,training_time_minutes
1,15.553998109437583,16.372841634231257,-2838.853503022881,17.073386882673415,-123.0637053156815,-103.42884479550074,-553.7382029951672,-2269.8165501963485,,0.10782461428086643,16.16551996666664
2,0.06033504187525348,0.17961457475981826,0.6582323410067406,0.746195395243923,0.8519983025952602,-31.835841968627953,-9.743325322155512,-15.348034971661887,,0.2678086535903129,16.16551996666664
