,MAE,RMSE,NSE,alpha,beta,HFV,HFV10,LFV,FDC,training_time_minutes
1,0.1538944196379685,0.2038467778813852,0.4650924281369072,0.7716335708516756,1.055523836157628,1.0466922961218017,0.9475335015026914,2.1817636112492687,1.2434394886167124,18.497851489998478
2,0.23101031188318052,0.26124430633447077,0.1214535840644485,0.694361309499411,0.3363686617302559,0.7393369603288585,0.6013921956781041,0.00010809751902620398,0.031520185988365985,18.497851489998478
