,MAE,RMSE,NSE,alpha,beta,HFV,HFV10,LFV,FDC,r2,training_time_minutes
1,0.1533789744807898,0.19695206470740692,0.8429973072495058,0.9827490696679523,0.9297422409462791,-1.764377125995484,7.962994011127692,-7.155436773856706,-48.1596541071211,0.5951605753457693,18.497851489998478
2,0.35151688634470174,0.42278766330432066,0.2765131568124557,0.7414589510321749,0.4155299395938412,-32.562668488344826,-33.6845687815444,-41.85209618745424,351.6308997509148,0.8076649983382436,18.497851489998478
