,MAE,RMSE,NSE,alpha,beta,HFV,HFV10,LFV,FDC,training_time_minutes
1,0.012881544471305725,0.024123781261985427,0.9638378463169262,0.901391408677126,0.8164694713553708,0.9433307349062644,0.8900711972480985,-2.92350784164037e-11,2.829073492228534e-05,16.699272184999426
2,0.023381359512158372,0.04820452805843631,0.8556093091650981,0.7856752989379365,0.6687693854886362,0.8704472781417569,0.7797619371217452,-2.1726325352149996e-11,6.275436287454152e-07,16.699272184999426
