,MAE,RMSE,NSE,alpha,beta,HFV,HFV10,LFV,FDC,r2,training_time_minutes
1,0.020898080238764022,0.036891414508205586,0.9722868362530654,0.9989525022556728,0.897359290366399,3.728147885897146,0.7571176549101467,-7.032048155545079,,0.8757089696029793,16.699272184999426
2,0.0431719814552364,0.07355104275507168,0.889842730759675,1.0426715353700344,0.8691327128263333,10.093103402702331,6.536956149501528,-9.356707852319863,,0.9310242958901056,16.699272184999426
