,MAE,RMSE,NSE,alpha,beta,HFV,HFV10,LFV,FDC,training_time_minutes
1,0.040531153643279735,0.08310655944910728,0.8405539562785594,0.8667496811900172,0.6789188258713358,1.0411750544761147,0.8475199466043576,-3.863946287715154e-11,2.7275357660825663e-08,107.64684374166667
2,0.035360749115342587,0.07603857900278298,0.8665215589268223,0.8412372810083746,0.8013529653376699,0.9219797511109715,0.8616191645965423,3.395308931348765e-05,0.24851965847246277,107.64684374166667
