,MAE,RMSE,NSE,alpha,beta,HFV,HFV10,LFV,FDC,r2,training_time_minutes
1,0.0782769866376497,0.1326923655493381,0.8761663348371855,1.023152702446186,0.8324497184719357,1.0426646342368575,1.0938347213952124,-2.2197343209960605e-11,0.32968161395801454,0.6598881838232276,107.64684374166667
2,0.06415176417470093,0.12385867681131599,0.8921053957453073,0.9524475243262281,0.974998407957554,0.9538433367428769,0.9799300699840553,0.014072686137260693,1.2896388947072106,0.7806309266488912,107.64684374166667
