,MAE,RMSE,NSE,alpha,beta,HFV,HFV10,LFV,FDC,training_time_minutes
1,,,,,,,,,,23.94012355333325
2,0.6479910580857323,0.7382298010216795,-2.939917533604564,0.3040778566877764,-1.1385902941857002,-0.01630457095474639,-0.053711659373319134,-5.550578975585957,-2.7142907909110225,23.94012355333325
