,MAE,RMSE,NSE,alpha,beta,HFV,HFV10,LFV,FDC
1,1.0942749383397083,1.6883790977496511,0.21841956693687503,0.47152099681185133,0.9303214000347528,0.4526959042557539,0.5502874444258247,1.5392168306594072,1.4300197282284686
2,3.339862122089641,3.6734763209367873,-2.6998850714231377,0.5014019816323475,-0.9987584897021392,0.20203061500096386,0.08493322490862525,-5.91196152016925,-2.0371406775131864
