,MAE,RMSE,NSE,alpha,beta,HFV,HFV10,LFV,FDC,training_time_minutes
1,0.691234605398556,0.7722443399393405,-0.5085233784677299,0.9884621991062786,3.9610685567113473,1.1199559017502907,1.226617269867253,996.0734803994653,1001.9137826330426,16.882405968333327
2,0.7726212966090228,0.8308145547157711,-0.7460262539481284,0.878391246548304,4.321350147787512,1.0998940322963786,1.192047768735597,1296.7840772744185,1200.1334974160673,16.882405968333327
