,MAE,RMSE,NSE,alpha,beta,HFV,HFV10,LFV,FDC,r2,training_time_minutes
1,0.5322090122333608,0.664514308546042,0.7066476819514134,0.7559441589626723,1.517350451884064,-5.973327374531585,-1.40148769522971,-2.1460910948997194,-92.9090386537333,0.1014716649686167,16.882405968333327
2,0.5919236619037218,0.7114990954820504,0.6636979184204959,0.7423729826280329,1.5773598156448374,1.9438337435157966,2.897544627163312,-1.9345238401524747,-96.51142194095212,0.17183311994662187,16.882405968333327
