,MAE,RMSE,NSE,alpha,beta,HFV,HFV10,LFV,FDC,training_length_days,training_time_minutes
1,0.1891172479683238,0.3625534797228428,-0.16721328182735218,0.5342997704201673,0.10401991596135675,0.5039190131244909,0.25349003415998156,-4.9880532426277846e-08,-9.383162911413975e-18,1457,765.1153413966662
2,0.14615511130166764,0.24933563298423844,0.44795464159521137,1.1432802586328754,0.8192523411465084,1.3449024338643016,1.4287239129840568,0.03598476136452219,0.08815933712242814,1457,765.1153413966662
