,MAE,RMSE,NSE,alpha,beta,HFV,HFV10,LFV,FDC,r2,training_length_days,training_time_minutes
1,0.2714608806963103,0.3906915747518978,-0.6826534473246237,0.8382717798533801,0.17982237431622783,-16.94659328361118,-42.91391102876049,-68.59723974004997,,0.5186905310835839,1457,765.1153413966662
2,0.18515183725082757,0.2499952744136496,0.3110460620158486,1.2237946794652912,0.679051926142377,10.283583824453881,25.608932812515636,4.8905367357494605,150.37005918274622,0.6690301895630719,1457,765.1153413966662
