,MAE,RMSE,NSE,alpha,beta,HFV,HFV10,LFV,FDC
1,1.1837751229901676,1.7375335149596718,0.004668233746339623,0.616092030454732,1.8798000282874838,0.5359362181990475,0.9181352829739705,5.404277091632194,3.676565437545128
2,3.3224779992022215,3.5090524799784877,-3.0595809976158392,0.6473097390066521,4.652869976453728,0.7452979034496408,1.4338320287288246,24.748596149421946,10.704092256987586
