,MAE,RMSE,NSE,alpha,beta,HFV,HFV10,LFV,FDC,training_time_minutes
1,0.017414121172311902,0.0348266868298607,0.9293479519459995,0.997865346540014,0.856904862374634,1.108593034520784,0.9808330467208175,-0.0009560857739999719,2.417305284541029e-06,30.547897683333336
2,0.019657850653122227,0.03749484240853912,0.9181076187667188,0.9937301591223944,0.79861463499922,1.128904053067788,0.9684161159547051,-0.00016224238821217936,7.572989864226348e-11,30.547897683333336
