,MAE,RMSE,NSE,alpha,beta,HFV,HFV10,LFV,FDC,r2,training_time_minutes
1,0.029778030528643185,0.05479909838826994,0.9471215321408317,0.9890781386211469,0.9230424068057064,-5.824353225611253,4.309499782303598,-4.425178392772907,,0.7759078977821129,30.547897683333336
2,0.03198469597405488,0.05046707191598191,0.9551514658855179,1.0216237351938806,0.8827139561468003,0.01585222927249392,6.583152830115416,-5.936153253795071,,0.9014185644924766,30.547897683333336
