,MAE,RMSE,NSE,alpha,beta,HFV,HFV10,LFV,FDC,training_time_minutes
1,1.316805919616536,1.5749966255487513,-4.240163170905659,1.6822269006482726,4.02549708394198,1.2197000197473298,1.9056919215285864,6.59305540907081,10.42264063465129,14.98569455333345
2,2.707837643058308,3.247659369500848,-21.280580368071142,2.8754254114985587,7.309666058553609,1.8969048854602153,3.1512750278063275,12.323727230088444,19.428721998426848,14.98569455333345
