,MAE,RMSE,NSE,alpha,beta,HFV,HFV10,LFV,FDC,r2,training_time_minutes
1,1.138031549406407,1.347237769329315,-3.514346860121628,1.448790800470068,4.4128099155230665,0.7600163880522436,97.71313440506552,216.57364817933168,-3.9273036988258068,0.15738312927792497,14.98569455333345
2,2.3426741962427697,2.7744402546786673,-18.14507975919825,2.4817905420228863,8.282572852305801,49.76448867992221,226.05663679926852,479.3529052655143,-5.054090762400552,0.1710520412764983,14.98569455333345
