,MAE,RMSE,NSE,alpha,beta,HFV,HFV10,LFV,FDC,training_time_minutes
1,0.0873247023076161,0.13463690564946582,0.28803609395359064,1.64883832449759,1.5816406441364876,1.6492638125351833,1.629231584304499,0.9480025159266543,1.6074479094119827,97.7245227483334
2,0.08727472084558704,0.15805028131310206,0.018884176801911234,1.8234789741731263,1.549917713653166,1.7913781534437807,1.7764663678666364,0.864711293212153,1.1016188328235184,97.7245227483334
