,MAE,RMSE,NSE,alpha,beta,HFV,HFV10,LFV,FDC,r2,training_time_minutes
1,0.08798729396021275,0.11275488975822807,0.9589095742698965,0.9739920958444251,1.052838361116427,-5.915503768949392,-5.388708631931034,-1.628970927706415,-5.46428118436102,0.8651378353224072,97.7245227483334
2,0.04765273839827283,0.06734844069509971,0.9853403040924642,1.0357159134054954,1.0317898112689032,-2.190781895174826,-1.2879610514438273,1.8758104004798457,5.031716395782477,0.8805878554742599,97.7245227483334
