,MAE,RMSE,NSE,alpha,beta,HFV,HFV10,LFV,FDC,training_time_minutes
1,0.27919123908025406,0.3501462223297169,0.3843426017090088,0.8632078303513512,0.5712612587918063,0.6111039933586309,0.682507997260898,8.758499707248126e-06,0.025613482753698118,63.91373713333341
2,0.3028112384812436,0.40034292091358314,0.19516932731944436,0.5536086805297532,0.35262092854685806,0.44464050740140065,0.4672113194156678,0.00018671459046111058,0.041873604698183686,63.91373713333341
