,MAE,RMSE,NSE,alpha,beta,HFV,HFV10,LFV,FDC,r2,training_time_minutes
1,0.3322441794934296,0.44384997724571396,0.7517056048383799,1.1120403530402256,0.974498095840694,0.9749619363701386,0.9998535079535498,0.0009338599306131606,0.5593727942890822,0.48510651814126293,63.91373713333341
2,0.31485530966460834,0.5114235644059704,0.6703477974685972,0.8627459277341697,0.7262855017271258,0.9254326276543186,0.693440942509246,0.009485983793433935,0.6413491509924573,0.5841923606154449,63.91373713333341
