,MAE,RMSE,NSE,alpha,beta,HFV,HFV10,LFV,FDC,training_time_minutes
1,0.012524700896293891,0.022873759949142616,0.9675157388718062,0.9415233321821355,0.8404106335315322,0.9569678382554039,0.931460407911352,-1.1994830939031744e-11,6.9402846816272026e-06,15.167741603333344
2,0.013384216895821081,0.024619470296207892,0.9623681746937217,0.9258895741973142,0.821088492118901,0.942592054778094,0.9158941382059984,-1.1429783891657642e-11,2.06101515866207e-06,15.167741603333344
