,MAE,RMSE,NSE,alpha,beta,HFV,HFV10,LFV,FDC,r2,training_time_minutes
1,0.020746040211070613,0.03990843541641784,0.9718622822793997,1.0098946844471213,0.929674334218809,0.7478076076911843,2.818200227708876,-3.069589993621794,,0.966065672667537,15.167741603333344
2,0.022003263394743528,0.04105576080081149,0.970221167049761,1.0059884012131646,0.9187562220191963,0.5061714735469203,2.456735509977837,-3.924849732597978,,0.968689730673414,15.167741603333344
