,MAE,RMSE,NSE,alpha,beta,HFV,HFV10,LFV,FDC,training_time_minutes
1,0.27034454463564617,0.31833897978131565,0.775703644200055,1.155460462594181,0.8213380288100831,0.9776673545274343,1.029673414873417,0.747438986839948,0.5560420660912982,113.83490668833353
2,0.28189964247019933,0.35439844360174877,0.7220119102398339,0.8146871906043741,1.1710945585639032,0.9838808757906037,0.9624084386047053,1.8628743447013651,1.0748241711356887,113.83490668833353
