,MAE,RMSE,NSE,alpha,beta,HFV,HFV10,LFV,FDC,r2,training_time_minutes
1,0.3090847465883927,0.3542567984550947,0.9148816988738987,1.1246599501894756,0.9155938195259533,-2.858493094264634,3.2982474513449604,1.0467196528747724,-2096.901768087146,0.3699357491342049,113.83490668833353
2,0.22509149578600338,0.2780383404859301,0.9475680589838089,0.9273199524554163,1.0577531465610952,-1.3609398777394301,0.6534385836397305,-0.7238184205142736,590.731383028022,0.5423763905243043,113.83490668833353
