,MAE,RMSE,NSE,alpha,beta,HFV,HFV10,LFV,FDC,training_time_minutes
1,0.09051164350247277,0.19522282672687225,0.4411643083047715,1.2265448915202635,0.8656524831849116,1.703363116642576,1.318998611498993,-0.005825869469559029,0.0004465685757198234,33.64704093
2,0.05806843630799057,0.11597920693107822,0.8027653510025898,1.1712079865750955,1.1351164184974687,1.518683422281729,1.2754420685700403,1.4383498329096518,59.379255036288164,33.64704093
