,MAE,RMSE,NSE,alpha,beta,HFV,HFV10,LFV,FDC,r2,training_time_minutes
1,0.18395005226260447,0.3097736948297008,0.8025011450369043,1.0809847398968015,0.8794669222420245,-4.501548584230428,21.07840423149719,6.410360048129287,273.5053910166677,0.33184548544510584,33.64704093
2,0.14846800216584796,0.25757652717773466,0.8634511404499666,0.9550377035404191,1.1531333242940291,-21.028871385304804,3.8343744090120175,18.519009842387753,-33.00514569867977,0.49415885967019235,33.64704093
