,MAE,RMSE,NSE,alpha,beta,HFV,HFV10,LFV,FDC,training_time_minutes
1,0.10345129848033523,0.1292802717580225,0.23806144394126827,0.8813908435545825,0.37552069989050496,0.9538113959556453,0.8318898831385707,-0.00022392174044898817,2.7318137242093868e-05,12.522148373333039
2,0.09879782756488781,0.12790325676674782,0.2542064144737215,0.6860165280981761,0.3879359707395621,0.5700322107058227,0.645681922895023,0.0016688256494959963,0.05427772616429704,12.522148373333039
