,MAE,RMSE,NSE,alpha,beta,HFV,HFV10,LFV,FDC,r2,training_time_minutes
1,0.1316317694116557,0.15355341795408914,0.6584466708538073,1.1553561149662477,0.6296247896063414,8.251986277918913,5.605156465810091,-10.543933347647283,735.4123917894536,0.2772544633664884,12.522148373333039
2,0.10900812103527363,0.16332134542459822,0.6136103853847886,0.8087677370842689,0.6504511919197212,-41.93682739304701,-27.246119206000667,-20.2043623523086,163.7503460118577,0.35016159426294624,12.522148373333039
