,MAE,RMSE,NSE,alpha,beta,HFV,HFV10,LFV,FDC,training_time_minutes
1,7.198680969128901,7.622551249569847,-7.388675493945119,1.0479144138685987,4.746386699241232,1.1874600337917864,1.9365103581033176,20.99309332714762,7.763555112273924,12.15135298166715
2,2.8942779419512634,3.5315786387240045,-0.8006547504017949,0.9148528325978966,2.3871353717054355,0.8991633364844254,1.3073396748023431,7.701915506293385,3.5713752265614085,12.15135298166715
