,MAE,RMSE,NSE,alpha,beta,HFV,HFV10,LFV,FDC,r2,training_time_minutes
1,7.452058066356304,8.044412147499997,-4.726221929621666,0.9576437900919349,4.247912495010983,4.735644345126272,77.34097701919488,164.64207527384693,-191.16572890662337,0.3003040351816372,12.15135298166715
2,3.0439147168428167,3.9964437331779226,-0.4132759065706957,0.8083364509334929,2.134866774722017,-21.01579553822815,18.858940759411567,58.29839543977998,-128.01551107921532,0.3258342637908508,12.15135298166715
