,MAE,RMSE,NSE,alpha,beta,HFV,HFV10,LFV,FDC,training_time_minutes
1,9.641008652241657,13.20384742499751,-1626.453379935455,27.70612638424352,169.49306082311867,10.955845879362649,39.06920887697551,5.463312698768944,1843.1035100304919,11.800074801666657
2,11.88148012692751,14.910183376045941,-2074.2648564302585,27.948844731101744,207.5349751860584,11.412073393263702,40.62455790228255,-101.2047227129599,3732.5808967155917,11.800074801666657
