,MAE,RMSE,NSE,alpha,beta,HFV,HFV10,LFV,FDC,r2,training_time_minutes
1,0.0773134531549702,0.41183620279738353,0.008300952423201613,0.42003415727157206,1.0262384835675924,-43.196697553372154,-32.18244477176885,-5.566812940951084,1.9247606727295394,0.15892852911076027,11.800074801666657
2,10.554852025073485,14.038516798789203,-1151.3205480235201,22.82362401001491,230.22144457019652,1128.0657246294686,4927.117706139494,14006.365050266537,,0.4024220612634336,11.800074801666657
