,MAE,RMSE,NSE,alpha,beta,HFV,HFV10,LFV,FDC,training_time_minutes
1,,,,,,,,,,17.247531268333358
2,131.53494857929513,153.46909243621133,-1451.3408876880085,19.60349887364988,80.29301742130654,12.231867342713905,30.71610015122028,175.7390775664553,175.708580797821,17.247531268333358
