,MAE,RMSE,NSE,alpha,beta,HFV,HFV10,LFV,FDC
1,0.21427407127243275,0.32755530717609804,0.5932800618306657,1.0756916412633422,1.469495957836316,0.9706802136827183,1.0945021212587165,5.405396220150557,16.325084142414052
2,0.15146268527314832,0.26710422023251257,0.7295495665616724,1.1644007339265356,1.3526189649751612,1.0575146733650247,1.2047152102237055,0.40967229198376753,6.906595180261691
