,MAE,RMSE,NSE,alpha,beta,HFV,HFV10,LFV,FDC,training_time_minutes
1,0.11653082514754137,0.14584016858958151,0.6571246542669341,0.903114526146834,0.5203128210214251,0.8736767914246187,0.863570850099087,3.433748764442854e-08,0.0020931688428517717,41.72786413666666
2,0.07633395325827802,0.10842851044843695,0.8104739434306102,0.8550184632280479,0.6701855337333392,0.8735588918325812,0.8157293610178725,0.09730526707655732,0.5148932987363047,41.72786413666666
