,MAE,RMSE,NSE,alpha,beta,HFV,HFV10,LFV,FDC,r2,training_time_minutes
1,0.17231828966392967,0.20558133155421393,0.7961315142855416,1.1131772669614088,0.7284606356664591,5.70963645792058,4.060225495091414,-7.080794818785272,503.98725479709873,0.3344490830841633,41.72786413666666
2,0.06831417589126662,0.0851819427850507,0.9649992113780653,1.01071800734784,0.9375791024379889,-8.774875892062136,-5.216945972976135,-0.8373287372128504,59.96676097632579,0.510999242325036,41.72786413666666
