,MAE,RMSE,NSE,alpha,beta,HFV,HFV10,LFV,FDC,training_time_minutes
1,5621.3362990435535,7959.568808555889,-152826735.91454083,8752.227837812225,17410.908420180993,3859.4386805907843,8552.723026921753,511.98334013308454,19480.321367320652,13.181904106666723
2,17651.293198520754,26965.172411153886,-1753988170.7511897,31660.953830104932,54668.91859986301,14056.085175006918,31144.212161278836,195.97167958279618,22431.61153308902,13.181904106666723
