,MAE,RMSE,NSE,alpha,beta,HFV,HFV10,LFV,FDC,r2,training_time_minutes
1,4956.441721765077,7329.706459151644,-470573414.09121543,15981.30015282478,27185.220199638672,689277.5625769717,1449636.153609203,2709264.5618276685,143.14783040120025,0.0948294943017216,13.181904106666723
2,15417.904884077234,24706.33636226602,-5346516642.841063,57135.07018193518,84562.34011164574,2510622.693002407,5275367.321433627,9395264.221946307,208.70185143259317,0.1039964788775688,13.181904106666723
