,MAE,RMSE,NSE,alpha,beta,HFV,HFV10,LFV,FDC,training_time_minutes
1,2.212998963007884,3.579027118496713,-0.4233970246203871,1.1835310838666386,1.5668157586588358,1.08979978740733,1.3016678303578078,2.0091384759420707,1.9503511854829527,14.008414845000273
2,2.904241597429997,4.055258588892635,-0.8273981507695325,1.1759685372949735,2.0432785981685915,1.043196909470061,1.3941317719372195,4.5597333691998605,2.9500344792624076,14.008414845000273
