,MAE,RMSE,NSE,alpha,beta,HFV,HFV10,LFV,FDC,r2,training_time_minutes
1,1.9992474722261153,3.7251017640751534,-0.022255702427138147,0.9764836532541787,1.2882797284442553,1.4514797485158686,9.099221079758387,18.87759915930475,5.76360931540333,0.3542467343841935,14.008414845000273
2,3.041373996126927,4.5161377018448565,-0.5025108261770117,1.0586768089904863,1.8797049603113256,2.2584815567417116,32.09129092577914,61.21109490929157,-38.7515204383611,0.5992082667576984,14.008414845000273
