,MAE,RMSE,NSE,alpha,beta,HFV,HFV10,LFV,FDC,training_time_minutes
1,1.3826345103520197,1.9075199533331533,0.0013177952701420859,0.674641187086305,2.1621134325833236,0.5805682402517208,0.9507247498465763,16.297088665411085,5.942653458893165,26.946939380000305
2,7.314612430293259,7.687282607477414,-15.219401588390568,1.242707697853104,9.724667391546758,1.14941876850868,2.3290171450119495,143.72983898596314,36.104003394471704,26.946939380000305
