,MAE,RMSE,NSE,alpha,beta,HFV,HFV10,LFV,FDC,r2,training_time_minutes
1,1.330446659826439,1.798247640852436,-0.4989936888487567,0.7848574725272148,2.9099487089570006,-29.038609281359445,24.125658648599217,95.54021245634894,-44.267982234706395,0.20594339687645258,26.946939380000305
2,6.4742402778622745,6.864831944430186,-20.84543141017971,1.8675559656414025,12.009937662148927,41.98555019835888,198.1368712673119,486.5860948927511,-70.69712157308771,0.31483774051316815,26.946939380000305
