,MAE,RMSE,NSE,alpha,beta,HFV,HFV10,LFV,FDC,training_time_minutes
1,0.3852537401748495,0.8127667369302555,0.09921413834201409,0.30555154771523607,1.3870879670597214,0.23147130875751634,0.46108657125053265,139.6876774874464,26.734590094515465,27.03967387499991
2,0.5568085092552166,1.0040452549654884,-0.3746631604633881,0.2838142027934585,-1.0225171627605496,0.08411662698093762,0.09759893868338278,-903.2303229024772,-24.826465705705846,27.03967387499991
