,MAE,RMSE,NSE,alpha,beta,HFV,HFV10,LFV,FDC,r2,training_time_minutes
1,0.27372980122299245,0.3587722365397345,-0.809591904196747,0.8942965744332186,3.075435839645035,-35.61361831106265,10.547046362579618,96.80476652569884,-27.45388213356853,0.1620583829072041,27.03967387499991
2,0.3491367223488035,0.4320497118828223,-1.6242815578529761,0.7934493241436055,-2.116397096963637,-77.26324242407266,-77.82104418142043,-96.1013041720579,,0.20549904211232728,27.03967387499991
