,MAE,RMSE,NSE,alpha,beta,HFV,HFV10,LFV,FDC,training_time_minutes
1,0.02527458254704056,0.046446360323587045,0.8611493852597807,1.0428559975626697,0.7342382075223193,1.2108631552219917,0.9836940767506789,-9.125711123083975e-13,-9.467083126156459e-16,15.737165195000005
2,0.020969207713984663,0.0381785530443125,0.9061826066402443,1.0384703528350832,0.7902128809669902,1.1633891845275728,1.0021613497718707,-1.1275438112744817e-12,-4.12689766447744e-16,15.737165195000005
