,MAE,RMSE,NSE,alpha,beta,HFV,HFV10,LFV,FDC,r2,training_time_minutes
1,0.07018148458341407,0.14511031656475992,0.8985627994028121,0.9184166608008135,0.7868947370810574,-15.126438334392706,0.6848152979678559,-10.431539112241783,,0.6211270448467805,15.737165195000005
2,0.07236411971680795,0.23043309033529505,0.7442059933398257,0.7557108271249219,0.703071738721575,-32.33857862960968,-21.086539744990517,-21.688010164883153,,0.6745382816690574,15.737165195000005
