,MAE,RMSE,NSE,alpha,beta,HFV,HFV10,LFV,FDC
1,7.726248297958866e+41,5.510929649634237e+42,-1.3970620936000714e+85,3.700813314439103e+42,-7.567799186640012e+41,-0.15926650185757052,-565.7135238702174,-1.190961585199038e+43,-1.5358113699121657e+27
2,1.0901695832820088e+43,7.8833918013624e+43,-2.8588554549730775e+87,5.295455431525805e+43,-1.0678124967638972e+43,-0.1468616807702449,-636.4729619461873,-1.6804405514437327e+44,-7.90774284125866e+27
