,MAE,RMSE,NSE,alpha,beta,HFV,HFV10,LFV,FDC,training_time_minutes
1,28054478.794602104,29629387.86046718,-49586297039715.74,2265234.0552269495,12923227.325739248,1304306.6272129964,2974709.871612506,65232052.924028195,36443903.20827453,15.802219876666701
2,4.548352217950375,5.535840854362888,-0.7309459714135438,0.7029845806080088,2.7506353762477684,0.730227268841031,1.1028811864671904,9.72682946756403,6.5557948231402206,15.802219876666701
