,MAE,RMSE,NSE,alpha,beta,HFV,HFV10,LFV,FDC,training_time_minutes
1,0.01773293519395068,0.03515094482681682,0.8909432238146807,0.899551674887522,0.6600656293059982,0.9590614881712555,0.8607504031098672,-0.002711385350083931,-1.5903677740200977e-15,109.83588268166665
2,0.019981638365781405,0.03467488208619755,0.8938772158425213,0.7940361081397764,0.7708348614171135,0.8446232201361108,0.8002583781015012,1.028999997126745,9.578322878545043,109.83588268166665
