,MAE,RMSE,NSE,alpha,beta,HFV,HFV10,LFV,FDC,training_time_minutes
1,0.6760707454353113,0.7578571552207914,-0.6037840948000963,1.2523659915202978,0.42363739792353916,0.8871498189930267,0.9294868794432122,0.0017760273201297124,0.07414003627520768,18.26864779666648
2,0.6140827972442365,0.6895498954483401,-0.32770804084966065,1.2324806466553917,0.4794579077040916,0.9216607201447785,0.8998889492004746,0.019567711299781892,0.1744468455094327,18.26864779666648
