,MAE,RMSE,NSE,alpha,beta,HFV,HFV10,LFV,FDC,r2,training_time_minutes
1,0.6389329034074088,0.758443949463538,0.47051315690268536,1.4892980604267312,0.7979362559185301,1.210817636788626,15.72490403648889,12.959657128576852,-9790.041472220148,0.265569080463555,18.26864779666648
2,0.627170266765745,0.6928296897054922,0.5581639260324103,1.4585408782154585,0.9026638280475525,-8.902343799999791,9.494705897678458,17.36751126884045,-6286.747973160238,0.4153820274611225,18.26864779666648
