,MAE,RMSE,NSE,alpha,beta,HFV,HFV10,LFV,FDC,training_time_minutes
1,0.14374512618007915,0.22245357787506492,0.38492094847920544,1.17410137868667,0.6037849569821235,1.3369516450594559,1.0572065415099539,-5.93552875521945e-06,3.3278526587903735e-08,14.353295294999892
2,0.17503993912506854,0.24723427415724955,0.24025211543695946,1.1089204567909687,0.41571812158776583,1.2969041617976669,0.9290121374934743,-0.8678311465905589,-0.05701356204217196,14.353295294999892
