,MAE,RMSE,NSE,alpha,beta,HFV,HFV10,LFV,FDC,r2,training_time_minutes
1,0.20641967332221453,0.4251749640836618,0.7001608676350048,1.0157500793950853,0.9075782217134882,-9.583250745333686,25.067381974556103,12.667645520914972,,0.12449569848555087,14.353295294999892
2,0.2685017832008334,0.38794615065115623,0.7503705389463874,0.9734230694457902,0.6258956700647809,-11.333122478106727,14.338300861999706,-9.048460905148382,,0.21061139949155994,14.353295294999892
