,MAE,RMSE,NSE,alpha,beta,HFV,HFV10,LFV,FDC,training_time_minutes
1,4.842733162517014,5.117257415705917,-1193.7583628867096,11.718170206112058,-62.53435934949226,-0.21959749946751395,-1.1728022829800495,-15434.376523071165,-4106.625608608765,37.52082203333339
2,1.895076694209484,1.9857584913930435,-178.9112859249448,4.51889966289428,-23.86250616843664,-0.06928408691236987,-0.4302826207455053,-5901.624515632836,-1571.747403177525,37.52082203333339
