,MAE,RMSE,NSE,alpha,beta,HFV,HFV10,LFV,FDC,r2,training_time_minutes
1,13.470923582498674,14.155178138094197,-3180.179424765311,17.882274801589542,-81.4464137860146,-104.96954232829405,-512.7920427706829,-1682.7065012277862,,0.18752638580184466,37.52082203333339
2,5.240592637248237,5.478800521207605,-475.57193483142044,6.906754753485073,-31.074123678932406,-101.55860068201268,-249.9455143006098,-697.2826399654073,,0.435638589654448,37.52082203333339
