,MAE,RMSE,NSE,alpha,beta,HFV,HFV10,LFV,FDC,training_time_minutes
1,0.23014694575831351,0.5579608213284181,0.2941852223327729,0.5292942135214161,0.24105305318110756,0.47702269016316556,0.612591970821116,-4.831709097885371,-0.8160056108398562,19.42397657666661
2,,,,,,,,,,19.42397657666661
