,MAE,RMSE,NSE,alpha,beta,HFV,HFV10,LFV,FDC,training_time_minutes
1,110.36628152450615,129.50141333306746,-910.3328475182188,15.773781104650269,42.50256847372909,9.186641264347315,18.996591573705466,80.16091210702896,72.60500045014348,12.45149903333319
2,2.3653516217801247,3.9055118150557644,0.17113477426283463,0.8148168722109722,1.458377123640903,0.7412787489791609,1.0063631841703935,2.5521261001295628,1.9962964130722427,12.45149903333319
