,MAE,RMSE,NSE,alpha,beta,HFV,HFV10,LFV,FDC,r2,training_time_minutes
1,108.60280866307869,129.11369196420011,-702.4786409783773,14.382896748442446,39.24142904308723,799.5340048624525,1742.9296442522693,2978.5669287808364,-1.5442018053716355,0.27700149227702564,12.45149903333319
2,2.5680324248895268,4.541270691507005,0.1297158067388634,0.7574232557370351,1.5245529672369427,-25.078709086355882,2.479085884979026,29.92471339398426,-73.34779456192457,0.3551322246245141,12.45149903333319
