,MAE,RMSE,NSE,alpha,beta,HFV,HFV10,LFV,FDC,training_time_minutes
1,1.6383265184256512,2.0975402782074783,-0.20629731934115703,0.8438334067366411,1.6724931142258685,0.7852197030142553,0.9813850394726946,2.6723316278683664,2.602434972159497,34.959019446666936
2,1.7889909591340938,2.2980127151229737,-0.4479001033382757,1.0901055198313392,1.5796822652113727,0.9781047738280817,1.1275222534292078,1.4414517127352096,2.225176127579191,34.959019446666936
