,MAE,RMSE,NSE,alpha,beta,HFV,HFV10,LFV,FDC,r2,training_time_minutes
1,1.588076664207416,2.0027993170731926,-0.11792298959754155,0.8649653568771636,1.696050115839085,-20.09304478718867,-0.13461545691511076,26.437406203205867,-81.06544077535277,0.33027644937085954,34.959019446666936
2,1.6090922787950102,2.001726024384561,-0.11672512912186184,1.126763686056875,0.46396773235555383,-20.27483932536195,-19.031170752224217,-14.855056485128575,,0.34292598236313976,34.959019446666936
