,MAE,RMSE,NSE,alpha,beta,HFV,HFV10,LFV,FDC,training_time_minutes
1,47.353739936508475,47.88983619476166,-93.16522097827438,1.2946771064005833,34.65133978499842,2.126618005016513,5.367042459892697,1913.7082655665297,254.5933345809783,16.885171204999885
2,45.81690481257375,46.35779772101858,-87.23673284876195,1.2849650086321296,33.55597401185072,2.0757328961102277,5.2260209272795,1849.3068047285458,245.9300933815104,16.885171204999885
