,MAE,RMSE,NSE,alpha,beta,HFV,HFV10,LFV,FDC,r2,training_time_minutes
1,47.02154619098544,47.60769144421555,-87.15393135627778,1.3379280948046124,32.68602377820007,109.74974618642354,427.9541996742414,1133.923143886662,-93.49360500712856,0.4835322348676918,16.885171204999885
2,45.394123836938114,46.023754334312095,-81.38564112887623,1.3818046877067722,31.584730582773542,104.80633187388932,413.7623291876975,1098.2450477287393,-93.44755747531808,0.484691068093861,16.885171204999885
