,MAE,RMSE,NSE,alpha,beta,HFV,HFV10,LFV,FDC,training_time_minutes
1,0.25023164001208215,0.3091353456570079,-4.527172580395805,0.5470665235073806,-0.37530500823003365,0.12291413820318263,0.12017103270914056,-2.202980851323521,-0.6179362312323506,16.56935653833328
2,0.09680149399072081,0.11565132039551455,0.22641705145040603,0.50215303713623,1.2986703568122557,0.5493829780739755,0.7219066436061818,2.37527029493792,1.7825878476587755,16.56935653833328
