,MAE,RMSE,NSE,alpha,beta,HFV,HFV10,LFV,FDC,r2,training_time_minutes
1,0.04960662603423382,0.07381362546414733,0.22015994224080382,1.2049921387892948,0.8774220155945335,-21.75131218083237,2.5490869288024323,11.771596497721982,,0.0672428841255921,16.56935653833328
2,0.1068284911832738,0.12366729313013919,-1.1889819264127803,0.329926081708925,1.8901026411274984,-24.273584086866933,-2.7561071807396114,21.783235076221565,-29.11004425011997,0.07005867813189126,16.56935653833328
