,MAE,RMSE,NSE,alpha,beta,HFV,HFV10,LFV,FDC,training_time_minutes
1,1.731169824114033,4.163877505666983,-0.05309930236476723,0.9671555236618001,0.6041318480108191,1.101719320776876,1.1234773530260407,-1.0655603415815587,-0.08406567262280576,28.24865912833387
2,4.216389086588927,13.508193979742016,-10.083272534392437,3.319985757461947,-0.581308797571334,1.228742346388901,1.3123350719801177,-19.240700907652695,0.5015086480957438,28.24865912833387
