,MAE,RMSE,NSE,alpha,beta,HFV,HFV10,LFV,FDC,r2,training_time_minutes
1,1.4594310054233592,3.0341986074160303,0.032775347498686935,1.0410790151490368,0.6592001786460198,10.8184097032821,28.8345561044999,6.440965451345779,,0.36728391649663317,28.24865912833387
2,1.2321886162598106,2.969136251350474,0.0738110339149124,0.9777820563185688,1.005032984453731,3.5834040685942083,33.253308526232274,23.74434120447902,519.7062236457575,0.3230639996815071,28.24865912833387
