,MAE,RMSE,NSE,alpha,beta,HFV,HFV10,LFV,FDC,training_time_minutes
1,47.66367231468358,55.096347722544586,-484.54889957404333,11.058328553934375,60.76459350265345,7.775191469428554,20.515589446958053,445.2310144893713,200.38497600945922,14.615891496666396
2,2.4863313080363034,3.254082753992611,-0.6937313994303738,0.609521998442807,3.74897647880742,0.7117011500248452,1.4027619600599686,48.05116138826546,10.789442964168295,14.615891496666396
