,MAE,RMSE,NSE,alpha,beta,HFV,HFV10,LFV,FDC,r2,training_time_minutes
1,37.0849466209761,43.03967989213697,-920.9567572352338,15.602304649305825,55.72561088691942,905.02216356539,2078.228911310029,3599.365963737904,-43.109749169603774,0.2607420665205098,14.615891496666396
2,2.2704749987695396,2.605453719322479,-2.3786189445396717,0.9260222985997987,4.086697296915283,-16.044992729775853,58.005110329093924,151.55411297498185,-59.68652774060097,0.27265503502362143,14.615891496666396
