,MAE,RMSE,NSE,alpha,beta,HFV,HFV10,LFV,FDC,training_time_minutes
1,0.1526490643045124,0.1719643865477635,-0.0199200151655321,0.710771546802114,1.808327493769185,1.064778577150105,1.0623985383749606,5.366643804746922,3.237559672304009,16.295384516666672
2,0.134908564158497,0.15116525118456656,0.21187877243784448,0.7254712395260696,1.7127570919002677,1.0594659679895777,1.0647232177872064,5.0228828662591,2.9400488458969067,16.295384516666672
