,MAE,RMSE,NSE,alpha,beta,HFV,HFV10,LFV,FDC,training_time_minutes
1,0.08778388436676315,0.10674212450661745,0.7536019940023013,0.9560298388240058,0.5727865517133536,0.9014677945395785,0.9132725114191141,6.3003803730644e-05,0.027741925428714877,10.123483869999957
2,0.0661796521560978,0.08562734822115534,0.8414411477593623,0.8462968525320881,0.6765017581202537,0.8683739805810103,0.8060037398993062,0.16269814349801504,0.48754643834655886,10.123483869999957
