,MAE,RMSE,NSE,alpha,beta,HFV,HFV10,LFV,FDC,r2,training_time_minutes
1,0.13684690702550537,0.16098301384724778,0.8288049292549551,1.1363683622740586,0.7728537267947986,8.577695040343473,10.01515637464156,-3.26280612649445,247.89489576359108,0.7205890947664845,10.123483869999957
2,0.048652611765167615,0.06354499800699269,0.9733256473159562,0.9919169460991317,0.9119293397666558,-9.64848382841798,-5.7358519019073775,-4.156031410613742,37.57791906551599,0.8903350643621059,10.123483869999957
