,MAE,RMSE,NSE,alpha,beta,HFV,HFV10,LFV,FDC,training_time_minutes
1,0.14603728813234088,0.23313380773876538,0.35749844541792286,1.183596819904781,0.6201601211619339,1.3212882406163433,1.065940117906472,-1.7605412684153088e-13,1.5022783812677673e-08,17.73391203666676
2,0.1302437538761464,0.2294843641740076,0.377456261171796,1.121703622277368,0.6581493602419366,1.3150672663073815,0.9992052033695391,0.47977847678507224,0.32705681227960104,17.73391203666676
