,MAE,RMSE,NSE,alpha,beta,HFV,HFV10,LFV,FDC,training_time_minutes
1,1.320381440677221,2.664783335095702,0.20337458863333635,0.7118264026593971,0.945846557255932,0.6976573460448648,0.79722129308029,1.7439079730306395,1.2631550868631156,16.46769337999964
2,1.376068310423766,2.693171583262688,0.18631109335623242,0.7589291867112898,0.8440534787112361,0.7127285749526259,0.8216372419801825,-1.0580752351788072,0.9244513605495142,16.46769337999964
