,MAE,RMSE,NSE,alpha,beta,HFV,HFV10,LFV,FDC,r2,training_time_minutes
1,1.3714076423256658,2.8689487409962746,0.0972218630554339,0.8040355969034708,1.0395497576616548,-21.806053034530795,-12.495218208411723,-2.982367555014897,-17.4206402124735,0.31688669523655455,16.46769337999964
2,1.4198284995572144,2.8871228725701505,0.08574785074039226,0.8398752326018354,0.9241976521405731,-20.955947125262504,-11.978256108733296,-3.4827089573035233,,0.32018375900958607,16.46769337999964
