,MAE,RMSE,NSE,alpha,beta,HFV,HFV10,LFV,FDC,training_time_minutes
1,0.255560433158822,0.32591957520649767,0.5267264977990377,1.2997527764990142,0.5969736435152446,1.3719334460280859,1.111758835540688,-4.084604386755418e-06,1.652443855274172e-09,18.674565400000816
2,0.24790106596070124,0.31220379247363444,0.5657221819378206,1.317109072475719,0.6908246845435422,1.3125822429054523,1.1651820324519049,-9.480388847858632e-07,0.0008210712581160144,18.674565400000816
