,MAE,RMSE,NSE,alpha,beta,HFV,HFV10,LFV,FDC,training_time_minutes
1,0.33786331366102607,0.41868312745908776,-1.4115900304771483,0.46826295589210226,6.942901719745367,0.4846045366366533,1.467205033917393,111.48999238011487,48.765565521466456,30.666550241666602
2,,,,,,,,,,30.666550241666602
