,MAE,RMSE,NSE,alpha,beta,HFV,HFV10,LFV,FDC,r2,training_time_minutes
1,0.29669673213659536,0.33521001929888233,-3.0028092639841324,0.6227945709426111,10.879293968001361,-40.57338805567002,114.75410296003432,414.7848836311349,-15.795860536659768,0.012621557742732437,30.666550241666602
2,,,,,,,,,,0.03783027132987127,30.666550241666602
