,MAE,RMSE,NSE,alpha,beta,HFV,HFV10,LFV,FDC,training_time_minutes
1,1.17925739814933,1.9015988021662165,0.232484833781488,0.9505220041512519,1.0334967005342701,0.9245383327808342,0.9747901845797038,1.149675391964457,1.068184795929497,23.61957297333332
2,1.1812166701196392,1.9075201735124283,0.227697474614162,0.9660767517942603,0.9900737451196923,0.9267265736429925,0.9763887100584759,0.7955170900663353,0.947045910901859,23.61957297333332
