,MAE,RMSE,NSE,alpha,beta,HFV,HFV10,LFV,FDC,r2,training_time_minutes
1,1.6795378563497225,3.126526073226278,-0.3340767183136526,1.1563624746388466,0.9980183151646079,23.95332310554503,7.7907889477374415,3.18624165564246,70.73446390146286,0.27886565058786816,23.61957297333332
2,1.653685660196497,2.9903458675615098,-0.22039252883763005,1.114226888222166,0.9414343582850295,16.496342153404267,4.134720600606848,0.2607525539561228,150.46160910947404,0.2810031686462947,23.61957297333332
