,MAE,RMSE,NSE,alpha,beta,HFV,HFV10,LFV,FDC,training_time_minutes
1,0.30312676751503964,0.5724099713445779,0.32748642836619446,0.7061308135196637,0.5419802434803886,0.5749871349449288,0.6525594110857432,0.0010970854064747831,0.18130988653524993,11.625256481666778
2,0.311771366392213,0.5663653711273953,0.3416148064807031,0.7608008106998926,0.5343052290256993,0.663583073882249,0.7112698492948537,3.701317904562845e-05,0.049919217556896205,11.625256481666778
