,MAE,RMSE,NSE,alpha,beta,HFV,HFV10,LFV,FDC,r2,training_time_minutes
1,0.2454133694636192,0.3147255980144259,0.896701253869669,1.0520504838702358,1.0182069543347103,-4.790954831175533,-3.650743569082286,5.1851538820099945,242.09363430214947,0.38623708294492154,11.625256481666778
2,0.2892292079621395,0.36742452430418826,0.8592114953313352,1.164842798979787,1.0037881469217944,16.024247901245992,8.443274309696069,9.442430947400577,379.47074594005545,0.4543011631928009,11.625256481666778
