,MAE,RMSE,NSE,alpha,beta,HFV,HFV10,LFV,FDC
1,0.08893720853788349,0.18467337451236693,0.31353435139581676,0.52877078762722,0.25856013057413,0.6158835603254548,0.4895717152830912,-52.865015428322444,1.2400198687261135e-06
2,,,,,,,,,
