,MAE,RMSE,NSE,alpha,beta,HFV,HFV10,LFV,FDC,r2,training_time_minutes
1,,,,,,,,,,0.23710423466510744,6.366264646666726
2,,,,,,,,,,0.5382804200257443,6.366264646666726
