,MAE,RMSE,NSE,alpha,beta,HFV,HFV10,LFV,FDC,training_time_minutes
1,0.014527202236100732,0.026781651045969856,0.9476103031532352,0.9780252786823767,0.831790291140141,1.0662763297703037,0.9555300571605698,-8.786065256049183e-12,1.0782339381221258e-07,58.63896729166663
2,0.05722968062073004,0.1323612518630863,-0.27965507488527996,0.29692302536855936,0.042680941466090264,0.27246129240885586,0.1696405866297881,-22.9099800100572,1.8588337530937185e-13,58.63896729166663
