,MAE,RMSE,NSE,alpha,beta,HFV,HFV10,LFV,FDC,r2,training_time_minutes
1,0.02331259448348939,0.03763410899489674,0.9711368281062331,1.010825110072936,0.9144959246688777,-1.1470371633946725,4.759988051888985,-4.606762441586756,,0.792205284191789,58.63896729166663
2,0.12754090483753916,0.24628004128071118,-0.23605903800823058,0.49221109894232945,0.05555642972906964,-56.33208474070427,-73.69093262672399,-79.62886238280512,,0.8671861467740518,58.63896729166663
