,MAE,RMSE,NSE,alpha,beta,HFV,HFV10,LFV,FDC,training_time_minutes
1,0.1627499268466066,0.18038226201423854,0.2963557199780673,0.8204629437716303,1.8066632466959864,1.1075515616271652,1.1426730618226817,9.038307264132655,2.3907963193996618,11.308444429999993
2,0.06339350406474362,0.0676601108239,0.9010009758370482,1.0018448357691225,1.2202562561349402,1.0384379432760524,1.0699717698617643,2.867415910098894,1.2861635403341716,11.308444429999993
