,MAE,RMSE,NSE,alpha,beta,HFV,HFV10,LFV,FDC,r2,training_time_minutes
1,0.10976531271203181,0.13309808003195064,0.8829760563111666,0.8294223681534045,1.1815310635320992,1.0864295509216224,1.0284876434427193,-2.789968435015889,-52.87240198068886,0.8860968444424429,11.308444429999993
2,0.04785217268925256,0.0545253916962257,0.980360576445809,0.9408621625858254,1.045869969918932,-2.4679566513927607,-1.5420779975151386,-1.9934412537296418,-18.64132606990029,0.9221383963323155,11.308444429999993
