,MAE,RMSE,NSE,alpha,beta,HFV,HFV10,LFV,FDC,training_length_days,training_time_minutes
1,0.7037995444191342,0.8342574526741996,-0.3377099942730799,0.0,1.5300396919124124,0.5204012471194248,0.6867927344949225,49.36529041287626,8.418019093078764,715,21.49118261000064
2,0.7037995444191342,0.8342574526741996,-0.3377099942730799,0.0,1.5300396919124124,0.5204012471194248,0.6867927344949225,49.36529041287626,8.418019093078764,715,21.49118261000064
