,MAE,RMSE,NSE,alpha,beta,HFV,HFV10,LFV,FDC,training_time_minutes
1,0.08874741972888343,0.12449274551814707,0.6621622801260727,0.9740997353719439,0.5612549554815298,1.0915834623258718,0.9010872202273646,-0.00010002602033507363,0.0003048279141555861,21.709781053333426
2,,,,,,,,,,21.709781053333426
