,MAE,RMSE,NSE,alpha,beta,HFV,HFV10,LFV,FDC,r2,training_time_minutes
1,0.10505738285663736,0.13292610541469205,0.895399693448474,1.0683385296357644,0.7806979693018525,-2.015869924462909,6.92901060344614,-5.243539098608126,518.5232269909644,0.516111506255043,21.709781053333426
2,0.2622895726869642,0.31400483151148467,0.41630623108684617,0.7702728483110826,1.6916983796720968,-3.127396662857839,-1.9221799252162695,1.1118781021862678,-66.19975517391356,0.6030541068358699,21.709781053333426
