,MAE,RMSE,NSE,alpha,beta,HFV,HFV10,LFV,FDC,training_time_minutes
1,0.11917910063434337,0.20325435376518453,-0.011274313365803312,0.4174963237741023,0.19526255832605557,0.43914342941320467,0.3589809278063272,-2.66405181122596e-07,2.563512590016361e-07,42.95465760666654
2,0.2276026258364723,0.3837133441846315,-2.6041517422695772,0.7370251383489829,-0.5524500304397304,0.0011390461246872216,0.00033478410736984156,-6.734491136060427,-0.05426281106343867,42.95465760666654
