,MAE,RMSE,NSE,alpha,beta,HFV,HFV10,LFV,FDC,r2,training_time_minutes
1,0.14602727798496692,0.1868667929644724,0.7571252917488509,1.1277194679238676,0.6196293229713333,1.053998232513889,1.117835324226822,1.9454828613066762e-11,0.06964226280227481,0.7579029543515365,42.95465760666654
2,0.35030995032013035,0.5362163549972988,-0.9998533035350552,0.7968717828934648,-0.3584701296061181,0.5576411896994491,0.27153891690172766,-5.106732786590126,-0.22978925227403443,0.8383618894561984,42.95465760666654
