,MAE,RMSE,NSE,alpha,beta,HFV,HFV10,LFV,FDC,training_time_minutes
1,0.2851082926005254,0.45507736874004245,-0.4971815360335248,0.11900670426741586,0.07212287576984432,0.10099875259315921,0.10896388152352678,-0.030871796909858584,0.026003981811586235,24.006350148333148
2,0.20535848432124107,0.32196653866287583,0.25057968214500326,0.470026788342171,0.4034023444729088,0.3399887240023442,0.3931319783819646,0.0005386245158881531,0.08363265868078124,24.006350148333148
