,MAE,RMSE,NSE,alpha,beta,HFV,HFV10,LFV,FDC,r2,training_time_minutes
1,0.17216229973094718,0.2780812796065654,0.729058851329977,0.9348597392897412,0.8957206373230483,-10.219636636409632,-14.945005638736628,-2.453667316311046,55.9958822103162,0.4703990087098474,24.006350148333148
2,0.17532363833569195,0.2448659366311297,0.789918306205807,0.9691545429429903,0.8982720584968752,-16.37255398515803,-19.620872857219414,0.7636632815394475,223.62596067347567,0.7856452533652634,24.006350148333148
