,MAE,RMSE,NSE,alpha,beta,HFV,HFV10,LFV,FDC,training_time_minutes
1,70.42715663254556,80.68376533491697,-722.3831538491145,13.166120680618006,-34.42644181980247,-0.03476088696068498,-0.8320025798085661,-419.0532998833106,-75.08829577871418,12.875238783333042
2,2.3561543251237302,3.2665119760384655,-0.18567205759082817,0.9132152077901128,1.7783472277000976,0.8357591355046746,1.1205977441473574,4.54297770750585,2.823408027235317,12.875238783333042
