,MAE,RMSE,NSE,alpha,beta,HFV,HFV10,LFV,FDC,r2,training_time_minutes
1,62.176494296082566,72.03100741775664,-381.2277698196391,9.798027834955775,-25.45414830957593,-102.10204527456608,-155.97823225041608,-444.823362522151,,0.29943269734200106,12.875238783333042
2,2.222938098916503,3.4359603011762534,0.1302798469679557,0.7315081358098995,1.5131438716588526,-29.33930720118143,-5.4835628180967,21.288114283891584,-71.97201906310744,0.4638754368962098,12.875238783333042
