,MAE,RMSE,NSE,alpha,beta,HFV,HFV10,LFV,FDC,training_time_minutes
1,0.510017736635576,0.8935342326368639,0.8799289901449328,0.9672159928058032,0.9066203682007477,0.8445136316807993,0.9628424225695058,0.11098683715405594,0.60161800436536,7.021780175000701
2,1.0547559431046643,1.6032741014827723,0.6134271701696017,0.738048440899748,0.3973177910891354,0.6196801410086334,0.6741385052604375,-3.249654862835632,-0.26828197695779576,7.021780175000701
