,MAE,RMSE,NSE,alpha,beta,HFV,HFV10,LFV,FDC,r2,training_time_minutes
1,0.44594771387545956,0.7646367759930035,0.8704288711766005,1.0099725025480044,0.9362972783173488,-3.566678188224687,0.34091796787578915,-1.857319959867358,87.98818463153415,0.4081462428232705,7.021780175000701
2,0.9736507637187382,1.6073750708476968,0.42742506132332236,0.7763278803788302,0.3704740476201148,-36.90721339978938,-33.12695049985259,-37.99458498950047,,0.5227796601765226,7.021780175000701
