,MAE,RMSE,NSE,alpha,beta,HFV,HFV10,LFV,FDC,training_time_minutes
1,0.022520986113218542,0.04507740304840187,0.8691491761407761,0.88532632817071,0.6584226133879366,0.9932165904485794,0.8605319861928081,-4.469736846520024e-12,-1.0851043586088276e-15,18.836485928332937
2,0.015491291424925979,0.030346889958381976,0.940695579683763,0.9668477644574673,0.8137674026223697,0.9739544118231793,0.9734491858056168,-5.705911161933129e-12,-1.6006703264113773e-15,18.836485928332937
