,MAE,RMSE,NSE,alpha,beta,HFV,HFV10,LFV,FDC,r2,training_time_minutes
1,0.056175601338859016,0.14888976016608485,0.8646895192126023,1.0392400863516313,0.8243008764444528,13.500793975173659,6.265298157436017,-9.8758181003024,,0.5437548128803809,18.836485928332937
2,0.03420217644456911,0.09839541866108921,0.9409048917714692,1.005913056963114,0.9213394313466796,5.234333191539263,2.164715962335839,-1.8149101026687298,,0.6973123555493657,18.836485928332937
