,MAE,RMSE,NSE,alpha,beta,HFV,HFV10,LFV,FDC,training_time_minutes
1,29.104202333604935,35.973355839615465,-38.827071792465055,5.576956894807832,-1.470836912618348,1.6869293541679444,2.426438774482036,-14.64097344042471,-7.440223640556397,208.0159954699998
2,36.54979575182226,46.28491894087354,-64.93188380627072,7.080292392078895,5.49859646214474,3.7330103142780757,5.7349248929586585,-3.492621838029733,1.9061618531903246,208.0159954699998
