,MAE,RMSE,NSE,alpha,beta,HFV,HFV10,LFV,FDC
1,1.4544799778624364,2.2919818242213,-0.4900025664377361,0.42351070846329303,-0.28422523171809966,0.3529229254581613,0.3550818383083129,-3.4245097209243833,-1.0451189196317374
2,0.83916207136579,1.9103711628019877,-0.035142608746391746,0.37587223191983027,0.3836517147450848,0.3862391842257829,0.47138576280225253,0.005934530647937036,0.27081866645352065
