,MAE,RMSE,NSE,alpha,beta,HFV,HFV10,LFV,FDC
1,0.39032755792317114,0.5034263303167701,-0.6221290711430489,1.5180878629027943,0.490037172306515,1.7225877708734454,1.3594070801159748,0.0018112069416914708,0.003952312955790378
2,0.255218799300293,0.3690727806852148,0.12815839770102078,1.3352573704139548,1.0393447635011184,1.4527122878911596,1.531932548138785,0.6522663466537267,0.6410459921220969
