,MAE,RMSE,NSE,alpha,beta,HFV,HFV10,LFV,FDC
1,0.05606488381434809,0.10963892075470698,0.3479669366303336,1.4933592335568056,1.0746673028790814,1.9695639624791845,1.5005715851933366,3.397311249058428e-11,0.00019978547524491876
2,0.028675998063952914,0.05043766385447778,0.8620092291520056,1.2953373424353893,1.1607873502304957,1.3681579859505641,1.3153158768803659,0.04408754073231233,0.2998798080399538
