,MAE,RMSE,NSE,alpha,beta,HFV,HFV10,LFV,FDC,training_time_minutes
1,68.14751033190757,68.73041801935771,-321.5823539895644,2.23108756107955,53.87496893904271,3.4800370998751173,8.466916762139459,5613.395389609436,424.5256039984767,23.69075684999989
2,682.1825847468523,685.4691744714996,-32085.2154161147,17.461052419852845,-528.298761325825,-16.363748275324106,-71.6077323261038,-58945.19011589098,-4139.110597300896,23.69075684999989
