,MAE,RMSE,NSE,alpha,beta,HFV,HFV10,LFV,FDC,r2,training_time_minutes
1,37.65750066708758,38.26598508481689,-62.017273675529,1.3342039718804832,-25.667717033491776,-104.0262055115052,-349.48703998471944,-902.4415605952356,,0.5063966705982543,23.69075684999989
2,675.0082550540536,681.8942200736095,-20009.955815482823,20.01943528440478,-477.8019025021133,-212.83382452483605,-5917.817336015664,-16197.183190545311,,0.5160336369199234,23.69075684999989
