,MAE,RMSE,NSE,alpha,beta,HFV,HFV10,LFV,FDC,training_time_minutes
1,0.27403106300745667,0.7388385605449534,0.1679828444160434,0.6523471373769623,0.9972418706074164,0.666246816507329,0.8388701669586974,-0.2532891599278362,1.0792085385119747,13.328164156666995
2,124302.66305522749,160888.70078064955,-39453384361.35028,126108.06022662423,449921.73634419136,49107.53847511651,128606.89939261615,6879.513771113439,1990940.1678658596,13.328164156666995
