,MAE,RMSE,NSE,alpha,beta,HFV,HFV10,LFV,FDC,training_time_minutes
1,0.9278709811433823,1.0559535849827466,-5.921856425610084,1.0108763581360705,2.730632316515441,1.1856603704850424,1.2542724785570583,5.649679880977972,6.122450984435277,61.39626714833333
2,160.19208848353063,253.02354793254005,-397423.65991163853,488.9542873600981,-306.352775073182,1.1373433009778833,1.182901736471737,-2155.9040888087857,-3.2075433678651315,61.39626714833333
