,MAE,RMSE,NSE,alpha,beta,HFV,HFV10,LFV,FDC,r2,training_time_minutes
1,0.30989428788558504,0.4200662413433741,0.10445202924182939,0.6932682825066384,1.4260183777317526,0.9280848889258654,0.9484293151970089,2.727173673736737,2.052679116532636,0.24489136223137342,61.39626714833333
2,0.23344388048788609,0.3957415236845243,0.20516581827972136,0.8839792986402427,1.3258456259840141,0.9548241403604429,0.9728575813191657,1.626699086030604,2.044081477228161,0.6520744788077902,61.39626714833333
