,MAE,RMSE,NSE,alpha,beta,HFV,HFV10,LFV,FDC,training_time_minutes
1,0.16459985779920447,0.2236376844945697,-2.0259560698136267,0.20932630907363728,-0.18132432462782072,-0.001849085128526916,-0.003428061127401844,-3.3695372469987337,-0.1150675917177084,18.148310158333334
2,0.967507012644286,0.9953265379299568,-58.938215930979155,1.5675071253098307,-5.94383594117144,-0.06300257886395254,-0.6160297383006513,-49.977309255120076,-7.467078623354625,18.148310158333334
