,MAE,RMSE,NSE,alpha,beta,HFV,HFV10,LFV,FDC,r2,training_time_minutes
1,0.08282913440370458,0.10497466821677025,0.7742920996771513,0.901322232452585,1.164630474415213,-9.232947877113665,-0.2973582767197409,4.622859286420885,-24.674716447981176,0.37058514212098037,18.148310158333334
2,0.12775972385187692,0.14559556883584024,0.5658157609885743,0.8094856479657242,1.2640925137887518,-4.094928656390678,-0.5150163457870609,-2.689506898429584,-54.02807613371625,0.435312644324538,18.148310158333334
