,MAE,RMSE,NSE,alpha,beta,HFV,HFV10,LFV,FDC,training_time_minutes
1,0.6001042522069,1.236392857312458,0.2565441136974864,0.3808000269685414,0.8733991114972016,0.38654426045987905,0.5686836476606247,1.5150470230556625,1.0581985218852998,9.906553371666813
2,0.6078419294351576,1.2511598304385705,0.23867899105108137,0.3782802667377753,0.8064301544602436,0.3774563408250964,0.5480267708072205,1.3325290868619406,0.9559462416383343,9.906553371666813
