,MAE,RMSE,NSE,alpha,beta,HFV,HFV10,LFV,FDC,r2,training_time_minutes
1,0.5798687633129962,1.0498987038790086,0.15269888864879777,0.5195080628578984,0.9073102473659945,-49.544202352081705,-30.6936188934176,-21.99617523158766,-49.73378030571609,0.46160945237136675,9.906553371666813
2,0.5850339999959929,1.061069920104389,0.13457191876955887,0.5127340537867925,0.8370468582516837,-50.683494509865675,-33.227278693660494,-26.240175644474636,-43.8296991595971,0.4620103890443983,9.906553371666813
