,MAE,RMSE,NSE,alpha,beta,HFV,HFV10,LFV,FDC,training_time_minutes
1,0.6141244698677605,0.736480062292776,-1.2168279831147375,0.45881168661317506,6.388832911738591,0.38524995212710983,1.1335860376026528,403.21764432179407,289.6482062815272,11.888196350000605
2,0.2364185311999671,0.49365103775619645,0.004021152507857062,0.11687993696295834,2.034170160207989,0.12893375624169404,0.3347988123571053,152.39837235047938,90.2807395320336,11.888196350000605
