,MAE,RMSE,NSE,alpha,beta,HFV,HFV10,LFV,FDC,r2,training_time_minutes
1,0.6541154202055821,0.699897590891513,-41.79840650270759,2.378890154026306,35.1803170049689,84.56284406695396,479.0579882575414,1449.797182673333,,0.008235866520005075,11.888196350000605
2,0.17067522726829004,0.19262899158845748,-2.241917093704424,0.5263809811638531,9.202654375656087,-46.18193269481501,49.63641200420959,288.81343160482663,,0.015412371894864108,11.888196350000605
