,MAE,RMSE,NSE,alpha,beta,HFV,HFV10,LFV,FDC,training_time_minutes
1,109.96163774925516,110.55173649353299,-933.7503106220864,3.055596557600215,147.31221398135472,5.984406862066402,18.594655339807932,41415.936611471356,3143.1600467612807,33.14908436666689
2,,,,,,,,,,33.14908436666689
