,MAE,RMSE,NSE,alpha,beta,HFV,HFV10,LFV,FDC,r2,training_time_minutes
1,110.19443920914169,110.68180985224424,-901.9997912726035,2.6744927782564174,166.6406556627619,460.6993380404249,1911.9692616388568,5520.118635847529,-70.83568102433718,0.39138842662025697,33.14908436666689
2,102.89199516826744,103.38671310537381,-786.8882114910045,2.605429047886118,155.66386202823617,428.34671428289687,1792.2789987513224,5177.087719084356,-70.7293507371698,0.4262407070792894,33.14908436666689
