,MAE,RMSE,NSE,alpha,beta,HFV,HFV10,LFV,FDC,training_time_minutes
1,2.1050357939724593,2.9589056882744638,-0.3692956186627214,0.9201410294389877,1.9835434006512447,0.823755967580896,1.190246499150267,4.802995934456031,3.1575638625581406,27.291984446666902
2,7.197954280946753,7.615509656884041,-8.070535333048795,0.9899319650812318,5.289053779897685,1.1218385070367902,1.9296211068527382,26.253555219698598,9.950283058204194,27.291984446666902
