,MAE,RMSE,NSE,alpha,beta,HFV,HFV10,LFV,FDC,r2,training_time_minutes
1,2.224025146927335,3.3990068444587074,-0.2206490349101904,0.8014405369823177,1.8925425621241039,-21.538020305211575,18.921460908952884,53.050171183701075,-59.118369437907326,0.2671061247526326,27.291984446666902
2,7.466558371947416,7.97500288515596,-5.719677519707011,0.8725162688546922,5.0276095223512405,8.070060297511484,91.95391528102692,194.85933362728525,-149.18997659838226,0.4114794074583221,27.291984446666902
