,MAE,RMSE,NSE,alpha,beta,HFV,HFV10,LFV,FDC,training_time_minutes
1,0.14134219269593895,0.16527545431598842,0.7279277923874605,1.2159035686090935,0.7219285950345583,1.0229254499253118,1.110390370216794,0.000509053187114191,0.06677502442918984,17.64320925999976
2,0.1346176363503353,0.15913546862085257,0.7477672725761498,1.2621494052470201,0.7307499662118603,1.1473030574783927,1.143760279951894,0.0004895307261013624,0.04842582921914032,17.64320925999976
