,MAE,RMSE,NSE,alpha,beta,HFV,HFV10,LFV,FDC,training_time_minutes
1,25.373991483450055,29.394921521529525,-296.2031375113385,8.674272758259873,86.23085697657618,6.5289216666350285,18.317295427214066,inf,inf,11.674813916667093
2,12.41456351250418,14.371160166363389,-70.03828022501544,4.230084770692721,42.46282987499497,3.2231574922189727,8.98014639650771,inf,inf,11.674813916667093
