,MAE,RMSE,NSE,alpha,beta,HFV,HFV10,LFV,FDC,r2,training_time_minutes
1,16.682675714660235,19.77277369214973,-369.30319327701454,10.37777815324672,95.51975747310563,625.7040265096242,2030.7978197408254,5310.200878004763,,0.28583950794694746,11.674813916667093
2,8.161406281790615,9.667989218928238,-87.53083912805496,5.083267207397045,47.144429627327874,262.7644203217698,950.0908411122614,2558.1213649595875,,0.31542549965440303,11.674813916667093
