,MAE,RMSE,NSE,alpha,beta,HFV,HFV10,LFV,FDC,training_time_minutes
1,0.11107258483783174,0.11895362168545916,0.07282375341271496,0.6233678046797311,2.6970668044792787,0.9608315884533304,0.9701317510361699,309.4823889906177,132.44145469494856,14.093865166666607
2,0.06911462837350621,0.07341124997017331,0.6468719662933928,0.7980954629004269,2.0573820938581995,1.0159425920128276,1.003867809222131,186.99060575595743,79.72458892999049,14.093865166666607
