,MAE,RMSE,NSE,alpha,beta,HFV,HFV10,LFV,FDC,r2,training_time_minutes
1,0.09286714584658395,0.10698229991361054,0.7201052501338704,0.7596206751643132,1.6234379983885734,-3.155215698758516,-1.6595614375797252,0.8463423537506121,-70.11761432188892,0.70580679244194,14.093865166666607
2,0.06205437096441217,0.07071397092563017,0.8777127036748006,0.8420958780634473,1.3896865866000683,-4.48917519099429,-1.1757204450536014,0.8416424264915753,-63.51611821171968,0.7342730656279467,14.093865166666607
