,MAE,RMSE,NSE,alpha,beta,HFV,HFV10,LFV,FDC,training_length_days,training_time_minutes
1,0.4964137382687028,0.7854591956746111,-0.7198123824430647,1.647205983444157,0.7366456511155538,1.718217942441811,1.4181874525732825,0.08121232879538719,0.1524843426818296,404,49.357141543333334
2,0.33691454747227917,0.478498976566211,0.3617426262136666,1.1527221776706755,1.2425249722881067,1.0517198903881544,1.2804372533628636,1.3936172663288158,1.3349818331069312,404,49.357141543333334
