,MAE,RMSE,NSE,alpha,beta,HFV,HFV10,LFV,FDC,training_time_minutes
1,1.2704341000640098,2.829171405725731,-0.28183662493621675,0.9814120940564405,1.046835144284352,0.9602347118734145,1.1964873270318404,-1.4684738422525032,0.43109712219491503,31.43023448833313
2,3.427526501453184,6.544759527813848,-5.8596434750026605,2.4921868434284034,1.8955131710281146,2.17503026150415,3.090192860176808,-17.365574120723004,-0.9950988243530489,31.43023448833313
