,MAE,RMSE,NSE,alpha,beta,HFV,HFV10,LFV,FDC,r2,training_time_minutes
1,1.2496237112386546,2.6004383906294843,0.0072512846125242225,0.8224100848029288,0.9540664625455647,-23.100545645450943,5.284840757921862,10.219600758547443,,0.29376946439154317,31.43023448833313
2,2.8150163297534543,4.557564576547707,-2.04938217757092,1.731149677154538,0.9912091446028135,38.70259650684373,107.10416137984024,96.96189455118514,,0.43446123953465265,31.43023448833313
