,MAE,RMSE,NSE,alpha,beta,HFV,HFV10,LFV,FDC,training_time_minutes
1,0.03480657789760897,0.09691380795712098,0.7608800044651163,0.8778982922010863,0.7634630147816093,1.0026104816816026,0.8601881275834046,-0.0015843482320518775,2.0233912204642576e-05,30.22375524333329
2,0.0375901088914167,0.10141677536358248,0.738143009270781,0.9188831746429236,0.7840099473444788,1.0606606895518498,0.8992936546633538,-0.0024108361678808732,5.265972331013213e-06,30.22375524333329
