,MAE,RMSE,NSE,alpha,beta,HFV,HFV10,LFV,FDC,r2,training_time_minutes
1,0.0374428701700118,0.07130702515703641,0.9557890894069543,1.000085342361532,0.9354025147952221,-3.622053708207478,4.951582194804486,-4.065793102628319,,0.3450279452689491,30.22375524333329
2,0.03945228406573652,0.07492524410270486,0.9511886121753317,1.0105596625636135,0.9413611766287525,-2.7054099741120194,6.456393776321563,-3.248726445249484,,0.45960453423544256,30.22375524333329
