,MAE,RMSE,NSE,alpha,beta,HFV,HFV10,LFV,FDC,training_time_minutes
1,1.335338292501847,3.6834485915711346,0.29220306447386435,0.5022750368023791,0.8878441532248008,0.4884864177257023,0.6403139713302737,10.488869840987432,1.8919920141085083,15.284774773333629
2,1.4060924229027547,3.729400865264955,0.27443289223074474,0.5081453456786434,0.8934291425333568,0.4863688025799765,0.646213956775072,6.3703351143088085,2.0552602788052057,15.284774773333629
