,MAE,RMSE,NSE,alpha,beta,HFV,HFV10,LFV,FDC,r2,training_time_minutes
1,1.4500022307122695,3.8042046300706223,0.20747034530359865,0.5646074763563527,0.9136311276330895,-43.96754433927866,-32.625427317396706,-20.20112471122384,-45.57764134650788,0.48793744521616345,15.284774773333629
2,1.6546797550109393,3.961477578147123,0.14058647073817665,0.5955973457604876,0.8863812509478115,-43.966153240935895,-29.476834162269594,-15.471684736441008,-22.056641715012677,0.5066407888074675,15.284774773333629
