,MAE,RMSE,NSE,alpha,beta,HFV,HFV10,LFV,FDC,training_time_minutes
1,74.47692716617085,86.22822409072951,-1128.1159310954508,16.931600020155354,48.32568028622766,11.27813783698762,21.912407591295526,149.68038434438162,88.11305247773448,21.90004535333331
2,4.919683164114293,5.270436105962302,-3.218254291914157,0.8440724823095158,4.046943740467579,1.1399710254047757,1.627032087795372,26.414406573771952,7.514269287558301,21.90004535333331
