,MAE,RMSE,NSE,alpha,beta,HFV,HFV10,LFV,FDC,r2,training_time_minutes
1,66.81823711179167,79.97442213792672,-622.001413450357,13.87083713222832,38.76452723488356,843.4476836673997,1698.2162131865275,2798.4934033551112,-43.664785882527504,0.44559081551299173,21.90004535333331
2,5.423638031983391,6.009222584696315,-2.517413224741456,0.9058443888408735,3.922719068594531,5.210163956592298,58.66063662588588,134.6350560054428,-114.08721777057207,0.4997753000315436,21.90004535333331
