,MAE,RMSE,NSE,alpha,beta,HFV,HFV10,LFV,FDC,training_time_minutes
1,40.062612853972475,45.411006816541246,-97.24942530034663,4.680735958433658,-26.500637662700463,0.04076749252947211,-0.5243793244448887,-278.19814604967337,-100.16951497841417,16.341905895
2,15.932693043671497,18.67669304867058,-15.619108357231191,2.1727762995303896,11.573500889680854,1.3863128999093628,3.6874904092143357,22.86322398522263,37.8763680476041,16.341905895
