,MAE,RMSE,NSE,alpha,beta,HFV,HFV10,LFV,FDC,training_time_minutes
1,2.052308004587796,3.178382298409906,0.05362971642877579,1.0125960142063022,1.4114863366881862,0.8906950854495337,1.1238881637382803,0.8573766913919016,2.12939957992487,16.98991075833334
2,3.9544027148340373,4.523404436843196,-0.9168126531094034,0.8064257581835018,2.660258438969032,0.866186272681616,1.1765645333815964,9.4514156371644,5.775250664640099,16.98991075833334
