,MAE,RMSE,NSE,alpha,beta,HFV,HFV10,LFV,FDC,r2,training_time_minutes
1,2.0417206550272384,3.1642568607645933,0.14737285295348634,0.9515210388430815,1.4171606053951047,-14.031933999703488,3.4260671749202234,25.708404401114915,70.26955473853971,0.27441622235417573,16.98991075833334
2,3.93536199051763,4.5246436750009025,-0.7433495016595493,0.7910664277047788,2.654716348540461,-19.302585308400385,13.156745087501134,65.79890048739185,-110.24189047590846,0.45906944366339286,16.98991075833334
