,MAE,RMSE,NSE,alpha,beta,HFV,HFV10,LFV,FDC,training_time_minutes
1,0.022489543131276914,0.03185640534547416,0.9160467735305965,1.1550245664064986,0.9150858753390453,1.0915650412769617,1.1574745002313302,0.0004874341413621545,0.14825712416930306,54.12382536
2,,,,,,,,,,54.12382536
