,MAE,RMSE,NSE,alpha,beta,HFV,HFV10,LFV,FDC,training_time_minutes
1,0.3941615232415768,0.5444138451952723,0.3688228111850156,0.718645070094155,0.4561132838443096,0.6373318174961294,0.6408025872795028,0.003019914429111983,0.1357791485647828,32.6231992650001
2,0.3196886729625455,0.5969998454700329,0.24100064042454516,0.43232129216010307,0.545944646254619,0.4525291584069254,0.4118240404315131,0.5411690590801886,0.6642804256386173,32.6231992650001
