,MAE,RMSE,NSE,alpha,beta,HFV,HFV10,LFV,FDC,r2,training_time_minutes
1,0.3845261431352207,0.47071585048174097,0.6633273589618688,1.2585175956703927,0.9348890564875298,18.284015210802774,8.32914597109848,9.781320420464823,315.5203139421227,0.4986892445236176,32.6231992650001
2,0.4168976838708558,0.5512335078429308,0.5382983794030276,0.7568569007458922,1.1077127066585402,-25.170273233423544,-26.834179114104877,-11.60817030246604,-9.985438714208218,0.770324006622101,32.6231992650001
