,MAE,RMSE,NSE,alpha,beta,HFV,HFV10,LFV,FDC,training_time_minutes
1,1.3798641630237454,2.7769742818642373,0.22057628005790786,0.5882895198270325,0.8771411801564002,0.5866210547705267,0.7185319048202645,1.3898741220391064,1.0946831681482743,14.858129969999816
2,1.3908600139935576,2.7815235483861596,0.21802046911937134,0.6099242028607524,0.8199722085829662,0.5932863459422081,0.723682576990338,0.7115931485286665,0.9539464114668212,14.858129969999816
