,MAE,RMSE,NSE,alpha,beta,HFV,HFV10,LFV,FDC,r2,training_time_minutes
1,1.662118953447069,3.117856849232718,0.008664727674419725,0.8436667263340663,0.966273877239967,-15.178571259578986,-10.492681424664896,-6.55345451196353,8.18773989525662,0.28010044914645893,14.858129969999816
2,1.6933229250491735,3.1450848404715317,-0.008725376613504032,0.8669718572077282,0.9271635611640965,-14.390436987227451,-9.563730640707938,-6.476219109704252,80.79142090218457,0.28095781461146596,14.858129969999816
