,MAE,RMSE,NSE,alpha,beta,HFV,HFV10,LFV,FDC,training_time_minutes
1,76.74914990340984,89.54175873612853,-990.0179887390822,16.211754630064174,39.45147414576681,10.191025534520284,17.956730013022014,148.8360151087667,74.3762604478435,37.7648598766665
2,2.0182422797429673,2.7232276615541613,0.08336128355681238,0.6786969464082733,1.6705207913096254,0.6848201520830384,0.9024919108435386,9.595122990135637,2.853903344917728,37.7648598766665
