,MAE,RMSE,NSE,alpha,beta,HFV,HFV10,LFV,FDC,r2,training_time_minutes
1,69.57208109182801,82.06945520640798,-711.7375299290206,14.213134809542378,34.72910261971258,757.4833733839346,1471.9973389043673,2406.2640725058804,-63.9161262831466,0.33083222785673727,37.7648598766665
2,2.275855109436307,3.0937729097211135,-0.012845939150668118,0.6698212069606587,1.7182770165599046,-38.323931700378814,-11.452163704092097,20.692071731050085,-103.20792294067118,0.4133870393855261,37.7648598766665
