,MAE,RMSE,NSE,alpha,beta,HFV,HFV10,LFV,FDC,training_time_minutes
1,0.1464231760439387,0.17357348588410088,0.753906753230661,0.9459810746327427,0.5789125693908134,0.7493753584811438,0.8585648859062167,0.0001984951365193043,0.06158646472983085,10.60808482166661
2,0.14432589128279188,0.1663049109485536,0.7740860374962251,0.9954692064179157,0.6008505602953693,0.7977003300112963,0.904979510694428,0.00011911824664454173,0.051911922335742544,10.60808482166661
