,MAE,RMSE,NSE,alpha,beta,HFV,HFV10,LFV,FDC,training_time_minutes
1,420.464499095143,721.6708323460999,-48788.586102850175,179.77856599913034,205.50291034225074,66.68450963827547,134.60826990181457,0.6140273114345158,1.9414719248629886,17.46447781166668
2,898.9592182041662,1544.9922023859663,-223614.24686494734,384.84745621268996,438.85776466303014,142.58172095305477,287.8739490455446,0.6151734235334736,1.9429098445080402,17.46447781166668
