,MAE,RMSE,NSE,alpha,beta,HFV,HFV10,LFV,FDC,r2,training_time_minutes
1,57.94136384956706,264.6047076059798,-5961.258869511778,75.4749455420775,28.241628626954927,6480.963540727732,5288.312255742507,3388.9258376326634,194.17028238809448,0.32140071929047187,17.46447781166668
2,122.47188894720054,566.7050135730196,-27347.26660360448,161.59701003729248,59.461487821807054,13974.175696604654,11344.769611643178,7266.055465348771,193.75772411149137,0.32147471518912785,17.46447781166668
