,MAE,RMSE,NSE,alpha,beta,HFV,HFV10,LFV,FDC,training_length_days,training_time_minutes
1,0.34936835259560495,0.39728422534373964,-1.0172129450361225,1.4782888796620441,0.6111509777396898,1.0821948555886265,1.1180284723628817,0.22999957833284385,0.2718758574844038,521,74.08106892166664
2,0.2149463480610948,0.28401337276295224,-0.030924077085056734,0.9977684740134173,0.8124397921209598,0.842026555796922,0.9654953319701197,0.6448485546018832,0.6771886325035325,521,74.08106892166664
