,MAE,RMSE,NSE,alpha,beta,HFV,HFV10,LFV,FDC,r2,training_length_days,training_time_minutes
1,0.2658548268867273,0.31667113801156127,-1.4579718393709196,1.6385082403943345,0.5613199700997072,37.38908407916773,16.597689488365894,-11.255303296413937,176.44351050008675,0.2043051178506612,521,74.08106892166664
2,0.19560758327940106,0.2423073424018964,-0.43910700129017477,1.278841365802735,0.7125436215479248,9.416276246973826,2.211853105560367,-8.17985855245959,72.89842719876978,0.28539943208777485,521,74.08106892166664
