,MAE,RMSE,NSE,alpha,beta,HFV,HFV10,LFV,FDC
1,0.24310180200095508,0.36227985902104803,-0.12288091869554707,0.4044573782635173,0.23546584294235878,0.48499232213152066,0.44403866946969106,2.1812311677321312e-07,0.002041012825481694
2,0.12805906481140902,0.19338582543320518,0.6800408025832804,0.9117699476573876,0.7004743087616991,1.0998128873901452,0.9859448780025781,0.011222466151837187,0.1555498111210533
