,MAE,RMSE,NSE,alpha,beta,HFV,HFV10,LFV,FDC,training_time_minutes
1,0.03367748700478067,0.07082441999236506,0.6053579545945493,0.5740478338276056,0.40301043106909934,0.7055257301404189,0.535468181917799,-4.5154108602199454e-11,1.3228378565184393e-09,10.409057168333675
2,,,,,,,,,,10.409057168333675
