,MAE,RMSE,NSE,alpha,beta,HFV,HFV10,LFV,FDC,r2,training_time_minutes
1,0.06575223166883255,0.11650337703242317,0.8260662499950273,1.0165033266139236,0.7093950048698335,4.3714641067542415,3.998395349698223,-23.208375877272328,,0.23737269320458132,10.409057168333675
2,0.21458147875324388,0.3154435975205449,-0.27511767593589664,1.1491688903647523,-0.3035992797965513,-1.0595770375821758,-13.128095697419722,-46.818408595588615,,0.3396323327815416,10.409057168333675
