,MAE,RMSE,NSE,alpha,beta,HFV,HFV10,LFV,FDC,training_time_minutes
1,1.7399474899545,2.6520680487164827,-0.029271231423058097,0.6802615145265233,1.9798666644957847,0.6046141335221443,0.9810079084259012,10.979271099776621,4.519106021748905,25.121672558333376
2,11.649771234917978,12.119741186344497,-20.495482548437487,1.2289715387114093,10.583486122918139,1.3938846508953742,2.772968485314003,127.5979198211798,32.38561350133317,25.121672558333376
