,MAE,RMSE,NSE,alpha,beta,HFV,HFV10,LFV,FDC,r2,training_time_minutes
1,1.8516081473987724,2.6142504687230694,-0.14642538084737855,0.7943691760193562,2.226423604436083,-25.81932261206395,9.70806916946597,59.812970625914154,-49.1053118333503,0.2729039012146586,25.121672558333376
2,11.828161298268313,12.594664196862363,-25.608757075258456,2.050551701078785,11.188687866695913,60.74447786535303,206.9335027218073,477.48508075590615,-86.88683970309981,0.4230410326349835,25.121672558333376
