,MAE,RMSE,NSE,alpha,beta,HFV,HFV10,LFV,FDC,training_time_minutes
1,0.674332384594625,0.7582625750401939,-0.2725704081646172,1.2157002552834284,0.4367474053808562,0.8858168979581729,0.9207742789019298,0.0010485397337897415,0.06370648066469024,81.05066323833331
2,0.5325219419752517,0.5745149065241172,0.26945801502625777,0.8797424224598503,0.5541594003494469,0.8168809382508617,0.8015216321370553,0.5464477204017454,0.3746337245873956,81.05066323833331
