,MAE,RMSE,NSE,alpha,beta,HFV,HFV10,LFV,FDC,r2,training_time_minutes
1,0.6431405171617183,0.7627001643964836,0.6054570930514522,1.3993145101506228,0.7874336274216838,-0.5940513600255981,13.12202667920156,9.02677290987031,-15221.169872565099,0.33159827768612815,81.05066323833331
2,0.2273513518006804,0.31786704354000805,0.9314704996672074,1.0201947588672633,0.9848347069656199,-4.423240884937932,3.3404383335401193,0.752178087228226,-104.67584884973351,0.36241337100857374,81.05066323833331
