,MAE,RMSE,NSE,alpha,beta,HFV,HFV10,LFV,FDC,training_time_minutes
1,0.453265693270638,0.9880432387442756,0.7153636973022361,0.6980202471357227,0.680309539173763,0.5292497425740968,0.7024853085548632,-2.009894489802493,-0.04859767713776664,14.537883104999976
2,10.457922893543772,12.51804901436056,-44.68900325838965,3.646268807559282,-10.8522527001265,0.13674839062294145,0.005722135148148957,-330.18974360009156,-75.5975942197142,14.537883104999976
