,MAE,RMSE,NSE,alpha,beta,HFV,HFV10,LFV,FDC,r2,training_time_minutes
1,0.4218846296917833,0.8637443799400071,0.7129865162083363,0.8520946027192169,0.8528190646821507,-34.29824049198598,-13.790087788993256,0.0896666627277645,,0.12206159174296094,14.537883104999976
2,10.49426672761892,12.249991262069871,-56.73024343868688,3.8787590811940214,-12.581903393140687,-78.43955825612348,-95.90253606057534,-209.87124396844212,,0.16262711673891572,14.537883104999976
