,MAE,RMSE,NSE,alpha,beta,HFV,HFV10,LFV,FDC,training_time_minutes
1,0.994600906042026,2.591589820050522,0.11330759793442413,0.5853561239747942,1.0827032379697892,0.6169951041067075,0.9058785104038436,2.0635921441979335,1.4184219238082743,18.748812178334145
2,1.0898719975744928,2.543235778590172,0.1460868418972946,0.5005517269257374,1.360103943603007,0.5385516845129066,0.8322898469026316,6.524913341304346,2.515479756357408,18.748812178334145
