,MAE,RMSE,NSE,alpha,beta,HFV,HFV10,LFV,FDC,r2,training_time_minutes
1,1.1201960313536359,2.5484805409288294,-0.1955974670977476,0.9388634736817526,1.3192751937592961,-7.840489748041776,12.017880132829264,23.990535787867977,-14.206320013164332,0.32526137631984253,18.748812178334145
2,1.249719372829009,2.3163324617237238,0.012302101639049878,0.7400741332551504,1.6080838176316588,-24.8896463055324,-3.8508910938851706,23.22411016995758,-52.28713741666788,0.48515565771333413,18.748812178334145
