,MAE,RMSE,NSE,alpha,beta,HFV,HFV10,LFV,FDC,training_time_minutes
1,0.02490134654640092,0.063426366181661,0.7414839734471633,1.0041676005373559,0.8107070456331296,1.2605346265131432,0.9523384630530294,-4.110362920049571e-11,1.1626662773904765e-10,27.402569929999995
2,0.7878660826050491,0.8531698006969065,-45.77553462661199,2.6818401511635517,-11.770495322837622,-0.022451691657428042,-0.35466078208400476,-10478.879377140045,-1722.5430877621102,27.402569929999995
