,MAE,RMSE,NSE,alpha,beta,HFV,HFV10,LFV,FDC,r2,training_time_minutes
1,0.06788147132783667,0.1510627756423322,0.6802296310616387,1.059368935773874,0.8919697245879145,12.357040682192869,9.14133720612627,-8.600220740811269,,0.7891465047186195,27.402569929999995
2,0.46714645752821055,0.5163189451135779,-2.7355918490018425,1.526866639320237,-1.9165997635378744,-20.132970035643304,-20.362334789560467,-52.37428739169621,,0.8814678905459213,27.402569929999995
