,MAE,RMSE,NSE,alpha,beta,HFV,HFV10,LFV,FDC
1,0.04652065018189149,0.14468953277203633,0.24063338148357827,0.20867627415421852,0.17787786266398486,0.20820605157433877,0.20201136978818138,-0.0024498121437181142,-1.5642294471684283e-14
2,0.054972351371359966,0.19596115414357715,-0.39289137958897125,0.4457241802393743,0.3745626126087024,0.24882618731828213,0.3994047533151767,-247.29602120769178,-2.2372462447353874e-14
