,MAE,RMSE,NSE,alpha,beta,HFV,HFV10,LFV,FDC,r2
1,0.18367099828780278,0.4450840899221573,0.23296369711832532,1.1956217179398752,1.0310444136245762,1.191572991497591,1.1876694566732828,-0.003799812620885624,3.7964908149679157,0.682130174116784
2,0.12297465376792263,0.2959057866118307,0.6609695586769431,0.9586310281208582,0.9651660091906221,1.0541952924894376,0.8427624201884129,-77.39422467076224,14.730950245978208,0.7845713596280961
