,MAE,RMSE,NSE,alpha,beta,HFV,HFV10,LFV,FDC,training_time_minutes
1,0.20121997909674502,0.418688225853311,-1.415013299429801,2.0300670364062863,2.9438720705830272,1.612446810423573,2.132067905479118,0.03717708176428252,58.511453912261786,15.906335383333499
2,0.23216287292825694,0.4108722633129359,-1.325689217970364,2.1729904361414305,1.8996988846632488,1.6466002427992237,2.0923309724014425,-2278.8025763581554,-4.854785856525674,15.906335383333499
