,MAE,RMSE,NSE,alpha,beta,HFV,HFV10,LFV,FDC,r2,training_time_minutes
1,0.38047936212113914,0.5919418353100426,0.7655550634396995,0.9642778436210873,1.5025091568347793,-2.3934798563088746,-6.701459179819172,24.997503397249965,6.841382825058703,0.7178031288326644,15.906335383333499
2,0.22180066560515935,0.31699244718316827,0.9327672899521071,1.030779246615779,0.9696304037037411,7.0179145528615825,-2.442591144738792,7.955664837507822,,0.7510852161111661,15.906335383333499
