,MAE,RMSE,NSE,alpha,beta,HFV,HFV10,LFV,FDC,training_time_minutes
1,1.6862285667163057,2.721303378447272,0.08400868861878474,0.5319710029695358,0.700755498032608,0.45390342101620235,0.5538647494534941,0.1514076280618904,0.9932889844082073,13.918257354999756
2,1.5468796959640474,2.5169071449503178,0.2164407898517775,0.7837338807727869,1.1322664732274526,0.7280003557090087,0.8847125679927224,1.9382753409452906,1.5146700248016958,13.918257354999756
