,MAE,RMSE,NSE,alpha,beta,HFV,HFV10,LFV,FDC,training_time_minutes
1,0.006741634049600081,0.014305403553282848,0.9839431073950677,1.0320217027180274,1.003326900540473,1.0524881615515849,1.0199062179922516,1.2377083725989938e-07,0.021688958386279607,10.043632741666807
2,0.009848824199602726,0.01836399930483295,0.9735396362238598,1.0410364946953465,0.9371378323996963,1.0865901575162036,1.029635625611658,-1.4063550660837925e-11,1.1323382192722762e-06,10.043632741666807
