,MAE,RMSE,NSE,alpha,beta,HFV,HFV10,LFV,FDC,r2,training_time_minutes
1,0.010750056000182692,0.02121180287308589,0.9884396821240945,1.0047587218452922,1.0100977928479755,-0.8671371338967097,1.799407671531089,0.6331078969930096,136.75143102991794,0.7619256614151633,10.043632741666807
2,0.0124397405827946,0.02149914816131371,0.988124357466205,1.00988158866998,0.9666390369401606,-1.3678972853926696,2.6850183655352446,-0.33793826616704736,,0.8328598745690053,10.043632741666807
