,MAE,RMSE,NSE,alpha,beta,HFV,HFV10,LFV,FDC,training_time_minutes
1,0.1103629114879326,0.18741397921065922,0.8110655363124439,1.2573084786591395,1.4904903200523185,1.1787251350406456,1.230839443511871,0.029582245005162135,2.6028738357885666,18.41637519499976
2,0.11550591264777815,0.1905668666227043,0.8046551311909274,1.3235589620597596,1.3873672621545394,1.2101977206920151,1.269864174939448,-10.747592141470493,-0.01110896102128911,18.41637519499976
