,MAE,RMSE,NSE,alpha,beta,HFV,HFV10,LFV,FDC,training_time_minutes
1,2.2945386615543617,2.3541217231769096,-67.88267042485113,1.0689812529918066,-8.967678804897654,-0.5118945421572549,-1.8000243860977483,-61.9829099275765,-16.126475240538923,14.358688255000015
2,0.12683297827607704,0.18851871650443167,0.5582657292116484,1.1140835965579985,0.6531966893497542,1.1394424110473296,1.0157316508805074,-2.2522853312795995e-13,9.304144668416724e-07,14.358688255000015
