,MAE,RMSE,NSE,alpha,beta,HFV,HFV10,LFV,FDC,r2,training_time_minutes
1,2.6770052027233073,2.969810278221102,-13.628855734464336,0.7645391368184309,-5.049918918404145,-106.9723199143533,-183.34542673064237,-274.3255843208684,,0.21223038657143967,14.358688255000015
2,0.16617163152796322,0.2523837971057504,0.8943484470261261,0.9702457772515571,0.7936035614718459,-6.119643650978857,-6.979547524463119,-1.3135353272452857,1188.8748006111612,0.33026368036075837,14.358688255000015
