,MAE,RMSE,NSE,alpha,beta,HFV,HFV10,LFV,FDC,training_time_minutes
1,0.17586459050664052,0.4220556513755734,-0.4427549154589283,0.11646209271926622,-0.17461478601385233,6.0864088461013526e-06,1.544800507950531e-06,-133.7376649629558,-0.788878339719745,11.93836787166656
2,16.96259892505142,18.891077695634156,-2889.457520899002,24.34333551142431,-112.29472289068556,-0.024630755026860192,-0.2091733088890223,-34966.49448979064,-33919.49737070273,11.93836787166656
