,MAE,RMSE,NSE,alpha,beta,HFV,HFV10,LFV,FDC,r2,training_time_minutes
1,0.1628070982710734,0.31504741810119646,0.559809832836289,1.0855215714075674,0.8984289203358663,23.572134163837298,6.955050736497056,-4.96221023500013,158.80049720085574,0.30574038634653045,11.93836787166656
2,12.559493313446202,16.058902479385576,-1142.72129974016,21.710075377051695,-44.84493251949329,-65.82859979646905,-76.89454277371878,-99.13517679309453,,0.3927265826426477,11.93836787166656
