,MAE,RMSE,NSE,alpha,beta,HFV,HFV10,LFV,FDC,training_time_minutes
1,0.050571332255736484,0.06799855204610955,0.7998721252894091,1.053452634064413,0.6969918444073814,1.0847715386195385,1.0183465309530735,2.2846596066133034e-05,0.020784950883612905,31.17528975499978
2,0.059844711374260486,0.09154310121156153,0.6372900284389682,0.6468128095690162,0.7020124731155202,0.840715642157613,0.6657191061132977,1.9817060486444218,1.1217389821978418,31.17528975499978
