,MAE,RMSE,NSE,alpha,beta,HFV,HFV10,LFV,FDC,r2,training_time_minutes
1,0.08332230530861635,0.10164986823509649,0.9074611095069309,1.0733192333174948,0.8087931029220333,0.3780996157341401,7.627732087121018,-4.721657938927837,209.11837067753487,0.6055933182321969,31.17528975499978
2,0.043616122177635545,0.061283513920298294,0.9663644939078884,0.9829917834016191,1.0151235682131383,-2.9960031885447767,2.554080244619794,1.5546625202983777,-23.105600808992843,0.7309434255687072,31.17528975499978
