,MAE,RMSE,NSE,alpha,beta,HFV,HFV10,LFV,FDC,training_time_minutes
1,306.1364287926565,356.37586417268324,-2427.834436845846,25.307323614932073,66.66371054867842,16.38412267254984,30.149143198002086,270.89362233052765,124.08165839865825,16.67596717500031
2,10.454309803826646,11.45569808339713,-1.5097153296458252,1.0904909867497736,3.1560043764022203,1.034220434615025,1.5157888903438308,17.364195360501867,6.019953528518272,16.67596717500031
