,MAE,RMSE,NSE,alpha,beta,HFV,HFV10,LFV,FDC,r2,training_time_minutes
1,253.94062613582363,292.7411613275806,-1952.9002689761483,22.011409548464343,59.038642655441194,1300.2697525795195,2483.8309073126775,4020.510281077966,-160.69317684362318,0.4312123330149221,16.67596717500031
2,8.912102339150785,9.726415724705857,-1.1569519288067984,1.0237318304360887,2.9436897231754116,-1.5401438714190974,41.08102505609724,97.85731692057179,-239.58225622040231,0.4950240811671929,16.67596717500031
