,MAE,RMSE,NSE,alpha,beta,HFV,HFV10,LFV,FDC
1,0.029971166453681555,0.0592945676168628,0.8258671401593602,0.7708419482419989,0.5683698670610239,0.8916778726300437,0.7266007394147673,-3.22669535001778e-10,-5.445548653784246e-15
2,0.03149559525468175,0.062326637031042555,0.8076029945889793,0.6720400360077102,0.7116031064617173,0.7153449496966104,0.6813214890624009,1.1450927848202397,8.869607666407086
