,MAE,RMSE,NSE,alpha,beta,HFV,HFV10,LFV,FDC
1,0.008159478064642052,0.014556646135849475,0.8135596334141727,0.8333861181768354,0.548964198176489,0.9844494797696636,0.7668964023639738,-7.21315569203916e-13,-5.377234454042559e-16
2,0.007526194170244296,0.012608964784561704,0.8601133845944088,0.8312289849896686,0.695868398928218,0.9590132745377951,0.8003252356391837,3.413560215853813e-10,0.024954807153699125
