,MAE,RMSE,NSE,alpha,beta,HFV,HFV10,LFV,FDC,training_time_minutes
1,59.123341810515456,60.568524432600896,-614.8924685035807,5.494414401905969,37.041920291440654,4.984924231743847,10.077722690323508,363.90279704360125,72.82609096004268,19.885293235000184
2,1.0946450565809374,1.988170819426713,0.336381786729391,0.630020353747495,0.9765267309992512,0.6548197750688917,0.7556416351420214,3.873417910447575,1.2961302736239821,19.885293235000184
