,MAE,RMSE,NSE,alpha,beta,HFV,HFV10,LFV,FDC,r2,training_time_minutes
1,58.21685720530441,60.111599884867005,-581.7381844632097,5.95583075461151,36.85913173811553,374.67195333190335,870.3192264337637,1598.9836767655047,-140.54965400306486,0.44859051017737006,19.885293235000184
2,1.0838101333569585,2.131329992787591,0.26741453844555974,0.6985152370401766,1.0291064756005281,-29.832404748608113,-23.200701468944025,-15.993343778651496,-81.64191017068306,0.5590186074474266,19.885293235000184
