,MAE,RMSE,NSE,alpha,beta,HFV,HFV10,LFV,FDC,training_time_minutes
1,5.209381105883255,5.579868624572165,-6.59454623409216,0.79903523197733,-2.421583898037636,0.20223608226894896,-0.07949254988171767,-16.525256732157718,-5.293463546566822,25.06939417666678
2,6.502553698051863,6.8383782264550685,-10.406702587539554,0.8434809734992781,-3.271554743943957,0.10968062074464077,-0.26178970701198395,-20.998223448376834,-7.03228003596033,25.06939417666678
