,MAE,RMSE,NSE,alpha,beta,HFV,HFV10,LFV,FDC,r2,training_time_minutes
1,5.620463127704998,6.038783906575053,-6.149083928990523,0.7795031958631362,-2.126173671892854,-78.50774323434324,-107.13564669509073,-149.9431663559782,,0.42100188007321393,25.06939417666678
2,6.931706408854793,7.309491435924489,-9.474317661103111,0.8161575637884987,-2.855724868025896,-88.0425150589252,-123.66042032706251,-179.2045436505285,,0.4241019554717551,25.06939417666678
