,MAE,RMSE,NSE,alpha,beta,HFV,HFV10,LFV,FDC,training_time_minutes
1,0.11693603179509243,0.16813421995061104,-5.272853823543868,0.8385845100404501,-3.735491922711312,-0.15773947516072673,-0.3667463794745288,-1466.3594748787136,-632.6671471410015,12.508107511667186
2,0.7139829423705361,0.7237630711904239,-115.23737159551004,1.2487722638033383,29.914064883448784,2.2053343224317046,4.241461762540786,6773.217280944343,6992.1261041500575,12.508107511667186
