,MAE,RMSE,NSE,alpha,beta,HFV,HFV10,LFV,FDC,r2,training_time_minutes
1,0.2030545099685281,0.39534383881739643,-2.4861173999867656,0.6457323111092047,-1.874911530976619,-103.95441331059735,-112.95348036070604,-130.84918299042897,,0.3508640133134746,12.508107511667186
2,0.6450887217737196,0.6753732141110627,-9.17371864073461,0.8979262708999036,10.036339918384247,3.2886373519059986,74.3794651789706,264.82909163097645,-66.40653507586752,0.7227539518673036,12.508107511667186
