,MAE,RMSE,NSE,alpha,beta,HFV,HFV10,LFV,FDC,training_time_minutes
1,0.24200741077566498,0.44232292130485473,0.13947634093527117,0.5724525981262787,1.8430709254821704,0.4368067965569621,0.7989073341963335,6.2201317258497815,11.437211178031875,16.28451262833333
2,2.232318959116603,2.6570447972927638,-30.051435191529116,3.121791017009428,15.700370763742889,1.817644916712347,4.4125134914052975,186.34831123012736,124.3601806000494,16.28451262833333
