,MAE,RMSE,NSE,alpha,beta,HFV,HFV10,LFV,FDC,r2,training_time_minutes
1,0.2052801619429191,0.31679976839095497,-0.5486345531531418,0.9700818605183347,3.148959695572828,-19.085661617398046,69.11964297923183,153.86941920789042,15.207795817685213,0.18698917125133108,16.28451262833333
2,2.0274783118178448,2.3647991276704268,-85.29144612513568,4.773503653458361,25.614690835349244,233.46037293177508,771.6340885594584,1517.6210829601287,-22.49779687001773,0.26105256714841096,16.28451262833333
