,MAE,RMSE,NSE,alpha,beta,HFV,HFV10,LFV,FDC,training_time_minutes
1,1.0180984646067248,2.555563525417322,0.07853201989919034,0.8981854369730181,0.8319054557787922,0.8566639067943342,0.8097513752062812,0.620372964302623,0.9836185836085779,16.075229043333334
2,46.09941420010164,47.366817660940946,-315.55946400507827,4.063337371634189,32.91945475313436,3.881452556925978,7.602553543878911,168.57108886698575,97.90186566732669,16.075229043333334
