,MAE,RMSE,NSE,alpha,beta,HFV,HFV10,LFV,FDC,r2,training_time_minutes
1,0.957080060003299,2.3901463676786436,0.2530540876035269,0.9504557474503575,1.1449080329102956,4.159788944473398,14.2916768044204,14.409025505969094,3.9074932706680996,0.35239162915401834,16.075229043333334
2,45.72486361822869,46.87041515781694,-286.23526672240877,3.7632313758445584,42.99539266690466,304.04031076612813,810.4649750815037,1752.0232541683645,-97.80908494808992,0.4771666262919414,16.075229043333334
