,MAE,RMSE,NSE,alpha,beta,HFV,HFV10,LFV,FDC
1,0.006362286510976562,0.010735981753545447,0.8985853191496506,0.981925734594705,0.7073825281796915,1.109570016233528,0.9309896190718663,-1.1090064406832195e-12,-6.748180704369288e-16
2,,,,,,,,,
