,MAE,RMSE,NSE,alpha,beta,HFV,HFV10,LFV,FDC,training_time_minutes
1,2.4909663515375997,3.361055559337029,-0.35216725669589244,0.7824878696643721,3.084963014663622,0.689516651201333,1.220255465852387,41.90848860462859,12.76178602224298,20.73118676999972
2,93.66604939969758,108.23957968408861,-1401.3332331427007,18.76113150587542,98.36994654232157,11.086505940681855,27.24433857999878,1249.377705773246,517.7332635619539,20.73118676999972
