,MAE,RMSE,NSE,alpha,beta,HFV,HFV10,LFV,FDC,r2,training_time_minutes
1,2.773903573043583,3.8646501315581236,-0.4030259381645569,0.7608292116979655,3.2519357998687806,-27.514214759081653,21.24472394424075,110.0476885384148,-52.66180443388992,0.20497115300766067,20.73118676999972
2,84.66133335571486,98.73586555311631,-914.7885495979141,15.63595975871431,86.9819574890519,899.8272027063946,2270.854755963571,5049.925066938162,-49.12371058046609,0.3917595752937366,20.73118676999972
