,MAE,RMSE,NSE,alpha,beta,HFV,HFV10,LFV,FDC,training_time_minutes
1,12.264052354542123,13.692252265585672,-4704.526092323653,31.20555998023667,-53.09327003223515,-0.01861206872157188,-0.10294166038010961,-260.5404852522742,-93.5328825758526,15.802349344999978
2,1.0023467734416502,1.0301396882592293,-25.634873665368,1.0600408822049452,-3.4210684294443485,-0.049995912086116104,-0.28820765130342485,-14.66177466705396,-5.230988301164996,15.802349344999978
