,MAE,RMSE,NSE,alpha,beta,HFV,HFV10,LFV,FDC,r2,training_time_minutes
1,0.18009436564390865,0.20218539060039312,0.6538121489754041,0.7430192059299278,1.2266380739338225,-14.99813536645814,-5.046434210652544,-7.4532298842924805,-54.45167551278649,0.09804355420648381,15.802349344999978
2,0.21935774502588443,0.24015385410370685,0.5115822915365533,0.789018820570705,1.249412117670639,-1.907521849501115,-0.1205136912117942,-7.946551075846355,-64.01405693437863,0.11762684473276652,15.802349344999978
