,MAE,RMSE,NSE,alpha,beta,HFV,HFV10,LFV,FDC,training_time_minutes
1,0.023253192637131628,0.06389539315937422,0.5943112126227712,1.4483148595742612,1.068592856457147,1.6527005262462469,1.3784259668837386,-1.4576886465151607e-11,-9.727772357089534e-15,57.61808589333329
2,0.08592835986964467,0.13086062981311847,-0.7016566035345972,1.8073831653429602,2.6902508200100494,2.058446711441814,1.9183548453021448,143.75517460056514,583.4691271753978,57.61808589333329
