,MAE,RMSE,NSE,alpha,beta,HFV,HFV10,LFV,FDC,r2,training_time_minutes
1,0.04607561723297771,0.11921877741361568,0.8848684800406251,1.0203779449417865,1.08644212793668,0.9168716100925183,1.261283591799181,-4.254431495838289e-06,0.0895611480984205,0.5445325733078712,57.61808589333329
2,0.23980524364723094,0.29841465001632994,0.27865140424907753,1.2228072589042673,2.725586218961021,1.0940091037411535,1.6287637912803168,533.5600908185323,18.906128817823213,0.7267225427945608,57.61808589333329
