,MAE,RMSE,NSE,alpha,beta,HFV,HFV10,LFV,FDC,training_time_minutes
1,1.22506180468694,1.936950990516938,-0.01656131406427952,0.5243274896440498,1.7637791940022318,0.5195552340903737,0.825733338636317,8.174198078342851,3.993269842493815,24.191266876666727
2,2.247075934129107,2.6630935083690916,-0.9216272374931087,0.5164590668098736,2.8935871041599417,0.6966685812292824,1.0874921549119925,20.235039247715072,6.942913673580761,24.191266876666727
