,MAE,RMSE,NSE,alpha,beta,HFV,HFV10,LFV,FDC,r2,training_time_minutes
1,1.2226079070902065,1.6477741393313803,-0.3588877716346701,0.7483630790650456,2.08942532311467,-30.21665502065989,5.0023833984865265,44.91885535357457,-60.26119121492698,0.2473766977961308,24.191266876666727
2,2.0615286324907625,2.3161488953917684,-1.6848570969791865,0.7822111585228043,3.175751322582376,-21.8805756781583,25.5687942539214,88.18849596947756,-78.84330433790814,0.3900491747895153,24.191266876666727
