,MAE,RMSE,NSE,alpha,beta,HFV,HFV10,LFV,FDC,training_time_minutes
1,0.08846695174640488,0.33596255125152696,0.13686446358918714,0.34590965723429984,0.3520872339060973,0.3157029984021517,0.3918497674378052,-1.7047293256619242e-12,-6.975279201788156e-16,32.75923615666689
2,0.07542059917725924,0.3186844417252452,0.22336138618654489,0.4662418899961133,0.5413877384328108,0.373627432724429,0.5540863627126222,-1.1932639264970456e-12,-2.5641110014588016e-17,32.75923615666689
