,MAE,RMSE,NSE,alpha,beta,HFV,HFV10,LFV,FDC
1,0.03005859152777692,0.03800264649585467,-1.1908674409692592,0.07378807936551607,0.9972674941467942,0.9925178116627977,0.9960599634588683,0.9985300146550404,0.9966231594573584
2,0.02686155119413529,0.03512636378794205,-0.871780020099219,0.0,0.9975965168030304,0.9925251911191295,0.9960970122141066,0.9990775334657304,0.9969939879759516
