,MAE,RMSE,NSE,alpha,beta,HFV,HFV10,LFV,FDC,training_time_minutes
1,7.1569951147177235,7.66049396691312,-15.089675830458884,1.3877300695111205,5.214747861778697,1.4403616271104231,2.150014879422437,14.47389041683175,8.62483686862909,32.63585872833307
2,,,,,,,,,,32.63585872833307
