,MAE,RMSE,NSE,alpha,beta,HFV,HFV10,LFV,FDC,r2,training_time_minutes
1,6.3402268372278545,6.917078193494939,-12.334673558475286,1.5616649578402921,4.647226696530582,55.066961602550265,118.22671884452582,190.40039286986317,-148.04977107913186,0.3556552322385037,32.63585872833307
2,,,,,,,,,,0.3751076783865712,32.63585872833307
