,MAE,RMSE,NSE,alpha,beta,HFV,HFV10,LFV,FDC
1,1.735381948461636,2.7991195082950977,0.12935931549369062,0.7295378067100464,1.2406053175800449,0.6722202314312339,0.8644989576216198,2.80918985766479,1.817643481124664
2,2.7113544494757678,3.458632429571785,-0.3292445675535618,0.6707758551741786,1.9892046074189105,0.7167287304245542,0.9806513873608969,8.482093633710706,3.5250662277085802
