,MAE,RMSE,NSE,alpha,beta,HFV,HFV10,LFV,FDC,training_time_minutes
1,13.5689996538213,20.038801829628973,-4.857508468202216,1.739941915881558,7.838970507629339,0.7132777470164543,2.300705107645727,-inf,inf,201.11067933500016
2,18.942659497167767,23.871950171606954,-7.312759632936462,1.749795499188505,11.42473585627897,0.849443913009556,2.49100463928404,inf,inf,201.11067933500016
