,MAE,RMSE,NSE,alpha,beta,HFV,HFV10,LFV,FDC,training_time_minutes
1,68983510.57653576,74338818.51350589,-712148749975279.1,9945322.1157702,62809634.27745028,5460576.399038689,13215775.36757783,3107795223.6831727,411785046.35346293,9.719666853333184
2,31.148939174094842,33.536010077906255,-143.9313008709753,4.424193693307209,29.295677656597196,3.475024391217955,7.917527864650677,1261.3199492914168,162.84160091989898,9.719666853333184
