,MAE,RMSE,NSE,alpha,beta,HFV,HFV10,LFV,FDC,training_time_minutes
1,0.11044489210145995,0.23131534266899137,0.22664071137855324,0.5334573977385025,0.32933338775310306,0.7230456231783183,0.5477204986661635,1.136933398767169e-11,0.00034714235983356663,13.282798406667037
2,45696.72973674751,114065.76776413036,-188054219729.61816,397332.10743716866,-279822.41893125966,-0.04326678157502599,-0.37925373237997345,-51449087.26028305,-75553.61392704785,13.282798406667037
