,MAE,RMSE,NSE,alpha,beta,HFV,HFV10,LFV,FDC,r2,training_time_minutes
1,0.16544738488858704,0.28890997507479377,0.8806192756395889,1.006615508210681,0.8286787019750385,-9.424116609328786,14.675399484782764,-2.8898302766114186,306.6672485563419,0.6822674299334955,13.282798406667037
2,64307.85798378826,155098.27637481896,-34405120165.67976,168791.08106393376,-166538.734529989,-25.398453765574438,-58.2650957501734,-907.3424509598975,,0.747235409307271,13.282798406667037
