,MAE,RMSE,NSE,alpha,beta,HFV,HFV10,LFV,FDC,training_time_minutes
1,0.06665308341780914,0.13930036691833886,-0.028115581786680055,0.48231906523222084,1.0622370956749638,0.4157345943839138,0.7288719173845601,1.0038610617870483,1.34389761454499,21.058966829999797
2,0.06841182634991541,0.13574522235223854,0.023692721671258576,0.36942599338036775,1.326062384230394,0.36760741261988666,0.6380209889047168,2.148220927985936,2.226701097234261,21.058966829999797
