,MAE,RMSE,NSE,alpha,beta,HFV,HFV10,LFV,FDC,r2,training_time_minutes
1,0.044206076175483965,0.06366768234697312,-0.25754122052229955,0.8726433452636848,1.2517382605713103,-28.717589782287053,-1.59680651211377,18.692359603307672,5.909712014458027,0.11113135758760995,21.058966829999797
2,0.051221721135627916,0.06527983141068226,-0.3220326964591531,0.5155151281157513,1.6117052611726763,-40.08079066328817,-19.47250401520402,10.979245488608154,-15.400845403516936,0.16812613751421657,21.058966829999797
