,MAE,RMSE,NSE,alpha,beta,HFV,HFV10,LFV,FDC,training_time_minutes
1,0.818065750293763,1.7004518819903238,0.2447758849671957,0.7026134197995796,1.1475235486603035,0.6715188260083342,0.8400121987159385,3.8884679804247537,1.669812562463842,27.025426838333562
2,1.2619601878578974,1.889330096866667,0.067684637502743,0.6860492889062704,1.8309309073718338,0.6771082069909032,0.912971017864695,12.675330202545128,4.088132946343448,27.025426838333562
