,MAE,RMSE,NSE,alpha,beta,HFV,HFV10,LFV,FDC,r2,training_time_minutes
1,0.9984838593751322,1.8900514671133466,0.11535858812061117,0.9403060305539176,1.439226997900198,-3.622905844131558,3.5766185000771533,23.360187827528524,-29.051420457634556,0.41266858843520726,27.025426838333562
2,2.1020962287082834,2.6792220531563773,-0.7776138425135839,1.094619428534533,2.7828807249214425,-2.628259416679613,32.10951760189046,98.38233764730404,-53.148080882050536,0.5453202388848137,27.025426838333562
