,MAE,RMSE,NSE,alpha,beta,HFV,HFV10,LFV,FDC,training_time_minutes
1,1.5094838730175881,1.7747265186261771,-4.7536934919691705,1.063377663943201,-2.3429539239021135,0.11983132919181479,0.06926124668719555,-23.20126704319488,-7.39310650107453,10.25543526833256
2,2.4734513919432355,2.858478932334926,-13.926357411113823,1.853560316102563,-4.480059279884223,0.10821801809002737,0.028486512180575598,-42.610329948138734,-14.108594497582617,10.25543526833256
