,MAE,RMSE,NSE,alpha,beta,HFV,HFV10,LFV,FDC,r2,training_time_minutes
1,1.0400228636075475,1.2868523226161832,-6.196165233660485,1.2805440548124276,-2.9477857214214835,-80.96111408064439,-86.84005995625778,-110.88294274281468,,0.34008810085339236,10.25543526833256
2,1.776726930790471,2.1320025163304694,-18.75236631652919,2.221822086125834,-5.764893436811233,-82.1018459864515,-91.01797263318095,-144.1521062796631,,0.3485094271510012,10.25543526833256
