,MAE,RMSE,NSE,alpha,beta,HFV,HFV10,LFV,FDC,training_time_minutes
1,0.1277223676628519,0.19015180635401768,0.4529247393290392,0.9870292473214937,0.7461577337963615,0.8951712364985528,1.099395631635244,36.115940235479165,0.3928764594818785,18.249067054999855
2,,,,,,,,,,18.249067054999855
