,MAE,RMSE,NSE,alpha,beta,HFV,HFV10,LFV,FDC,training_time_minutes
1,2.1044300189262244,2.327003189708599,-0.1565071177803916,0.7321809955680628,2.2244288595205606,0.8271561847175812,1.0031615143390444,25.65459820553109,10.68515024276789,17.164844471666676
2,1.539200373774968,1.8821752470593855,0.2433858344229447,0.759323052211093,1.6259461547595013,0.7235338299898684,0.8834303874855586,11.818970600024757,7.281023414301915,17.164844471666676
