,MAE,RMSE,NSE,alpha,beta,HFV,HFV10,LFV,FDC,r2,training_time_minutes
1,1.4105739730250955,1.625258465194258,0.19771221308354592,0.6725458947498949,1.7899285745370472,-19.932076122815264,-13.764574769202394,5.4761042146984344,-99.50575924969637,0.25108039361588563,17.164844471666676
2,1.1753258924460177,1.4528339116798958,0.3589125952143547,0.7669071835219224,1.5641599998481572,-22.386792155416554,-12.35108338871944,5.0184618761680415,-79.23220107735162,0.2647543239933988,17.164844471666676
