,MAE,RMSE,NSE,alpha,beta,HFV,HFV10,LFV,FDC,training_time_minutes
1,135.99610959848326,488.1207267024747,-12.498230017105874,3.6452362463657817,1.253540962854735,3.1547328696850894,1.8230977205243604,1.0598758096852217,0.8661127095360692,226.79072830666667
2,515.2884119777245,868.1699884766766,-41.70039216623658,6.18342607486922,-0.5522629026048952,5.126943669404177,2.324662128782567,-6.431371479580933,-2.9962670079934712,226.79072830666667
