,MAE,RMSE,NSE,alpha,beta,HFV,HFV10,LFV,FDC,training_time_minutes
1,0.17361041692115714,0.2639837373763991,-0.05438813824116795,1.4294027710135269,0.6885202300656301,1.397582262422814,1.4854359791637113,-0.002835592494475502,3.186752088188404e-08,20.214811363333624
2,0.18068709333079436,0.30475112224186784,-0.4051956360560256,1.8624507784300222,1.2929532266269719,1.6448475337189399,1.989712427177344,6.2294343267399475,0.2925986650416709,20.214811363333624
