,MAE,RMSE,NSE,alpha,beta,HFV,HFV10,LFV,FDC,r2,training_time_minutes
1,0.23737476954754833,0.36356068423829707,0.7508382682720236,1.1936959519485058,0.8623002577989088,6.602356760396807,20.99397932758296,9.262270669274987,,0.531708078552296,20.214811363333624
2,0.4166523417263758,0.5952964351822366,0.3319729012074105,1.421173731621094,1.6191836793930487,13.870171121102647,40.253187511946926,72.2098874776242,57.99082311463848,0.698264525196099,20.214811363333624
