,MAE,RMSE,NSE,alpha,beta,HFV,HFV10,LFV,FDC,training_time_minutes
1,0.07257781258073973,0.13596172247100347,0.9005647116579928,1.0544860776905598,1.2825468213075393,0.9764863550089239,1.0291665834398653,0.07221058518332991,3.3040476788735598,18.98976377500027
2,0.09175873583870651,0.15588093647467244,0.8692946892425906,1.015765984302137,1.3719588316270985,0.9839535554553183,1.0104465813846135,1.5054344108099087,8.74018770809353,18.98976377500027
