,MAE,RMSE,NSE,alpha,beta,HFV,HFV10,LFV,FDC,training_time_minutes
1,0.14844200497905488,0.2887124678755727,0.5475841806763266,0.633584899947567,0.548140209970299,0.5945484716724533,0.6363930787276937,-0.0006443313504680746,0.1274894790898074,12.111714556665781
2,0.14959785989912922,0.28444724604427657,0.5608527465478241,0.6487597383365569,0.5451428091783188,0.6244831902691955,0.6537717890166641,-0.0005760428973819407,0.07668055389494685,12.111714556665781
