,MAE,RMSE,NSE,alpha,beta,HFV,HFV10,LFV,FDC,r2,training_time_minutes
1,0.17138450024985272,0.2504311049058207,0.8211894122987552,0.9761859823695241,0.8194814000335731,-0.8422430463393805,-4.060804592924832,-10.768239979962638,167.19904309225245,0.0018992911210817809,12.111714556665781
2,0.17986272249517593,0.25729177745428805,0.8112580204011318,1.0103348522643794,0.8150085751891555,5.982056938929473,-0.4311040128683757,-9.670513298790572,200.22911726305375,0.00254792778709656,12.111714556665781
