,MAE,RMSE,NSE,alpha,beta,HFV,HFV10,LFV,FDC,training_time_minutes
1,1.1892567361157511,2.0035539189554514,0.22141271766145731,0.8403180079690912,1.2365656809241838,0.8207079213808547,0.9590040428726795,3.2430570823617937,1.7489863538848291,19.39460590166667
2,1.4417981150187351,2.1237113537913093,0.1252252994022618,0.8164936453601347,1.2847084164728866,0.6572922660474954,0.9223896928918196,1.3006365131715256,1.9087218192661233,19.39460590166667
