,MAE,RMSE,NSE,alpha,beta,HFV,HFV10,LFV,FDC,r2,training_time_minutes
1,1.2515873013614345,2.056960987317295,0.08755654053542516,0.8902478914207984,1.26792719046762,-13.246352662856193,0.18973631741251723,10.139487553943264,-54.3717365339621,0.3101626143400871,19.39460590166667
2,1.4699057989111848,2.2239145938057807,-0.06657171516645688,0.9347238954430882,1.2848453419842518,-24.3705344264841,0.2938509957411638,21.00271195362504,-13.053052742572268,0.4151877207419321,19.39460590166667
