,MAE,RMSE,NSE,alpha,beta,HFV,HFV10,LFV,FDC,training_time_minutes
1,0.20253746143968374,0.48217238960474573,0.40296037157443765,1.1785130898669154,1.6009030785158254,1.0266032961763125,1.151244228006687,2.2714172627663002e-06,0.6054684665217325,16.16322549666667
2,0.16508321703112577,0.39977626848659065,0.5895762328381704,1.2252876502942258,1.5304972634597882,1.1949768900950568,1.2165013628675385,-1.807500825484997e-11,0.0049680957166502475,16.16322549666667
