,MAE,RMSE,NSE,alpha,beta,HFV,HFV10,LFV,FDC,r2,training_time_minutes
1,0.20813245880593761,0.3996290990356805,0.8926213829470716,0.9287070504324594,1.068600561824247,-7.629669295790404,-3.5303608296934086,-4.632112953309862,92.2768123065548,0.11296224465616911,16.16322549666667
2,0.19154259385904576,0.34001747851752806,0.9222668828875334,0.9411144322049483,0.9720185199566101,-0.017008187018045563,2.5838270155201597,-7.382516777094265,222.89021138972865,0.18606010658889405,16.16322549666667
