,MAE,RMSE,NSE,alpha,beta,HFV,HFV10,LFV,FDC,training_length_days,training_time_minutes
1,0.2669042813773886,0.2941134871375389,-5.027561328459387,0.5805801324813611,0.031224529822129744,0.5435457873816031,0.18428387274308192,-1.1464399708095378e-14,-1.2280786123566707e-16,2062,388.2060529816666
2,0.20924956982902418,0.2801090490936575,-4.467213521267785,2.4274554019234427,0.9190557660223699,2.092252353419854,2.5537865719532515,0.13882955964876184,0.23048612904815483,2062,388.2060529816666
