,MAE,RMSE,NSE,alpha,beta,HFV,HFV10,LFV,FDC,training_time_minutes
1,0.6275243269244313,0.717200325182173,-0.3209288877729253,1.0241318983482577,3.566713474836637,1.1152406383456033,1.2229351914452264,1113.1564678557816,270.6139760161945,14.443654651666671
2,0.35909444643140326,0.5306814263357585,0.27678694380910507,1.2101814019286632,2.456226870286739,1.172000392568527,1.218727436178156,166.21099144211146,106.50915478725565,14.443654651666671
