,MAE,RMSE,NSE,alpha,beta,HFV,HFV10,LFV,FDC,training_time_minutes
1,0.01675211974384489,0.036292794615560155,0.8039838068075951,0.7237976403561925,0.5493921786771381,0.8105909238966644,0.6751285814813435,-0.00016214499660519466,-6.890884132225626e-16,12.038997261666616
2,0.014813936227471871,0.03411425172452454,0.8268099937004844,0.8054181117534112,0.6254594496307256,0.900155355357464,0.7559757794537364,-0.0020921651974933515,-3.002227366191145e-16,12.038997261666616
