,MAE,RMSE,NSE,alpha,beta,HFV,HFV10,LFV,FDC,r2,training_time_minutes
1,0.048964075557430355,0.15456673633958842,0.7956053819548643,0.7769609215846128,0.7351924344071372,-22.42327693482068,-11.21086528922565,-22.566324483246188,,0.6013253663639893,12.038997261666616
2,0.04763135435149811,0.1522700601282383,0.8016343723799727,0.7860850115979328,0.7858638942110124,-22.212047233168402,-6.900017032797675,-17.633540966368383,,0.6351762927074673,12.038997261666616
