,MAE,RMSE,NSE,alpha,beta,HFV,HFV10,LFV,FDC,training_time_minutes
1,0.041403578087448704,0.0865881320793516,0.8347890130236739,0.8304143926334282,0.6470233521124096,0.9654608055944998,0.7968884486278502,-0.00019095158235387795,6.762491002863265e-11,12.723752413333083
2,0.2962398624245608,0.3095335652866486,-1.1112403811899783,0.4627680425958615,2.877067466925287,0.6140290075066331,0.629682816649845,786.1686712070637,327.64560512258254,12.723752413333083
