,MAE,RMSE,NSE,alpha,beta,HFV,HFV10,LFV,FDC,r2,training_time_minutes
1,0.10202440649860857,0.20945279342073533,0.7873742704809648,0.9304488830469247,0.8004390131896393,-9.138059877724812,3.204853303480308,-15.202427912021363,,0.37924804478697394,12.723752413333083
2,0.6992724099691786,0.7890884721873589,-2.0178308975612955,0.546670280204362,3.452764643491937,-42.14165729974276,-9.588925438982894,42.49316529932327,-80.8390908289044,0.4926566747761213,12.723752413333083
