,MAE,RMSE,NSE,alpha,beta,HFV,HFV10,LFV,FDC,training_time_minutes
1,0.12661046522545505,0.1399213138252615,0.5229052857158516,1.320820927972304,0.7176618596086145,1.1188591749058356,1.0966315686781325,0.12711805324522452,0.4712842058966644,16.967099244999797
2,0.13101112731439926,0.1440592515255863,0.49426947892943596,1.3353536556397438,0.7129589549255502,1.1302701995307425,1.107973717266067,0.1137966060871687,0.4539010728476391,16.967099244999797
