,MAE,RMSE,NSE,alpha,beta,HFV,HFV10,LFV,FDC,training_time_minutes
1,1.7606431007274528,2.8849933869917903,0.2755315283436638,0.5483579585593972,1.0722363420367764,0.5186088712588461,0.6833399014630592,2.329376160984734,1.5328242871557793,22.679446026666845
2,1.6321605766469902,3.039677408905457,0.19576154058561412,0.9154868627852201,0.9408998732988408,0.8258161017495734,1.0020550395918115,0.659056113953724,0.8104962927844502,22.679446026666845
