,MAE,RMSE,NSE,alpha,beta,HFV,HFV10,LFV,FDC,r2,training_time_minutes
1,1.7911992966994705,3.114666747831526,0.3612291040205785,0.5436845140427149,1.0168684711555285,-47.65502043228395,-34.15466051911013,-18.24413734775845,-235.92893177102545,0.3986478386876009,22.679446026666845
2,1.8545489033681601,3.659065723532572,0.1184187024532618,1.0192397172422774,0.9337051852132359,-1.722333757338942,4.398182244565076,1.8171069960031874,188.27097526971284,0.44690002175083277,22.679446026666845
