,MAE,RMSE,NSE,alpha,beta,HFV,HFV10,LFV,FDC,training_time_minutes
1,16.868475834894994,16.971579280285884,-2687.7602345670193,5.640859673643918,296.3530213903539,10.475242289606353,37.21082134271538,13661.020236647668,3662.999523283986,8.859121741666725
2,,,,,,,,,,8.859121741666725
