,MAE,RMSE,NSE,alpha,beta,HFV,HFV10,LFV,FDC,r2,training_time_minutes
1,16.931859423594126,17.02037448222691,-1692.8270984985986,4.09857019106333,375.50387126520246,1027.553871821445,4507.047246013704,12804.675341151478,-34.37330373411382,0.10951169503895708,8.859121741666725
2,13.012261026959004,13.144369978510419,-1009.207070473586,4.4597388733321806,288.7576425919199,793.3002202695146,3488.5178810385073,9926.69208924545,-34.38781225188074,0.16311215922841404,8.859121741666725
