,MAE,RMSE,NSE,alpha,beta,HFV,HFV10,LFV,FDC,training_time_minutes
1,0.04043929264263154,0.08081617855360201,0.5796209599167021,0.5638373488184323,0.3746153340423978,0.6879637143720634,0.5167190045845946,-2.1837048168264923e-12,6.957151157656063e-14,22.484730813333318
2,0.8257172462245116,1.0484905073394946,-69.75765616101322,4.848654895485901,-11.857642112712034,-0.08198158315736488,-0.31874645914406896,-931.6090410268635,-291.27795834936194,22.484730813333318
