,MAE,RMSE,NSE,alpha,beta,HFV,HFV10,LFV,FDC,r2,training_time_minutes
1,0.10010826319717868,0.17944930577525095,0.8448741260283522,1.0277872991677743,0.762257455780227,-6.183657291131771,11.85725521350332,-12.419037730280278,,0.5810474956962367,22.484730813333318
2,0.40025569464435196,0.4812102565449685,-0.11550218914345023,1.0675070871446608,-0.7436055537528687,-31.387769809574863,-9.599727410932664,-34.49402276326193,,0.6441047984861703,22.484730813333318
