,MAE,RMSE,NSE,alpha,beta,HFV,HFV10,LFV,FDC,training_time_minutes
1,0.3810562772535168,0.4082562873303011,-0.7032350029815848,0.6797878057872229,2.5770776675033304,1.022735935452966,1.0656488715553338,10.918404371198324,5.982364519512208,206.68939432333337
2,0.31349304285522933,0.32962083824966226,-0.11029434807492855,0.7639357571660597,2.298118138274322,1.0507478437526658,1.092243754173003,9.170518014576404,4.8560638428041925,206.68939432333337
