,MAE,RMSE,NSE,alpha,beta,HFV,HFV10,LFV,FDC,training_time_minutes
1,0.3064095658872264,0.32864760952038524,-0.28138796654017284,0.8883803576739082,0.2938015500405847,0.784463737224689,0.7046339405676961,-7.712894585222021e-07,0.00016665853518933488,7.832173636666266
2,1.9085347089847284,1.9593194831020362,-44.543898183537905,1.998537867339037,-3.5061672218694713,0.004080025454706725,-0.10074967821803472,-6.7977121285333135,-6.46315889633146,7.832173636666266
