,MAE,RMSE,NSE,alpha,beta,HFV,HFV10,LFV,FDC,training_time_minutes
1,0.10971433911311548,0.13837884276647125,0.8043192073920564,1.071923700420301,1.4490479696250262,1.0262525441452988,1.0832132061214526,2.280785212560177,1.9973293953313485,147.17627782999995
2,0.14866566729081324,0.18025214579142024,0.6679758321212939,1.0086109643828447,1.4530604177227775,0.9724090220171754,1.029656105131989,2.0115248842168016,2.4357497928987315,147.17627782999995
