,MAE,RMSE,NSE,alpha,beta,HFV,HFV10,LFV,FDC,training_time_minutes
1,0.3477817072833857,0.3928393025385038,0.4374492602762532,0.626085231558051,1.3336172830334518,0.9102174727252639,0.8959176589653027,2.5506785596501915,1.7637764810710985,15.495486920000015
2,0.41080389329102296,0.47654965173714364,0.17215667669225276,0.5659091135804759,1.3326754836927301,0.807986431352807,0.8074298783803656,2.503756877064617,1.9177134771516247,15.495486920000015
