,MAE,RMSE,NSE,alpha,beta,HFV,HFV10,LFV,FDC,r2,training_time_minutes
1,0.23014234198034614,0.2732468944991511,0.8698036503338115,0.8626442811226774,1.124818860951003,1.5084723303479444,0.47931101129457376,-3.718074625834813,-73.55460019661291,0.009864459007993043,15.495486920000015
2,0.2761066429877169,0.32158208119322973,0.8196683230013669,0.8547097552181878,1.1445596396983104,2.532676238422587,2.202024523919509,-4.5176916716499065,-89.53117904885227,0.01230462154970735,15.495486920000015
