,MAE,RMSE,NSE,alpha,beta,HFV,HFV10,LFV,FDC,training_time_minutes
1,4.524933106843657,8.75320767092251,0.4808448669017278,0.8316563583780135,1.24009546986793,0.6735259576071776,0.9398698945864884,1.8179456623140755,1.6987696806087547,19.195283411667333
2,251.17327372808472,291.14570271459337,-573.3590341836051,12.179248503399805,34.29285624114934,7.886073555971607,14.701997516151357,169.67161295860402,75.33495952097232,19.195283411667333
