,MAE,RMSE,NSE,alpha,beta,HFV,HFV10,LFV,FDC,r2,training_time_minutes
1,3.6567202043052704,6.565885636901255,0.5808527736563347,0.8954432253045309,1.3070096037074546,-24.62404785449731,-0.8109382075307687,20.18828211954623,-27.529810245367518,0.41257876830463036,19.195283411667333
2,212.4319877879065,243.74191715016826,-576.61759516784,11.781856702133817,34.59163345821735,654.6490566563028,1279.159840594921,2230.06100465077,-338.64720826837436,0.5622517925408675,19.195283411667333
