,MAE,RMSE,NSE,alpha,beta,HFV,HFV10,LFV,FDC,training_time_minutes
1,2.4082791220989366,3.1941068225233225,0.1675073577783709,0.5217553399137188,1.992142011271401,0.5159664979720866,0.777486246344723,27.561234638730554,10.595824929206218,15.387533296666637
2,23.843147452499302,27.58211053730893,-61.07782898176945,3.936493732036791,14.950830472215644,2.623829746166462,5.07541436843839,155.51707398219085,84.99322242114022,15.387533296666637
