,MAE,RMSE,NSE,alpha,beta,HFV,HFV10,LFV,FDC,r2,training_time_minutes
1,2.5020451169238944,3.1310755465054325,-0.11833428127150292,0.6906851574824587,2.719974774857731,-32.523330264948186,5.261537478638457,61.838351327482,-74.2889154167692,0.16546665532660076,15.387533296666637
2,20.49923488507841,24.15763669147525,-65.57228079398945,4.334588491606898,17.61904759543644,166.98196903963265,452.0638419435937,944.1043850250509,-58.7638715048991,0.24069619049534707,15.387533296666637
