,MAE,RMSE,NSE,alpha,beta,HFV,HFV10,LFV,FDC
1,13279973119.62817,47183852476.61324,-3.341902593774137e+20,17541874688.143658,-11933229849.806925,-0.04515826805957527,-1.843139966143393,-423748834248.7668,-28779319.73743545
2,1521569393350.8328,6008164647321.696,-5.418644306201836e+24,2251913792912.2305,-1367264612754.2566,-0.07543773298909398,-1.282931091047211,-48563710803373.64,-400223159.1370801
