,MAE,RMSE,NSE,alpha,beta,HFV,HFV10,LFV,FDC,training_time_minutes
1,1.080557138590206,2.1584494946810633,0.22887493452700358,0.4443809885141415,1.0901243946218178,0.40258051225287905,0.6161389683306322,4.3388512153842695,2.2250119290380925,18.001226941666875
2,0.911512816611806,2.0998858440257675,0.2701520212512333,0.4744646964194926,0.7681049312884364,0.45770649509389166,0.595951643578663,1.584627292554909,1.1646775285998898,18.001226941666875
