,MAE,RMSE,NSE,alpha,beta,HFV,HFV10,LFV,FDC,r2,training_time_minutes
1,1.200416116779336,2.20980667135505,0.1282130402791778,0.5631126272772068,1.0747696058725857,-57.21147851635203,-34.90287765801819,-11.651572110279712,-48.21664526325291,0.3402454304047433,18.001226941666875
2,0.9850811108372102,2.0759284077268827,0.23064540542056267,0.668727899002449,0.9197272286672322,-35.72282669283154,-24.87498276023427,-15.702973587320688,-24.449887434727074,0.5328988006761227,18.001226941666875
