,MAE,RMSE,NSE,alpha,beta,HFV,HFV10,LFV,FDC,training_time_minutes
1,0.779449480884047,1.700502442680466,0.24473097311693104,0.7287325827280422,0.8322446812033971,0.7016712427193674,0.814924933621413,0.11591566456669494,0.6286522996149531,48.31305444166743
2,1.0399549014039997,1.8833766835325807,0.07355096417062656,0.786023036436305,0.6635174675024226,0.6272802452905714,0.7627305156264909,-12.799522046428384,0.980282139469875,48.31305444166743
