,MAE,RMSE,NSE,alpha,beta,HFV,HFV10,LFV,FDC,r2,training_time_minutes
1,0.87726401730883,1.8324895921174933,0.16842190991779116,0.953596278629787,1.1077764054707817,-4.543580382503742,1.3203966210185103,10.285063638586525,23.284788058042043,0.43250342221115134,48.31305444166743
2,3.9864179987051287,7.471937131268744,-12.825677527302897,3.347658361891797,4.695051985478553,104.73796083627124,285.58169758723017,376.9485073747884,-14.143148745541628,0.5401815759792152,48.31305444166743
