,MAE,RMSE,NSE,alpha,beta,HFV,HFV10,LFV,FDC,training_time_minutes
1,2.274036842401052,3.1510278351218712,-0.5316154177517856,0.8570221177045366,3.3968113122107964,0.742052337414943,1.365797903022369,31.190840384073574,14.455311827259115,47.083256071666256
2,1.9951470329515661,2.9615548263359726,-0.3529595243187471,1.12685355282656,0.583291983905101,0.7399299149989632,1.2045502235388073,-96.01451271485827,-1.5803213023604858,47.083256071666256
