,MAE,RMSE,NSE,alpha,beta,HFV,HFV10,LFV,FDC,r2,training_time_minutes
1,2.2927385571679944,3.1934555891065286,-1.0570155110362944,0.9883446969831073,4.672336374175254,-18.76686659009202,83.07831931328833,222.9184635438164,-31.445688803694587,0.20148503028172504,47.083256071666256
2,1.806528543945781,2.764119632597637,-0.5410952292578814,1.1600005374638793,1.0961720147047813,-22.93306259030567,55.609584762134325,123.7254950604681,,0.23096847782611973,47.083256071666256
