,MAE,RMSE,NSE,alpha,beta,HFV,HFV10,LFV,FDC,training_time_minutes
1,11.936262835951284,12.291179984223763,-176.2584296455363,3.1467112609980687,20.314006570726107,3.0306203750388674,4.972066419796653,93.04262902987794,53.86611911886398,18.48037056666605
2,3.0440081319272454,3.1982631918996693,-11.00184851304723,0.8976415569737205,5.878573493424228,1.0659370370654522,1.609698962685696,25.584044751634,15.299199701822273,18.48037056666605
