,MAE,RMSE,NSE,alpha,beta,HFV,HFV10,LFV,FDC,r2,training_time_minutes
1,12.133364699516274,12.51748105817177,-443.47688551527926,5.21796015258764,34.8990458064748,349.0808385689929,718.3538544678204,1516.6387948218178,-53.80755251653953,0.4579645564147484,18.48037056666605
2,3.2995671140398573,3.4127425212302254,-32.03865374089348,1.4176318949574944,10.218547651099424,61.67392153172881,163.48875153690466,391.5765988174971,-50.44960719203436,0.507753498862415,18.48037056666605
