,MAE,RMSE,NSE,alpha,beta,HFV,HFV10,LFV,FDC,training_time_minutes
1,7.383365845674788,9.003749683896803,-30.190484922537454,2.63377430613621,-1.6354288783096724,0.3033820479086479,0.25714154171682063,-5.895496059784955,-3.9198599818144584,149.99909652999995
2,2.484107873592159,3.1867199079266,-2.907177026660448,1.9046873976279572,1.7278484939802599,1.8453042619373126,1.6651710889936833,1.135314395050553,1.7310482301720507,149.99909652999995
