,MAE,RMSE,NSE,alpha,beta,HFV,HFV10,LFV,FDC,r2,training_time_minutes
1,,,,,,,,,,0.32074366434578827,34.55399442500008
2,,,,,,,,,,0.424551631011549,34.55399442500008
