,MAE,RMSE,NSE,alpha,beta,HFV,HFV10,LFV,FDC,training_time_minutes
1,0.25542935940960304,0.4224215161862413,0.6230553209010838,1.2172024673058528,1.09670263965548,1.1782872244843925,1.2157057844760102,0.027111830595068147,1.4612186330150712,7.852060856667231
2,,,,,,,,,,7.852060856667231
