,MAE,RMSE,NSE,alpha,beta,HFV,HFV10,LFV,FDC,r2,training_time_minutes
1,0.20174233348734233,0.30091948404092334,0.7747799539997815,1.0713201130134968,1.1267575948041855,9.413493936583444,14.083907092571705,10.158700349723206,-0.3930320804350599,0.2628991574889996,7.852060856667231
2,,,,,,,,,,0.37676781061203957,7.852060856667231
