,MAE,RMSE,NSE,alpha,beta,HFV,HFV10,LFV,FDC,training_time_minutes
1,121.06196553724561,122.95554512172254,-4406.9293743559065,11.625045331393988,138.39133386510653,13.988174385352025,22.87458576096824,2051.8490266521994,980.2590181068299,8.246709003332459
2,16199.694734939534,16762.954458871893,-81929350.7414359,2326.74189099455,18385.78053750196,1905.5880000538705,3131.945782128505,249876.52913804536,134908.72414575118,8.246709003332459
