,MAE,RMSE,NSE,alpha,beta,HFV,HFV10,LFV,FDC,r2,training_time_minutes
1,120.66056485214953,122.71722175906649,-5792.524663563744,13.914287880324627,157.32338355102848,1522.809515252206,2601.1668178158056,5872.775326795652,-71.76514489129367,0.23552609058110363,8.246709003332459
2,16010.533881747768,16657.15265536523,-106741514.05778429,2850.674898829328,20743.657934056573,220674.543816714,369194.6578624516,819190.162267966,-72.24440730720391,0.249403971569906,8.246709003332459
