,MAE,RMSE,NSE,alpha,beta,HFV,HFV10,LFV,FDC,training_time_minutes
1,0.21999506385595963,0.3810602332160997,0.4752847629348662,0.6885451498028533,0.6874163256578725,0.6956141028823072,0.7208990079422029,0.6346415137379121,0.9045455952306156,47.135043210000006
2,0.31732514307090204,0.44273453808745505,0.29169024368207075,0.6426647872788912,0.5391568936431821,0.6283119428404652,0.608711875974082,0.2564840380063195,0.6738903534977503,47.135043210000006
