,MAE,RMSE,NSE,alpha,beta,HFV,HFV10,LFV,FDC,r2,training_time_minutes
1,0.14408839723109948,0.17748118506845967,0.9179878123718112,1.0139270553902116,0.9832928067985041,-1.9254649306100011,-2.972232364619965,-2.064617034063012,40.510545612181744,0.7301218441825195,47.135043210000006
2,0.16733708146614126,0.18860667515859428,0.9073836044250636,1.052957022145242,0.9524428529949807,-7.9150124761069325,-8.390449781425398,-1.62587867792767,92.92113049942522,0.799437019067454,47.135043210000006
