,MAE,RMSE,NSE,alpha,beta,HFV,HFV10,LFV,FDC,training_time_minutes
1,0.02522949827052021,0.04876924593853429,0.8032403980394772,1.07038219926205,0.7798492109487326,1.008058263307215,1.0520843895687053,-1.380782267191057,0.19465817698168789,68.566874825
2,0.03360841115496686,0.06466206719215799,0.6541060044541507,1.0267035868550423,0.8683922171108496,0.9448911751209669,0.9960625576190845,-2.7407898429404804,1.2805676555112666,68.566874825
