,MAE,RMSE,NSE,alpha,beta,HFV,HFV10,LFV,FDC,training_time_minutes
1,9.399457396941788,11.38746681085749,-546.7955873376394,13.086992317826056,32.10836341824757,9.311169031035563,14.455829071342315,47.831319623299876,83.91783328741622,11.109819341667269
2,0.4157907158461207,0.4997927495945966,-0.055222843656483445,0.5233408027629232,2.067532822585742,0.6202374615032001,0.8124992802517946,6.943672432630035,5.7744563285922865,11.109819341667269
