,MAE,RMSE,NSE,alpha,beta,HFV,HFV10,LFV,FDC,r2,training_time_minutes
1,7.286326597071225,8.684086545520188,-749.3098425460807,15.031824662547768,39.52790500057287,1002.1218532190688,1656.4599498544233,2709.937135327802,-5.440975474743749,0.06297388870059961,11.109819341667269
2,0.35578468987926626,0.41728248138095564,-0.7324178990102517,0.6169092120909606,2.6883744919392076,-29.5496426956769,-3.1371492514584496,53.06426949035703,-29.29579182425143,0.08797957117729949,11.109819341667269
