,MAE,RMSE,NSE,alpha,beta,HFV,HFV10,LFV,FDC,training_time_minutes
1,0.3865275044495879,0.7736319033123149,0.5995312853703376,0.7953601394920943,0.9240172303500185,0.7879249377186556,0.7741164796244872,0.33690753608146345,1.110109715352013,9.782424911666507
2,0.9369511998746712,1.3564305107271306,-0.23110459338901368,1.2072576035884088,0.4580775534175953,1.0675462899888295,1.0040287900409333,-8.343870368264923,-1.4802149834776759,9.782424911666507
