,MAE,RMSE,NSE,alpha,beta,HFV,HFV10,LFV,FDC,training_time_minutes
1,0.34748562895805596,0.42788985831821114,-1.5188166005697408,0.4835793687537769,7.132521974360127,0.5052734123248955,1.5166356883462409,115.10280032610213,49.10219701658432,18.424409326666623
2,0.0808901530998669,0.26206788914291407,0.055155842486341866,0.14910912950436359,1.4806633521530341,0.1773395487538585,0.406506455398771,17.871456693814356,10.503770675596003,18.424409326666623
