,MAE,RMSE,NSE,alpha,beta,HFV,HFV10,LFV,FDC,r2,training_time_minutes
1,0.3095755503766689,0.3492279005496505,-3.344589821199354,0.6814639237918829,11.358823503205315,-35.55885541563633,130.46840289224147,447.12381784133856,-14.604971157580797,0.015276376303672734,18.424409326666623
2,0.07178994126000197,0.17025565825418476,-0.03260452145872339,0.20381358458693527,2.242187923825077,-79.70654358755408,-42.32618520706145,21.19941803285619,-11.877549535825462,0.03419459568248717,18.424409326666623
