,MAE,RMSE,NSE,alpha,beta,HFV,HFV10,LFV,FDC,training_time_minutes
1,1.083030122004609,2.0067569593446932,0.3087243356272552,0.7531382767053955,0.9494221755046771,0.7375247099201,0.8637731104190024,1.464001975197796,1.0545857785994042,35.734716873333674
2,1.4470856865072204,2.1512452451524164,0.20559574879280562,0.6840546979843221,1.4694771571075913,0.6769327951254198,0.8956338087534687,5.014748009539593,2.2752831473734667,35.734716873333674
