,MAE,RMSE,NSE,alpha,beta,HFV,HFV10,LFV,FDC,r2,training_time_minutes
1,1.124272507361537,2.1204230762900105,-0.04902679786731179,1.0375762950922127,1.0653361296626611,10.532829464965905,5.193614998926466,2.702141009263705,-36.75331408345154,0.4245284193399498,35.734716873333674
2,1.4371584460321802,2.100834067940058,-0.02973397403337663,0.8406765070477613,1.6198058398176716,-10.58831945975248,3.4404023052505353,22.50178030932221,-80.68815215997827,0.56764290474928,35.734716873333674
