,MAE,RMSE,NSE,alpha,beta,HFV,HFV10,LFV,FDC,training_time_minutes
1,0.23569103308494957,0.31590197817573523,0.7467219307857157,0.8144704427684066,1.326138151236092,0.8693570958766172,0.8565687568907614,164.0855344742144,31.807388880170347,19.004310595001638
2,2.732228466519852,2.98452275977526,-21.606987083840416,1.6710981671665404,8.037984939901222,2.008268593828246,2.1739185467565716,4940.349735534162,379.1822375263665,19.004310595001638
