,MAE,RMSE,NSE,alpha,beta,HFV,HFV10,LFV,FDC,r2,training_time_minutes
1,0.3675044032101435,0.4574732113570308,0.9135344560593912,0.8126471286673729,1.048226912077651,-12.67649041814681,-11.877362548072867,-7.331215886764005,-85.76624229594259,0.8169356638043498,19.004310595001638
2,1.3550708925524488,2.1257150360217496,-0.8669033339282599,0.6174065503171934,1.7114738410855976,-3.3499049910771626,-1.234081141892712,9.936896733839452,-111.06992206376458,0.8771911886488988,19.004310595001638
