,MAE,RMSE,NSE,alpha,beta,HFV,HFV10,LFV,FDC,training_time_minutes
1,1.601178419463497,2.1716838101062272,-0.053136387152462605,0.9968722502730633,1.2480711855382196,0.7124884877762268,1.0200369349196456,0.9239948630010145,1.1732316435629229,151.26200583166695
2,1.6347293614125618,2.402335045013331,-0.28872004774366267,1.1338085115829226,1.314755750523101,0.8458368958097298,1.141408818300791,0.9420792806248938,1.0867946917375604,151.26200583166695
