,MAE,RMSE,NSE,alpha,beta,HFV,HFV10,LFV,FDC,training_time_minutes
1,0.08908426075760156,0.11189812711262122,0.24243782900034783,0.8547143593707186,0.37504501957192815,0.9140007470653484,0.8156900409628813,-0.00014411187872159957,8.750473188523146e-05,14.916148093333323
2,0.2759556389573926,0.2949782227369216,-4.264444530170112,0.45886732480403775,-0.980454131986131,0.01886361327239947,0.00020556254779068972,-9.238160812854195,-1.4073259102529811,14.916148093333323
