,MAE,RMSE,NSE,alpha,beta,HFV,HFV10,LFV,FDC,r2,training_time_minutes
1,0.11108603291333173,0.12974668511489346,0.6551975991262909,1.1476492398034577,0.6316723814117482,7.674528052333129,4.308233927877809,-10.638075544255907,607.1340736281365,0.2632386106176414,14.916148093333323
2,0.6199080924973523,0.641783941686801,-7.436366371215556,0.699425135089552,-1.593468202824761,-91.74222415517391,-102.59987372995027,-136.31520886605267,,0.34616361783749283,14.916148093333323
