,MAE,RMSE,NSE,alpha,beta,HFV,HFV10,LFV,FDC,r2,training_time_minutes
1,,,,,,,,,,0.6078567079594495,13.948650951667029
2,,,,,,,,,,0.6217653944402262,13.948650951667029
