,MAE,RMSE,NSE,alpha,beta,HFV,HFV10,LFV,FDC,training_time_minutes
1,0.7776279681524692,1.072132673645078,-1.447879498439895,0.09301766860828392,-0.12002231378326364,-0.003101911974296015,-0.0046784546403584315,-0.8758709450546737,-0.1625316897570276,40.96981140999996
2,0.5385756699196604,0.769984280631004,-0.2625735593365237,0.2462141181130383,0.2278886143779235,0.2288471420684491,0.21606468198874007,0.0607580705376247,0.22246576675522295,40.96981140999996
