,MAE,RMSE,NSE,alpha,beta,HFV,HFV10,LFV,FDC,r2,training_time_minutes
1,0.2668076928509139,0.362271488163083,0.800584693270772,0.9909736804135564,0.8511739941577622,-4.109464288320939,-8.26842939617422,-6.917173110746167,57.546154483022804,0.6579171801996312,40.96981140999996
2,0.30611649366618754,0.44732303429323,0.6959586131015643,0.8267183642595769,0.8599855734736931,-29.678651024602605,-33.57756586600708,-18.32120405732353,89.88626674335421,0.8239543551602524,40.96981140999996
