,MAE,RMSE,NSE,alpha,beta,HFV,HFV10,LFV,FDC,training_time_minutes
1,0.9788862037044468,2.3507332402835694,0.1913376854557094,0.6584113140367077,0.8815952715682688,0.6499662427312092,0.7277900419330133,1.9478632809673513,1.177996776126705,18.74343349666645
2,1.096483620805616,2.5069383707260773,0.08029653475283349,0.7433708418246423,0.8753668451410317,0.7387730184330414,0.8650921917235376,0.9318480098496151,0.8667088517535106,18.74343349666645
