,MAE,RMSE,NSE,alpha,beta,HFV,HFV10,LFV,FDC,training_time_minutes
1,1.872013494167947,2.535709285761545,-0.09330381902068963,0.8573017145292596,1.6633596050638357,0.7764037821674759,1.0641106234267825,3.968139657406839,2.2833674177862737,43.78634625833333
2,1.9147075396464894,2.6608843346935576,-0.20390976353694756,1.2151433155511502,1.0172869670507412,0.8543895339124042,1.1305991619300841,-3.1633580230528215,0.9889828682767315,43.78634625833333
