,MAE,RMSE,NSE,alpha,beta,HFV,HFV10,LFV,FDC,r2,training_time_minutes
1,1.6472930640306074,2.3003335058167145,-0.08561149332624574,0.8135920611368362,1.488062326735228,-25.370789387130063,-3.079684454085265,20.182476448362642,-82.07394804746137,0.3769650476163745,43.78634625833333
2,1.6551338849869892,2.3302246295208735,-0.11400822808614652,1.0478630075586304,0.9843019786013342,-22.004898078978957,-2.7457479654158568,11.764465138838244,,0.4113526272888619,43.78634625833333
