,MAE,RMSE,NSE,alpha,beta,HFV,HFV10,LFV,FDC
1,25.999328995249623,32.432223647307126,-255.57086308447833,9.575176035645383,-16.078186803917,0.14694989884498197,-0.03652146438890485,-154.99149419503456,-30.297789561460863
2,313831.49198078486,828472.006261464,-167420856540.32724,378677.71031723777,-206184.237599725,0.0919201047248518,-0.5279382156651239,-3061548.874760888,-13036.129151296094
