,MAE,RMSE,NSE,alpha,beta,HFV,HFV10,LFV,FDC,training_time_minutes
1,1.0907598619802912,1.7353689420409446,0.3851982638253987,0.950621394341893,0.9047275631866394,0.8730326674999912,0.9875125407032777,0.6707464606089004,0.7597487075804867,14.939878746667334
2,1.0101435924262305,1.6189087109121032,0.46494778800727565,0.8819771061064324,0.9221431068954629,0.7851193405917622,0.9260124255522659,0.787254090366303,0.834043515823725,14.939878746667334
