,MAE,RMSE,NSE,alpha,beta,HFV,HFV10,LFV,FDC,training_time_minutes
1,1.221463132143032,2.980230639653505,-0.14456156543487686,0.6307453274623765,0.9165963296736974,0.5438954366188311,0.8033465673977399,-6.37907051277413,1.6813802725946678,13.3879147549999
2,1.1644495411347182,2.914589599388328,-0.09469775895746269,0.5866129851474319,1.0901784644803674,0.5344183871493292,0.7547224962891479,17.629995375288267,3.509995441774294,13.3879147549999
