,MAE,RMSE,NSE,alpha,beta,HFV,HFV10,LFV,FDC,r2,training_time_minutes
1,1.5376355584990797,3.4647624500982523,-0.11634838019648042,0.7005154873361966,1.1108597964114089,-37.92908110260509,-8.117110838337933,6.737213909259513,-20.374680917932434,0.1803666794680291,13.3879147549999
2,1.4037546084039156,3.175284359598783,0.06239898905950525,0.5343159654404616,1.1681340863276501,-48.8047875417687,-23.786090932143146,-7.428383043675125,-71.69239332902079,0.2692429423137238,13.3879147549999
