,MAE,RMSE,NSE,alpha,beta,HFV,HFV10,LFV,FDC
1,0.013184900599411296,0.015449180017300503,-0.6982267544466443,0.6468899260327953,1.504290454457751,0.7351867878828947,0.8325965443263706,8.610103549054925,1.7743268949500484
2,0.008977485720542194,0.010859223194417567,0.16096064821625022,0.6584040826372768,1.4085083393541884,0.9324326864024649,1.0004219881475709,7.851848422455105,1.437768782312627
