,MAE,RMSE,NSE,alpha,beta,HFV,HFV10,LFV,FDC,training_time_minutes
1,4.0066805526018365,5.9769045203019795,-24.87709365475924,4.021507535222962,5.969876229463553,1.985646829694543,2.8486476424518914,0.22651191554892006,5.219632510155111,6.565938151666584
2,0.26812499283826596,0.4633184605211004,0.8445029799414213,0.9271036532634347,0.8361883064911317,0.9064441192735937,0.8900332077016587,0.01434412854286646,0.5030988887395118,6.565938151666584
