,MAE,RMSE,NSE,alpha,beta,HFV,HFV10,LFV,FDC,r2,training_time_minutes
1,0.2371200273002936,0.41383534887944623,0.773954879922312,0.7896330704526237,0.8272569058563787,-29.955844206136472,-21.026436724286167,-13.728300898057467,252.5122468081589,0.25557179940312547,6.565938151666584
2,0.2516795782907106,0.41910314343212335,0.7681635043709945,1.0698489090653562,0.9751345302932698,11.1944187822498,-0.7967763346222112,3.452453082880372,168.81355549475163,0.25921183384688495,6.565938151666584
