,MAE,RMSE,NSE,alpha,beta,HFV,HFV10,LFV,FDC,training_time_minutes
1,12.086523564137046,13.816785474090853,-51.341693930379485,3.8436553821296617,7.878104035678795,1.976528000650141,3.072488640658371,9.222337794797943,17.656903384066272,15.665933265000058
2,2.7505492677983807,4.753906515958793,-5.1963368451188146,2.319436833489979,2.0250054847965098,1.470496925688343,2.1796934940845873,0.5180286634578065,1.0916890512283297,15.665933265000058
