,MAE,RMSE,NSE,alpha,beta,HFV,HFV10,LFV,FDC,r2,training_time_minutes
1,13.120893196223133,14.411159156076337,-56.88084291594536,3.4161990362526082,8.512747361658374,100.41760964344458,217.57223935895797,383.99067676908567,-194.6194397892691,0.3665013324272861,15.665933265000058
2,1.4698638797155155,2.8525697232067233,-1.267825084574683,1.5578067589935587,1.1263360880123174,45.76975685365924,53.10454277823205,27.61769932812415,72.56908258308484,0.44590273313073314,15.665933265000058
