,MAE,RMSE,NSE,alpha,beta,HFV,HFV10,LFV,FDC
1,1.9015631254854095,1.9661433704529676,-77.62712638133655,1.5335763636945345,-10.023231448871641,-0.2511385710889912,-1.7084126093119378,-234.75337992653667,-15.779662037626782
2,0.16977751049403822,0.3015020765126886,-0.8489392940371328,0.4016015628614305,0.016578572775627874,0.26499297387022563,0.19312201176514446,-5.772990594939461,4.894550263945705e-13
