,MAE,RMSE,NSE,alpha,beta,HFV,HFV10,LFV,FDC,training_time_minutes
1,0.3197600387410006,0.38010820438771753,0.3794895925032372,1.088730086555864,0.633591677456728,0.8325399580140094,0.8750138611968394,0.05083110676238161,0.41457175852850353,36.02879229166665
2,0.31684929516298066,0.3664465709117532,0.4232920916767131,1.1234859345042083,0.6395909748227032,0.8489853433635114,0.9050097648528924,0.03799473865340762,0.4001211724792732,36.02879229166665
