,MAE,RMSE,NSE,alpha,beta,HFV,HFV10,LFV,FDC,training_time_minutes
1,3.468423920245088,4.079589607945644,-143.79249606226713,6.1961167520582805,-60.935509797424245,-0.010858658198043818,-0.4987167097163086,-5274.172829420138,-1480.157225057248,20.187728121666684
2,0.6787715707968562,0.8237905327420632,-4.904004699264045,0.9681300430533942,-11.094245175502698,0.020569947603921317,-0.11978338300292697,-848.9280817203966,-294.872900105024,20.187728121666684
