,MAE,RMSE,NSE,alpha,beta,HFV,HFV10,LFV,FDC,r2,training_time_minutes
1,3.136900211403365,3.6353063879749787,-296.8702521756145,8.717768821809113,-109.0421955850441,-99.54743670010218,-171.2164349237494,-1178.0298311472068,,0.07653687203157955,20.187728121666684
2,0.2500840184234887,0.34550347414610316,-1.690604915602063,0.9196496484068337,-6.7016563944423275,-74.09869738474887,-37.61220436718373,-65.1984364513861,,0.07714414026839767,20.187728121666684
