,MAE,RMSE,NSE,alpha,beta,HFV,HFV10,LFV,FDC,training_time_minutes
1,0.47756408880667484,0.7632299207108917,-0.6266044895584446,0.8674703102442026,0.5809705930131599,0.5016367535201162,0.5270013759112707,0.06431982196849277,0.6686311409639037,25.341589086667714
2,0.3414146340161702,0.4720596488833412,0.3777499365469488,0.9719892189547004,0.732989166874631,0.7357837726908985,0.7627454762583633,0.3888656664823747,0.650744450548653,25.341589086667714
