,MAE,RMSE,NSE,alpha,beta,HFV,HFV10,LFV,FDC,r2,training_time_minutes
1,0.44413188907452045,0.510445760631837,0.7601678540488335,0.9010516519050901,1.0609501258603922,-9.968172704308671,0.5756446542468845,-2.4024204816717103,581.6043524817029,0.3934306670093263,25.341589086667714
2,0.21974223021266334,0.26013538494133914,0.9377116175080455,1.0306586963156548,0.9844523825769019,-2.2098100690377156,-0.5157942550562415,-0.9866752866399117,-643.8699532479262,0.6923567993050295,25.341589086667714
