,MAE,RMSE,NSE,alpha,beta,HFV,HFV10,LFV,FDC,training_time_minutes
1,0.7471052456235735,0.7662615097431905,-22.75645754209173,1.2241000290426207,-2.9469707363688027,-0.025354070751542702,-0.16110651227133052,-6.464319234626219,-5.132296949008531,48.79191182166663
2,0.10880789135285185,0.18403662415800753,-0.3703647404236008,0.3431517525524263,0.42520491300397933,0.2969631283440627,0.31519870939757555,0.2892813065578187,0.49033175653499855,48.79191182166663
