,MAE,RMSE,NSE,alpha,beta,HFV,HFV10,LFV,FDC,r2,training_time_minutes
1,0.07401935236954643,0.11681626512649497,0.7565245462136154,1.0030754395174108,0.9441463993278064,-1.235109758766578,-1.693256816874043,-5.385429466688522,-24.43450074904853,0.8287073262059313,48.79191182166663
2,0.08586932317591815,0.10109756586140523,0.8176398466646727,1.0882354470733648,0.9105102204580411,-5.242063824129191,-5.8249046824491,8.347488563426898,65.40888046000568,0.9338820206178075,48.79191182166663
