,MAE,RMSE,NSE,alpha,beta,HFV,HFV10,LFV,FDC,training_time_minutes
1,3376.850722593027,5275.714850584813,-50844790.81308073,5478.393137576049,7483.459605830551,2556.998211221121,4434.293241128496,84.40681855112615,3435.263362059198,15.920331921667094
2,11.023543732100263,11.971818078537487,-260.82075005710215,6.356119455124771,25.423159114800274,3.850190773297965,6.4978531030097715,73.86223001697819,86.69568842789832,15.920331921667094
