,MAE,RMSE,NSE,alpha,beta,HFV,HFV10,LFV,FDC,r2,training_time_minutes
1,2288.828090548941,4049.6754001419968,-71266286.11481498,6964.4771472767825,8748.378465915332,365958.64446896093,667190.1411014508,1009892.3340875175,204.16484908653217,0.42597203951568574,15.920331921667094
2,11.026734093852342,12.060565000839036,-631.0901353753545,10.271338179347314,43.14157597363715,466.5499357441347,949.4095739514046,2082.0361516806497,-31.524617522902282,0.4404809416544845,15.920331921667094
