,MAE,RMSE,NSE,alpha,beta,HFV,HFV10,LFV,FDC,r2,training_time_minutes
1,,,,,,,,,,0.7445060540388106,38.900423023333374
2,,,,,,,,,,0.8122388257241111,38.900423023333374
