,MAE,RMSE,NSE,alpha,beta,HFV,HFV10,LFV,FDC,training_time_minutes
1,0.21487590301341294,0.2681415750602912,0.6577783549395531,1.1400787764224283,0.7538592321871703,1.1211228840154643,1.1122685284975928,0.612861841971865,0.3428297481034454,14.037916401666978
2,0.25456077458601883,0.31290273324124973,0.5339871674455376,1.175239230381793,0.710276724957648,1.1787650349303334,1.1634627702777727,0.741245825266637,0.2658758886826031,14.037916401666978
