,MAE,RMSE,NSE,alpha,beta,HFV,HFV10,LFV,FDC,r2,training_time_minutes
1,0.2845225836827695,0.3347833724064358,0.8952540836312952,1.0396716977855047,0.9218454487579268,-0.5724492904530445,-8.352400577003962,-5.627979689462827,193.38949025016325,0.7472701087230443,14.037916401666978
2,0.25875650076847456,0.30059948364642564,0.915552693646694,1.0459347231082972,0.868076174666146,3.1078838665331796,-4.828142430973207,-6.096344961938535,182.79262192352843,0.762257982026565,14.037916401666978
