,MAE,RMSE,NSE,alpha,beta,HFV,HFV10,LFV,FDC,training_time_minutes
1,0.23960592719255558,0.2756063338981623,0.8673940302059802,1.0399544605029707,0.9255858675726832,0.9747324057894128,1.0361711231774622,1.1823193141693278,0.7046204988952656,124.44475348333339
2,0.2786978158836849,0.35004023012187424,0.786095161161712,0.809313558224476,0.9286249110831665,0.8782281011712508,0.8565997909806866,1.2875480570238083,0.7973475641928528,124.44475348333339
