,MAE,RMSE,NSE,alpha,beta,HFV,HFV10,LFV,FDC,r2,training_time_minutes
1,0.2631405355882581,0.3095412304012157,0.9425522320268396,1.0697225335692337,0.9449657158884701,0.9561927226581524,1.0093702660081365,0.7962893793860469,0.9337572587218631,0.37136459365079266,124.44475348333339
2,0.1920327544191532,0.23566134817314457,0.9667024050287328,1.0017628724450203,0.9769988852821457,0.9382780500151838,0.993646611385206,0.9618583170938277,0.9885941417313177,0.488363185245807,124.44475348333339
