,MAE,RMSE,NSE,alpha,beta,HFV,HFV10,LFV,FDC,training_time_minutes
1,0.053745331904537876,0.062271706253205,0.69887645217908,0.924209179591571,0.4585567529148564,1.018584662637232,0.8156048504509005,-1.55747532520206e-06,1.656454719403561e-07,10.300708896666766
2,0.11008545077346868,0.13114318909835565,-0.33553313776658733,0.45215968660070893,-0.13122834555379928,0.4301992836238118,0.2974713490711333,-1.2168704270349051,-0.7239456941137555,10.300708896666766
