,MAE,RMSE,NSE,alpha,beta,HFV,HFV10,LFV,FDC,r2,training_time_minutes
1,0.08635059279124563,0.10905348534430373,0.7571074310587177,1.1206988443384758,0.6711661210242444,8.133574590954645,9.696619074985213,-14.118159655885194,,0.6431808706874487,10.300708896666766
2,0.2259230755404794,0.2521576984061082,-0.29861253725405246,0.5885002921335878,-0.17600849725453988,-47.83919684222429,-59.56056111686701,-78.38697050649536,,0.7357715490536618,10.300708896666766
