,MAE,RMSE,NSE,alpha,beta,HFV,HFV10,LFV,FDC,training_time_minutes
1,1.050264452719465,2.198224684654446,0.2001930038187233,0.6593936702526343,1.086677575608321,0.6589619034136482,0.8406111322545162,2.9590656495684478,1.7240339066306096,19.04470935333326
2,1.093835528434656,2.134357550504263,0.24599298309326945,0.5091422484639049,1.233691611497841,0.5203753627323484,0.70846156173364,6.945168184581957,2.5649686612702194,19.04470935333326
