,MAE,RMSE,NSE,alpha,beta,HFV,HFV10,LFV,FDC,r2,training_time_minutes
1,1.2483512286637763,2.4742582740707157,-0.09292879993001191,0.9409513163887142,1.3165903861907577,-6.583217310026233,9.688397898543736,19.27604708680769,-39.429347477164505,0.3398243674022854,19.04470935333326
2,1.2682537986531268,2.2108236444552487,0.12741044708800564,0.7172392423833499,1.4434637741547398,-27.089559244832273,-10.230895320026491,9.635734121650584,-67.97116737232571,0.508197907965906,19.04470935333326
