,MAE,RMSE,NSE,alpha,beta,HFV,HFV10,LFV,FDC,training_time_minutes
1,1.167626485985434,2.61507956342123,-0.5548225047540436,1.1445605778802774,1.5474495011589358,1.089287173818226,1.2065615920449528,2.957973177573161,1.8465492633570582,55.55411633333327
2,1.3703563280105513,2.3441813455543685,-0.24937673846146202,0.9100159502790371,1.839106592408365,0.904453479384541,1.0982367480501605,5.5973478058950255,2.6514328202896205,55.55411633333327
