,MAE,RMSE,NSE,alpha,beta,HFV,HFV10,LFV,FDC,r2,training_time_minutes
1,1.195961654339278,2.1617084064425183,-0.13409595060006185,0.8874840549374,1.4623518641162683,-15.409602521001688,10.114680950838721,31.415957879281173,-30.37274377076766,0.27932994288376745,55.55411633333327
2,1.3888949584121302,2.147973621465885,-0.11973038696247529,0.7486173485868862,1.759470101547132,-26.19900396735228,2.6827959727051334,35.71483558485291,-60.24147988751727,0.40228204129885003,55.55411633333327
