,MAE,RMSE,NSE,alpha,beta,HFV,HFV10,LFV,FDC,training_time_minutes
1,6.817928375834636,13.519013792118976,-1.1249604202669063,1.8675144859904171,1.557271220253079,1.618248566727978,2.0119157900758355,-8.455807136386033,-0.09618571307365538,11.432733786666843
2,,,,,,,,,,11.432733786666843
