,MAE,RMSE,NSE,alpha,beta,HFV,HFV10,LFV,FDC,r2,training_time_minutes
1,5.714394592233187,13.217280406262079,-0.22934901805781682,1.1775346868462366,0.9296092126541292,34.470552419634764,55.6259546378195,38.624807650613235,,0.2019211240853157,11.432733786666843
2,,,,,,,,,,0.25067077525872306,11.432733786666843
