,MAE,RMSE,NSE,alpha,beta,HFV,HFV10,LFV,FDC,training_time_minutes
1,0.25910104562365927,0.3185963272647356,-7.17404472767385,0.7336071605013671,-3.7284919189994983,-0.1618801458530881,-0.455860358663439,-2607.9543038055263,-1077.10003854023,17.068506834999912
2,0.024098431731161614,0.05311641062072159,0.7727975977269683,0.7715530374550168,0.614580317420926,0.9134981040083389,0.7449330347814856,-5.615910393154684e-11,9.122297463219921e-07,17.068506834999912
