,MAE,RMSE,NSE,alpha,beta,HFV,HFV10,LFV,FDC,r2,training_time_minutes
1,0.3942367913990362,0.5735406707323428,-3.9224548851053775,0.6776586019955363,-1.9389166641419844,-102.19913475492477,-120.16501627343017,-141.44145566955603,,0.2062240248814875,17.068506834999912
2,0.050958571508276096,0.09304487156942483,0.8704497706352018,1.0252439196367504,0.8247869065574063,2.549774275252122,7.907524521460363,-13.824988711132503,,0.8302671796792297,17.068506834999912
