,MAE,RMSE,NSE,alpha,beta,HFV,HFV10,LFV,FDC,training_time_minutes
1,33.037376004298295,38.66733223237505,-146.0014259808769,6.356851165714043,16.850855894523477,3.902222769569197,7.68866015742113,26.840357729387346,30.288709126401994,14.35519014166639
2,1.5671439685422863,2.68524222783183,0.29107537152953145,0.8360738644752299,1.2858109255922505,0.7542271052597004,0.9753425358180002,1.1589188626726958,1.8151608161761816,14.35519014166639
