,MAE,RMSE,NSE,alpha,beta,HFV,HFV10,LFV,FDC,r2,training_time_minutes
1,28.041325960930987,33.25368387583364,-102.2777183674749,5.612667015711823,13.367485220637295,253.59620082034832,522.7395946926274,906.0416681289131,-45.608565863852604,0.32878572403875894,14.35519014166639
2,1.5954138990665918,2.6866826087834816,0.32584488299326175,0.8012402214926667,1.171529775181721,-27.223577095015067,-12.731255918418,4.782012853562736,34.05821307237193,0.39879954834001086,14.35519014166639
