,MAE,RMSE,NSE,alpha,beta,HFV,HFV10,LFV,FDC
1,1.4291685441701218,2.0003255163018756,0.1507207263621081,0.6037868569038803,1.3786746972192832,0.6495964258529197,0.783831960410343,4.612706152351485,2.0995377788059866
2,159.81785043745208,246.8435852076164,-12931.809092695135,86.72383067195703,-91.69410014858795,0.16200037125970967,-0.16112631757392856,-1425.3181459597254,-96.96834445309833
