,MAE,RMSE,NSE,alpha,beta,HFV,HFV10,LFV,FDC,training_time_minutes
1,1.4924346878870467,2.840967725657741,0.3838478996285565,0.9975832829838999,0.9607406919034617,0.99878794816172,0.9980341240892389,0.17580098754804063,0.945740278471941,16.310923059999975
2,1.7616015355550585,2.806256677517416,0.39881225822169175,0.9348496205592177,1.2811071020657827,0.9377752008091099,0.9946232065461608,1.1369885262089923,2.0903821246720145,16.310923059999975
