,MAE,RMSE,NSE,alpha,beta,HFV,HFV10,LFV,FDC,r2,training_time_minutes
1,1.6327415037255615,3.0468710906388656,0.40883204027720244,0.9984637576501175,0.9779282417276169,-0.5971395316932365,-1.4758702802874264,0.4395045670199812,366.6082697286957,0.34799687132890167,16.310923059999975
2,1.8833262535657307,2.8491557657303463,0.4830659806219496,0.8576802631324076,1.2612239197101447,-15.271047363442488,-8.952383433230624,7.959379784874881,35.97106656644802,0.5568876379798693,16.310923059999975
