,MAE,RMSE,NSE,alpha,beta,HFV,HFV10,LFV,FDC,training_time_minutes
1,73.78745930816207,74.4588127172516,-1862.5574076426456,5.679117506172504,-73.42548303559816,-0.9333416313222817,-13.032134690246387,-899.6184721384757,-184.52360855506882,24.882790688333383
2,35.503476847906185,47.549899736648186,-758.9933167201439,18.404839925213523,36.641445613006816,7.65178226309123,15.108556496545619,22.82801100675465,77.75086192736791,24.882790688333383
