,MAE,RMSE,NSE,alpha,beta,HFV,HFV10,LFV,FDC,r2,training_time_minutes
1,74.52832351673707,75.07533026639005,-527.3201178942459,2.623021567916761,-61.910774809562724,-242.85983291325567,-1128.537365953585,-2442.2136542262797,,0.7660567463257452,24.882790688333383
2,32.84919541828991,45.36535727668871,-191.90847897656863,9.707769914812458,28.59587519726757,400.9002066969527,1046.5152595494503,2166.5571312873335,74.89151743091533,0.8122526553686544,24.882790688333383
