,MAE,RMSE,NSE,alpha,beta,HFV,HFV10,LFV,FDC,training_time_minutes
1,1.8108903955665072,2.9295242972393947,0.04634720877685772,0.6334662173702063,0.6934462247937121,0.5272569685405519,0.6196263401223621,-0.6817000106937519,0.9207490241667016,15.862200998333476
2,1.8182718486700233,3.122920440034907,-0.08372206525212578,1.0694509052283374,1.1974930828389112,1.015106755667736,1.1490781962817325,1.382345181345482,1.3480468334410889,15.862200998333476
