,MAE,RMSE,NSE,alpha,beta,HFV,HFV10,LFV,FDC,r2,training_time_minutes
1,1.7717540134086185,3.4067698996167146,0.1449945921240765,0.517334336197007,0.7377924658173503,-56.21566413812411,-44.67724295112519,-31.47877858787187,31.738528508243988,0.38215199641654585,15.862200998333476
2,1.9447378259884824,4.014896650311007,-0.18749557375739978,1.071810149086591,1.143770865820794,14.139113686998028,16.378750398326414,12.789599334187114,5.404436186841034,0.5099906728991423,15.862200998333476
