,MAE,RMSE,NSE,alpha,beta,HFV,HFV10,LFV,FDC,training_time_minutes
1,0.6489129566416443,1.1005337932127703,0.532947915287713,0.483692369642964,0.7957795171730464,0.47382506648999384,0.5285533482102708,1.1895467025314213,1.2846093454005274,12.195747996666856
2,0.8525417301598774,1.0777614316429085,0.5520765229584583,0.6096584232235315,1.2559766346674162,0.6429231579365782,0.7337041490040936,2.791015714402395,2.110264111306748,12.195747996666856
