,MAE,RMSE,NSE,alpha,beta,HFV,HFV10,LFV,FDC,r2,training_time_minutes
1,0.5037159213021967,0.7763205966618868,0.574227737109452,0.6111374114492036,1.1208653816999736,-42.17776483347437,-31.43857642636738,-8.140652424294895,-8.235208211418582,0.3886080782670147,12.195747996666856
2,0.7282231140927787,0.9021243745524985,0.42505277408998077,0.6966565896653822,1.566860461323231,-28.14290380705041,-15.4964740061746,15.803272568114874,-28.35026370650635,0.432465626253564,12.195747996666856
