,MAE,RMSE,NSE,alpha,beta,HFV,HFV10,LFV,FDC,training_time_minutes
1,0.2862316561092698,0.36886135589924696,0.3937976505915052,0.79188387994975,0.32756784537690875,0.8673344729834139,0.6647097138896488,-3.685716311249459e-14,3.659091076828257e-09,28.759381838333017
2,0.22698330375056613,0.2901868303620544,0.6248139379969775,0.9423363887192042,0.5361175105949861,0.8580716549721698,0.8122749328105695,-0.0013214955088338958,6.510105872943091e-08,28.759381838333017
