,MAE,RMSE,NSE,alpha,beta,HFV,HFV10,LFV,FDC,r2,training_time_minutes
1,0.41576356319304414,0.6117872649424656,0.7930628337170074,1.099390145997847,0.6901146016869225,-1.1340849670372686,10.934908155317066,-9.231644385037965,,0.14448525539327184,28.759381838333017
2,0.33219454305723156,0.6392403331684179,0.7740741258641453,0.8267926991716579,0.6873403956459893,-24.70215935583091,-20.847955808572753,-15.650669401942483,,0.19518917741484665,28.759381838333017
