,MAE,RMSE,NSE,alpha,beta,HFV,HFV10,LFV,FDC,training_length_days,training_time_minutes
1,0.17436059908902032,0.4939550645589276,-0.10910932120788375,0.20641838879813723,0.018889683790655216,0.06069136221714555,0.039561809347025134,-5.3455886713265695e-06,2.9646387976414974e-15,1731,2418.51423814
2,4.666921671220265,4.688846369734507,-98.93818929337527,1.090871820612285,27.497640695664142,2.8932296954216006,8.04294888357996,61.11036286944106,50.59639508956024,1731,2418.51423814
