,MAE,RMSE,NSE,alpha,beta,HFV,HFV10,LFV,FDC,r2,training_length_days,training_time_minutes
1,0.20091812497894804,0.5049335446752073,-0.1883810666145982,0.04554357665717404,0.002171882640067428,-99.22251449150993,-99.54739974793543,-99.68223237811299,-23.136070626404525,0.47497261827973436,1731,2418.51423814
2,4.665639968046913,4.677947252770783,-100.99947067362513,0.7681985725735058,24.208377022798647,140.7833402790753,472.2090427084491,1049.606706069042,-32.34267359019474,0.6369704167092032,1731,2418.51423814
