,MAE,RMSE,NSE,alpha,beta,HFV,HFV10,LFV,FDC,training_time_minutes
1,4.473059177034856,5.311058684919752,-231.85855355039234,8.643333176026418,-8.958743580405681,-0.0313124071198789,-0.1528918208885633,-47.984705691090525,-10.038575207690464,72.59711815166641
2,0.4136209223525625,0.5459408616639865,-1.46048769089326,0.1055437093183396,0.07912286635325674,0.06021975653003229,0.061246979358887316,-0.04430565064681224,0.12836511360462383,72.59711815166641
