,MAE,RMSE,NSE,alpha,beta,HFV,HFV10,LFV,FDC,r2,training_time_minutes
1,1.6743142206793273,1.9215734324931935,-23.262907210635234,3.030388211731465,-1.9610649700077092,0.42813666041003456,0.40629857448738493,-11.70458324771108,-2.4623284865344512,0.2687838264886768,72.59711815166641
2,0.2395011940723751,0.3091544514386048,0.37197074512316597,0.5465908123332108,1.0472139030285574,0.5618111981126763,0.5910794229449177,1.5495018978145905,1.4078404333790224,0.402993508269911,72.59711815166641
