,MAE,RMSE,NSE,alpha,beta,HFV,HFV10,LFV,FDC,training_time_minutes
1,4.3945282452910455,6.142777658089054,0.16340436586293194,0.9055912175901277,1.5137130168752653,0.7857331368831126,1.0550715229936036,2.4836178016286876,1.7567173488784584,13.949138240000078
2,9.433256273331294,10.561168230786777,-1.4729191804569375,0.991052187833531,2.5389975610652704,0.9560243445003549,1.3696501161255776,6.452206859175319,3.432252964039871,13.949138240000078
