,MAE,RMSE,NSE,alpha,beta,HFV,HFV10,LFV,FDC,r2,training_time_minutes
1,4.580285432932861,6.68842032038108,0.09709783629077373,0.7971860726323579,1.574746310835238,-31.733334313168626,-0.12250787176647955,33.615496376157274,98.64877274522063,0.4058771635339983,13.949138240000078
2,9.424983942812787,10.545429286554931,-1.244512901666393,0.7929940009668842,2.6626137266010415,-18.129629414529163,26.965918746450775,82.79168197177385,267.5570324839756,0.409801206283786,13.949138240000078
