,MAE,RMSE,NSE,alpha,beta,HFV,HFV10,LFV,FDC,training_time_minutes
1,,,,,,,,,,19.794427650000095
2,0.44815857237977064,0.6209943880970048,-5.129429528846491,1.3498261066030415,-8.976654124079024,0.042521326185736105,0.042600076479963854,-236.84087000921588,-55.73917778719749,19.794427650000095
