,MAE,RMSE,NSE,alpha,beta,HFV,HFV10,LFV,FDC,r2,training_time_minutes
1,8.746481727790524,9.235270248546087,-7267.065655315167,27.36785074615319,386.5705895505533,1599.0100765439183,6287.4282322664,16547.40931405944,-16.919523763558676,0.030373275809462696,19.794427650000095
2,0.2841664872137359,0.3380281979426595,-8.737007061833772,1.5009255482929735,-11.464687003342267,-91.76385560063578,-91.62492558370252,-231.50601963424364,,0.05993884700272911,19.794427650000095
