,MAE,RMSE,NSE,alpha,beta,HFV,HFV10,LFV,FDC,training_length_days,training_time_minutes
1,0.04772882211457013,0.06859220883172457,-0.6023709817591381,1.06575845103929,0.31172500687272864,1.1288715180376971,0.9048608140423543,-3.411088106100882e-05,3.01382629184501e-07,493,25.36444314999999
2,0.05051236186010633,0.07424533201685812,-0.8773783363199159,1.3921139951760921,0.6548573799100246,1.388079446344773,1.5513133944273454,0.0010259361450811707,0.003347197860857764,493,25.36444314999999
