,MAE,RMSE,NSE,alpha,beta,HFV,HFV10,LFV,FDC,training_length_days,training_time_minutes
1,0.105979952457454,0.27028705253788515,-0.16574848930561026,0.1166695410935067,0.024620284391424874,0.08177758742500069,0.04828265698177265,-1.0840650271326106e-05,-1.8755836464923354e-17,2246,736.1576187466667
2,0.08449526626655582,0.15780460115809325,0.6026312588979137,0.9567495396835214,0.9579958115727342,0.9363975154282453,1.3093644830919888,0.14192726472605088,0.21380567487307478,2246,736.1576187466667
