,MAE,RMSE,NSE,alpha,beta,HFV,HFV10,LFV,FDC,training_time_minutes
1,0.4939115960383778,0.8491501258700509,-0.5244075831220187,1.0690112602854895,0.46097575990535244,1.1096042234884327,1.1279049849301759,-0.7482480135002532,-0.09850422807304922,23.543839431666616
2,0.4004807564183059,0.7254152687372043,-0.11251411255593102,0.839385527607894,1.493858153337603,0.8215917776242203,1.1528196498895122,1.694951173461058,1.6342835759520677,23.543839431666616
