,MAE,RMSE,NSE,alpha,beta,HFV,HFV10,LFV,FDC,r2,training_time_minutes
1,0.5865214847570952,1.1625327265663434,-0.24372600513238973,1.0814806241941262,0.7210701751452541,21.765255927014326,39.32154145043,17.00130439588236,,0.32994349517405797,23.543839431666616
2,0.48033581703776873,0.9741381506330042,0.12671611866032595,0.7356194477423893,1.513033105677142,-16.713606924200832,12.899919042117272,41.13598784874686,10.912531737310537,0.5495660711970853,23.543839431666616
