,MAE,RMSE,NSE,alpha,beta,HFV,HFV10,LFV,FDC,training_time_minutes
1,1.0975720982932489,1.2479290465362916,-2.75664402837666,0.6729026831782903,4.154309243016143,0.615118877222352,1.2366828640803225,14.965057966179678,11.418301507050423,11.03263881666644
2,0.48695749274192685,0.6892218383038607,-0.14587783026883083,0.34449418373000373,2.023062268651856,0.37133212359569545,0.6852436344373175,7.381919975435509,5.100152071172639,11.03263881666644
