,MAE,RMSE,NSE,alpha,beta,HFV,HFV10,LFV,FDC,r2,training_time_minutes
1,0.9734451080245701,1.0600244684420201,-8.842059899866872,1.1993839032390257,6.232348864638422,-4.911178808594755,86.38274260905072,241.47449137103948,-34.15850949079511,0.08562620115923181,11.03263881666644
2,0.43576606242910065,0.5019789860737649,-1.2071167038533952,0.5904142463265323,3.07349309798468,-43.103539957154496,1.52521506421999,72.59388594920539,-35.08614267549323,0.09937075756051339,11.03263881666644
