,MAE,RMSE,NSE,alpha,beta,HFV,HFV10,LFV,FDC,training_time_minutes
1,0.04399652466407794,0.13941733355293556,-0.1359516137943566,1.902047743738741,1.456942436602438,2.198650363032161,1.8268566701250595,-0.0008446300475891898,1.2521395405906418e-10,10.73697283666673
2,0.05607687182093623,0.14983021740305766,-0.31197363470684136,1.9850314511116602,1.7883196371835748,2.170826255913564,1.9997740805801147,-0.0003685507731776287,0.07890360428234268,10.73697283666673
