,MAE,RMSE,NSE,alpha,beta,HFV,HFV10,LFV,FDC,r2,training_time_minutes
1,0.12599820975438375,0.348027138315775,0.6262021422572297,1.0420667361945646,1.431458544753452,-11.502130742222853,52.16308570959,47.633535932787645,,0.11218655062179794,10.73697283666673
2,0.1833420307916997,0.3911430616954054,0.5278479834528533,1.0717568792471512,1.757040873125381,-8.828392056176664,53.2101345736604,71.42493544405129,130.00956153933816,0.1726981694955556,10.73697283666673
