,MAE,RMSE,NSE,alpha,beta,HFV,HFV10,LFV,FDC,training_time_minutes
1,1.4806922427859797,3.6123416329275964,0.19535494353388216,0.5177703715923485,0.8773186031955971,0.45085310332003686,0.676399191698233,-0.5705710070741717,1.4963008144214502,26.28470283666684
2,1.2884859353735763,3.5486279038104733,0.22348894886805248,0.5570752830926137,0.7292694193310187,0.598967301148101,0.7327706285411838,0.41422411547842247,0.6868687954152914,26.28470283666684
