,MAE,RMSE,NSE,alpha,beta,HFV,HFV10,LFV,FDC,training_time_minutes
1,0.1166082819765199,0.17593832726352535,-2.35829923270189,1.322305973972129,1.7688951119941196,0.5450835626538023,1.0934166034871877,-1.3952893376061233,0.581240706660915,8.122277674999593
2,0.09005672293241274,0.1486255128394879,-1.3965428878701256,1.2105423759768552,1.6625743093428187,0.5178661280518725,1.0399501168634244,-0.9873611099204574,0.9130109406620072,8.122277674999593
