,MAE,RMSE,NSE,alpha,beta,HFV,HFV10,LFV,FDC,r2,training_time_minutes
1,0.25890413787038447,0.2660749124690154,-117.92389098974851,2.1184914516412467,17.213171218961918,100.95521519170147,367.37956872251334,739.2081051071831,-27.61738605311222,0.10797695108384453,8.122277674999593
2,0.24863872354067165,0.2540073877349749,-107.38119882669066,1.6754971877844682,16.57056268692435,90.85731168224491,343.87715610820175,697.5218886918291,-27.629508744883758,0.11578696409553813,8.122277674999593
