,MAE,RMSE,NSE,alpha,beta,HFV,HFV10,LFV,FDC,training_time_minutes
1,0.3624813941801741,0.7534719565594926,0.13469869218393082,0.5471013768471484,0.11720554475871524,0.45922592314395777,0.650350225934216,-11.170906151689035,-1.3059078130030966,18.046269750000405
2,14.215711149853737,15.605890115635418,-370.20196235266343,8.407370445770573,51.92364851162323,4.231469913150429,10.70001202227949,334.54502005122674,241.9004747740478,18.046269750000405
