,MAE,RMSE,NSE,alpha,beta,HFV,HFV10,LFV,FDC,r2,training_time_minutes
1,0.2795532042819636,0.6710401258511015,0.08757817838950821,0.6262616138722453,0.07134027093664332,-36.79789289744793,-6.645343834360688,-11.071995608285457,,0.13057711546169815,18.046269750000405
2,7.87622551396423,11.355884585578748,-260.30072988907426,12.63673296220579,45.04788468406718,451.3366677810261,1506.654624283716,3884.0859973837128,,0.2174594289047309,18.046269750000405
