,MAE,RMSE,NSE,alpha,beta,HFV,HFV10,LFV,FDC,training_time_minutes
1,,,,,,,,,,12.109556378333945
2,0.1455098429183705,0.15598624729523608,0.2573997318876382,1.4442179550167658,0.560867829624482,1.1657549399077505,1.151307953766401,-1.358990625739806e-06,0.0034138814263328975,12.109556378333945
