,MAE,RMSE,NSE,alpha,beta,HFV,HFV10,LFV,FDC,r2,training_time_minutes
1,,,,,,,,,,0.18713354116733383,12.109556378333945
2,0.14505450069020154,0.19157388132666284,0.8618342001081608,1.1270324481159812,0.8399671753933623,4.202983710367904,6.790122289440648,6.234757531061987,588.1709705730951,0.5178333239200352,12.109556378333945
