,MAE,RMSE,NSE,alpha,beta,HFV,HFV10,LFV,FDC,training_time_minutes
1,0.08594344627044209,0.1934738630124655,-1.5032719743894072,0.4407255604118567,-0.44078279192762876,5.4890705081150796e-14,3.804163478771619e-14,-469.7869120254167,-2.8940188042279896e-07,13.864005340000343
2,0.02327305911345627,0.047333433661977196,0.850169768214657,1.1074164289946038,0.809895111027283,1.3113472756172027,1.047147128371209,-4.813963651025407e-12,4.650383646985896e-16,13.864005340000343
