,MAE,RMSE,NSE,alpha,beta,HFV,HFV10,LFV,FDC,r2,training_time_minutes
1,0.13944097887098683,0.2891903501953176,0.0507004820038931,0.9217353256191252,0.3898667073609372,-4.746669237064945,-8.595408841034162,-44.21066863909193,,0.28128941889861725,13.864005340000343
2,0.042773462969414124,0.09164455464279807,0.9046657408183981,1.0357480543568847,0.8489652043805276,6.15433270456911,7.345360247187037,-8.621996690373727,,0.6274521754912714,13.864005340000343
