,MAE,RMSE,NSE,alpha,beta,HFV,HFV10,LFV,FDC
1,0.38844746159345217,0.4794906702661145,-1.5257208510598343,0.6226911577984516,0.24425841249193506,0.5640728981436354,0.4568854592403298,0.06512983456297762,0.013064976895985675
2,0.1868068988288194,0.26432873847445315,0.23243742070091722,0.5292486292777607,0.8105319308702627,0.6129271605184394,0.7025055549347616,0.9561522123249468,1.6699062943407754
