,MAE,RMSE,NSE,alpha,beta,HFV,HFV10,LFV,FDC,training_time_minutes
1,0.015036613336934396,0.02981817902864148,0.9300480966289311,1.0260328197305641,0.8590317908226899,1.1003771573167438,1.0173446671736732,-0.002637649456803353,-7.29459317645074e-15,11.42256384666689
2,0.017303720456202803,0.03675460003826345,0.8937177591579766,1.1326576305618818,0.9257200116063931,1.2447209255947536,1.1136049739447436,-0.002258881015132867,-3.7752114501011886e-15,11.42256384666689
