,MAE,RMSE,NSE,alpha,beta,HFV,HFV10,LFV,FDC,r2,training_time_minutes
1,0.0289660509023117,0.07261820478090895,0.932423164814797,0.9886178898251075,0.930865148137185,-3.2325812521746617,3.2634552416595835,-2.0635842324495566,,0.2664403241094482,11.42256384666689
2,0.028065527773814766,0.07097013463717494,0.9354556710096589,0.9770906762695916,0.9339896905881652,-5.04415017882901,2.7077483593705005,-1.8366383913844757,,0.32168384265302385,11.42256384666689
