,MAE,RMSE,NSE,alpha,beta,HFV,HFV10,LFV,FDC,training_time_minutes
1,275.1775119469905,279.374944356413,-175353.03986191464,72.35440873586283,1724.8359007028325,85.41892569026582,255.5205960237055,16208.978475360725,10796.949099160618,10.669794303333038
2,,,,,,,,,,10.669794303333038
