,MAE,RMSE,NSE,alpha,beta,HFV,HFV10,LFV,FDC,r2,training_time_minutes
1,272.65580224686124,278.01817013465455,-211585.4764302963,89.9285306225895,3140.6244793754554,11418.711943542989,41597.555604424364,114951.1439305768,-22.02201721667225,0.2798515049435498,10.669794303333038
2,8.687644277498048,8.732764144826117,-207.75890340182707,1.3434446595549046,100.92209185884884,292.54603224417787,1230.6046860442527,3518.9674111500517,-21.77052807068231,0.3775780374651829,10.669794303333038
