,MAE,RMSE,NSE,alpha,beta,HFV,HFV10,LFV,FDC,training_time_minutes
1,0.37296234127344224,0.4223066648478295,-0.4012974369854907,1.3888125697600984,0.45365627949042103,1.1426984733359729,1.0992445599473561,-9.99693058030545e-06,0.008554678389395094,16.487309258333458
2,0.32557513514433994,0.373531688404896,-0.09629985948514141,1.406966098598779,0.5377104814669627,1.1610370941015957,1.091728784358937,0.00339072236749867,0.1045788847929993,16.487309258333458
