,MAE,RMSE,NSE,alpha,beta,HFV,HFV10,LFV,FDC,training_time_minutes
1,0.033789568154728986,0.0739878356231445,0.5670521761799825,1.2592324371036085,0.8067005316999742,1.5294626920930583,1.136711384934889,-0.0013320451996849372,1.0451882306127946e-11,19.199285594999917
2,0.0432775674015417,0.08604522567816897,0.4144439520787133,1.0697379173328954,0.34699175245960634,1.272271990849801,0.8422999391893348,-23.039953917684805,-0.00012670927285809945,19.199285594999917
