,MAE,RMSE,NSE,alpha,beta,HFV,HFV10,LFV,FDC,training_time_minutes
1,0.023608453952528145,0.04776900450525456,0.8209585209749872,0.7718766876969689,0.5964956242879675,0.8877108178781075,0.7431316114821013,-8.075792107128903e-12,6.871492590959411e-11,11.000470216666388
2,0.026035318990064543,0.05272298699887553,0.7818971757525607,0.6355478655319643,0.602791453678508,0.7058108004027565,0.6379012468617291,0.003035717932907358,1.1466571349120922,11.000470216666388
