,MAE,RMSE,NSE,alpha,beta,HFV,HFV10,LFV,FDC,r2,training_time_minutes
1,0.04793452355898733,0.08079715636899022,0.8322715384327621,1.0535544815665228,0.7770931130215483,17.08683176191878,5.535893891090479,-16.609962174969084,,0.6160313127767689,11.000470216666388
2,0.03698064405448695,0.06291252923907167,0.8983075052499386,0.8414219276142457,0.785339103814827,-5.481868883381457,-18.319150149836663,-22.979373966735768,27.501048550686836,0.7307351857612423,11.000470216666388
