,MAE,RMSE,NSE,alpha,beta,HFV,HFV10,LFV,FDC
1,0.04621517754818582,0.0820355128819823,0.634957096502108,1.0268941830376364,0.6375147941704752,1.3926654011035904,1.039946603945827,-6.023199976612141e-11,1.5667490193261752e-08
2,0.08511163815076936,0.15813283515156737,-0.3563889082452629,0.027534526089500834,0.016623349440169074,0.03942261415963451,0.02587611590997442,-0.009339974492026669,1.8485593958808553e-11
