,MAE,RMSE,NSE,alpha,beta,HFV,HFV10,LFV,FDC,training_time_minutes
1,,,,,,,,,,41.198650901666646
2,2.9541639712866705,3.462644518196151,-0.8154727593040785,0.6869045574246578,2.385031338462829,0.8121955985718583,1.0510770918996672,14.804081018184391,4.441357135031574,41.198650901666646
