,MAE,RMSE,NSE,alpha,beta,HFV,HFV10,LFV,FDC,training_time_minutes
1,20.687406669950718,26.029612198894277,-8.88336467012935,2.5928834288746163,-5.758267759137288,0.5627589664463754,1.6535704463878131,-inf,-inf,162.7994727033336
2,7.063948124914299,11.791211683928088,-1.0280856711808655,1.1456519611259504,2.1561951485992017,0.7852679223271569,1.65658028297956,-inf,inf,162.7994727033336
