,MAE,RMSE,NSE,alpha,beta,HFV,HFV10,LFV,FDC,training_time_minutes
1,,,,,,,,,,267.4874991316667
2,673.2254613967749,804.8710904064129,-35.70075370723863,4.263443813285027,-1.6585735608409393,1.9137879517599283,1.3146851884497137,-7.953154415850189,-4.278178590952195,267.4874991316667
