,MAE,RMSE,NSE,alpha,beta,HFV,HFV10,LFV,FDC,training_time_minutes
1,,,,,,,,,,52.436232521666774
2,1.7690144324387107,2.6888407150880393,0.1063644268356575,0.8711288001319171,1.3410227229995184,0.885341816456936,0.9712948742208832,4.871030930320062,1.9426046250050935,52.436232521666774
