,MAE,RMSE,NSE,alpha,beta,HFV,HFV10,LFV,FDC,r2,training_time_minutes
1,,,,,,,,,,0.41754911795815586,11.83898102499999
2,,,,,,,,,,0.5019200341146058,11.83898102499999
