,MAE,RMSE,NSE,alpha,beta,HFV,HFV10,LFV,FDC,training_time_minutes
1,1.548301039414601,3.0800694011980005,-0.5192706942976366,1.0896405949752974,1.8804212489919105,1.0585379549324967,1.369101104903953,4.50076030302017,2.988043384518203,23.463087776667088
2,1.8759158643351856,3.1048448351215767,-0.5438103862945427,1.1640518151288402,1.740800112430982,1.0100280676560693,1.4001570722931387,-3.7085912866393698,2.9496830528370133,23.463087776667088
