,MAE,RMSE,NSE,alpha,beta,HFV,HFV10,LFV,FDC,r2,training_time_minutes
1,1.5726705812394626,2.9022622061355556,-0.23657222832302582,0.8507855695673612,1.7543421464068794,-18.346134963358445,20.824527994718515,48.881822513551924,-38.80701984906005,0.2353431806835372,23.463087776667088
2,1.6796007596991192,2.8141549884120147,-0.16263186165629917,0.9037184686531307,1.5907965558207082,-20.018440254663506,17.75504386810656,48.826487757832524,10.511715505886132,0.41915265553689085,23.463087776667088
