,MAE,RMSE,NSE,alpha,beta,HFV,HFV10,LFV,FDC,training_time_minutes
1,23.679853671391264,27.631927064259944,-94.75868965699712,4.9841691066916285,-26.68630627452389,0.06363927213382796,-0.1978450194181757,-3825.525831200653,-165.92832823670622,41.15807584833335
2,2.0409241139160903,2.959954634195872,-0.09881848465769938,0.5430946068310493,2.8173391369657406,0.5274227546890892,1.022502747747331,109.41108208812402,12.467997817331554,41.15807584833335
