,MAE,RMSE,NSE,alpha,beta,HFV,HFV10,LFV,FDC,r2,training_time_minutes
1,22.13548577382043,25.45627610154397,-97.93884661340972,4.869528488008011,-28.003623630808853,-97.49155919450779,-127.17138973704071,-404.0435911394998,,0.2505283757524237,41.15807584833335
2,2.088031998695087,2.819881297801861,-0.21405609089432986,0.6484427602860682,3.195982009882888,-36.59587886466613,18.150248434878495,93.63113687383246,-65.42622532118916,0.36858929084120173,41.15807584833335
