,MAE,RMSE,NSE,alpha,beta,HFV,HFV10,LFV,FDC,training_time_minutes
1,,,,,,,,,,21.01353430666665
2,1.5148419309907912,2.417025422993766,0.21370881842961453,0.6120208156040039,1.2611472820971639,0.6299825266366199,0.7787335200470997,5.4937407626125925,1.873032549669878,21.01353430666665
