,MAE,RMSE,NSE,alpha,beta,HFV,HFV10,LFV,FDC,r2,training_time_minutes
1,,,,,,,,,,0.2849696289189607,21.01353430666665
2,1.643108005338639,2.506764201957104,0.14254277163756346,0.5952594563168442,1.314160785698608,-39.81386427528878,-26.32302915491905,-5.252180134494586,-96.12840228512007,0.4010406671035891,21.01353430666665
