,MAE,RMSE,NSE,alpha,beta,HFV,HFV10,LFV,FDC,training_time_minutes
1,23.103730474178107,27.16113282319809,-44.16010978735139,3.567481609058325,15.603365346572224,2.1936223124533343,5.141941380594243,129.51208361699432,50.80678134956024,10.564587736666727
2,8.070811721654245,8.583355773933583,-3.5099679811618865,0.6464430703880191,5.907607525428979,0.7871228542473409,1.5610653881614138,112.78646763864043,20.03234620207785,10.564587736666727
