,MAE,RMSE,NSE,alpha,beta,HFV,HFV10,LFV,FDC,r2,training_time_minutes
1,19.176508025450488,22.799702465271892,-64.60588135766176,4.435397735980917,15.905304093003458,155.64248498614916,455.52745759021855,916.1992631447745,-59.672408048521575,0.2708186707423862,10.564587736666727
2,7.525239674463792,7.907155342023044,-6.890871244329177,0.9435302242404925,6.7361670111752465,-1.6639276451765654,87.68656397782016,234.7369997459069,-94.09152868150618,0.3770676638513516,10.564587736666727
