,MAE,RMSE,NSE,alpha,beta,HFV,HFV10,LFV,FDC,training_time_minutes
1,120.89648298907026,122.767994687048,-377.18830950489155,3.377842777562259,70.97260772020155,4.427863140022905,11.775573958926307,8196.911598180495,510.6043846932932,261.5638554016667
2,83.2363886499661,84.87586946792023,-179.76162971348592,2.6101294496759717,49.14704381987333,3.2357758073928116,8.431575373249869,5504.050807913269,354.6300865494128,261.5638554016667
