,MAE,RMSE,NSE,alpha,beta,HFV,HFV10,LFV,FDC,r2,training_time_minutes
1,121.24892831229877,122.97225765881612,-395.82464398960246,3.3079566102369653,82.66776416497767,378.80660195788244,1213.1138532690393,2895.615567664267,-99.26847162620226,0.6232803957811502,261.5638554016667
2,83.01839957322761,84.19346260564848,-185.0120523818518,2.2446149749799815,56.89569184973063,247.3557566538444,824.5387150531539,1981.6039663688512,-99.0092209922843,0.6402152461520845,261.5638554016667
