,MAE,RMSE,NSE,alpha,beta,HFV,HFV10,LFV,FDC,training_time_minutes
1,0.8910775870958505,1.5598745018846787,-0.13404355575425275,0.5899575245060228,1.676426840557633,0.4942981547951388,0.9664237085588119,2.0683741067120796,2.359873101523272,14.546584931666924
2,1.74135437805688,2.1178135153609214,-1.0903829190777303,0.5643829514912726,2.8666038193396695,0.5629964956668174,1.1961377563267086,6.15717767867273,4.637447344723563,14.546584931666924
