,MAE,RMSE,NSE,alpha,beta,HFV,HFV10,LFV,FDC,r2,training_time_minutes
1,0.9657785213679324,1.396772684161507,-0.6888201593041072,0.8044881267359818,2.5660024654572435,-18.71918870237191,45.57647351832102,106.06685598802362,-8.529740712255972,0.10332945813654659,14.546584931666924
2,1.790214784059193,2.0395946714837447,-2.600971427635068,0.7520869863233468,4.341471091699009,-12.217512878298521,76.35661904372382,178.0578592881762,-40.9241682577231,0.18220419189015702,14.546584931666924
