,MAE,RMSE,NSE,alpha,beta,HFV,HFV10,LFV,FDC,training_time_minutes
1,0.1596186117764059,0.1755738916272629,-0.12453150729862172,0.6396542400036285,2.2349809926856485,0.998641548372724,1.0251428957423823,19.78322710872555,4.931950621603927,91.74947144333322
2,0.05288631554428496,0.07329644222796748,0.8040173857111887,0.9725774870338566,0.7017825867573532,0.8530668708741866,0.9368131320333155,-2.5776608527557505e-06,0.0027849847799510546,91.74947144333322
