,MAE,RMSE,NSE,alpha,beta,HFV,HFV10,LFV,FDC,r2,training_time_minutes
1,0.12478124118558306,0.14647317726093367,0.7742850725694571,0.8027002717056555,1.3121645237685182,0.32153125619970097,2.8235142511721953,-5.5459670418219265,-63.333974900103165,0.6549777028755657,91.74947144333322
2,0.06482438629863671,0.0909947740353365,0.9128882017786863,0.9876631520936763,0.8288130204582548,-7.422547814146127,-8.060419312390215,-7.857736619128988,312.9961834711646,0.7480897736583965,91.74947144333322
