,MAE,RMSE,NSE,alpha,beta,HFV,HFV10,LFV,FDC
1,0.0424349908103863,0.055625343217906936,0.8505024365534848,0.9982002155361209,0.6665991916821112,1.0632319511112023,0.9938754704860238,2.0797182205126944e-06,0.019143565539138967
2,0.03845847760384441,0.050351570746515514,0.8775060178107691,0.9625605203787084,0.6807824935291826,0.9667200753895846,0.9539692877218628,0.0001412583498477457,0.06702712720048536
