,MAE,RMSE,NSE,alpha,beta,HFV,HFV10,LFV,FDC,training_time_minutes
1,0.7417800155674414,0.823785887357686,-0.8949593003952303,1.0010343975859097,1.3377048160824205,0.7630241661720536,0.8122542306054622,1.7458760437952676,1.546503070882203,29.003140556666768
2,0.4070511595754652,0.48345367702537795,0.347349121476494,0.7691417529633827,1.2644695773081238,0.9538406037817642,0.9355451335481096,2.003636410545294,1.2555311160742435,29.003140556666768
