,MAE,RMSE,NSE,alpha,beta,HFV,HFV10,LFV,FDC,r2,training_time_minutes
1,0.4903144373609626,0.5755155396275232,0.6951246582604436,0.7613850627934957,1.145749725543747,-8.164017065381099,-5.826985154925408,-7.672577158558148,1294.093022742898,0.3491766704704323,29.003140556666768
2,0.294707541983202,0.34924001944124655,0.8877319450958914,0.8671863840079034,1.098671929113163,1.541785774351405,-0.11076304724691712,-2.1831276042342473,762.2589060039109,0.5511053841868883,29.003140556666768
