,MAE,RMSE,NSE,alpha,beta,HFV,HFV10,LFV,FDC,training_length_days,training_time_minutes
1,0.675119511015715,0.8841667108704583,-5.305400114718977,2.1150234176162446,2.464777088233278,1.632602446455154,2.0559825397553415,1.8799105757567343,3.249504841174307,623,62.495955616666684
2,1.0332617171291527,1.106662525381765,-8.87813003271465,0.9854635346399876,4.045209751112175,1.6678864226062986,1.9884203127591413,19.775624116546496,15.23512545200088,623,62.495955616666684
