,MAE,RMSE,NSE,alpha,beta,HFV,HFV10,LFV,FDC,r2,training_length_days,training_time_minutes
1,0.23786263429929716,0.3261869355593502,0.810006507384156,1.0817310357011418,1.145198681912506,2.6581013843169288,-2.494462197101259,15.461284416248283,62.96187242260097,0.08091935548321894,623,62.495955616666684
2,0.806982788476564,0.8880567292336329,-0.4082735417538299,0.4983634068266678,2.0915396493901026,2.8029265397294596,-8.205133405462727,13.4447265869675,-100.95079420556092,0.11662835280716,623,62.495955616666684
