,MAE,RMSE,NSE,alpha,beta,HFV,HFV10,LFV,FDC,training_time_minutes
1,0.024107323537142795,0.04828719867227865,0.9227312818685187,0.9495180529260813,0.7751606335399565,1.0390385946058267,0.93560080579631,-1.3788927392986452e-11,-3.4438032721618243e-15,18.171758816666625
2,0.019658800956619968,0.04016330340062322,0.94654374408797,1.0218610722815056,0.9057903565545761,1.1206872060093085,1.0084102854378423,-0.0005249766216874948,9.136015195423437e-10,18.171758816666625
