,MAE,RMSE,NSE,alpha,beta,HFV,HFV10,LFV,FDC,training_time_minutes
1,1.6077731397212836,2.1873046875601094,-0.06834125253436008,0.9686290023585897,1.243974077553695,0.6906507953893402,0.9993769590116008,0.9395717336772076,1.1890823266482302,327.6313336050002
2,1.5747037122040475,2.324910345474726,-0.20699049792561297,1.0486432265745864,1.0727099325790794,0.7847929535305564,1.0081076660109944,0.6733174743017036,0.8362702522073984,327.6313336050002
