,MAE,RMSE,NSE,alpha,beta,HFV,HFV10,LFV,FDC,training_time_minutes
1,1.171257833474756,1.9825276725192575,0.2622414411209041,0.7393202821364856,1.0139052894657328,0.724928404767901,0.8265664700356616,2.198976828682,1.3176505061486612,14.901268938333184
2,1.2682921371472733,2.079829059537817,0.1880467502734401,0.785095992902727,1.1060880245334157,0.7584801064923071,0.897054418509944,2.642185922303552,1.4007204298815452,14.901268938333184
