,MAE,RMSE,NSE,alpha,beta,HFV,HFV10,LFV,FDC,r2,training_time_minutes
1,1.3549624764938621,2.5552110877213847,-0.05671212343061849,0.9650177333656723,1.1338254803677712,2.4545289118375853,-0.1769308963735819,3.1610748088230016,-45.83846809108945,0.39250518432009174,14.901268938333184
2,1.6009426900408714,2.9620868557594964,-0.42003386419221367,1.1013869760014112,1.3321342610264277,14.051346498014764,20.3296184229275,23.09983792408325,-47.04957254672177,0.572638411362409,14.901268938333184
