,MAE,RMSE,NSE,alpha,beta,HFV,HFV10,LFV,FDC,training_length_days,training_time_minutes
1,0.22056530485603051,0.31276569217486117,0.32054272276623996,0.84001136791375,0.40854041987693107,0.870181202601102,0.7870351171296834,0.0031967025911593923,0.009149745498889177,457,195.210194045
2,0.18417666422593176,0.2852400497281708,0.4348744476738057,0.8926944410043611,0.687821163211148,0.8758620301197432,0.93132270489161,0.2070933938935998,0.3056860314938133,457,195.210194045
