,MAE,RMSE,NSE,alpha,beta,HFV,HFV10,LFV,FDC,training_time_minutes
1,0.40079201050388774,0.7721501550615644,0.6249627498949436,0.63818548810629,0.7559666078444582,0.5654977017137703,0.6579603223376801,0.10500111777045955,0.7633494451675461,9.44933000500023
2,1.1199853420457153,1.260400377485119,0.0007183124366286764,0.5403101872980566,2.189216698917828,0.655829167709636,0.8088361711719946,10.369738087424986,6.098090277143773,9.44933000500023
