,MAE,RMSE,NSE,alpha,beta,HFV,HFV10,LFV,FDC,r2,training_time_minutes
1,0.3159538501310024,0.5597086670947465,0.5216572664840253,0.9310364647802238,1.00748552261973,-10.867546939338014,-5.517984965003003,5.932723864595862,107.36587681400594,0.24206436390734298,9.44933000500023
2,0.7039080995155724,0.860341434024016,-0.13020388287592022,0.8852612746219458,2.117019748228952,-13.393388847907762,1.670049984669819,50.11772448708074,-7.351407989169104,0.38952631741697086,9.44933000500023
