,MAE,RMSE,NSE,alpha,beta,HFV,HFV10,LFV,FDC,training_time_minutes
1,0.17311861772559056,0.2623618989976958,0.5023711881725965,0.8178571817630348,0.5830907044574257,0.6987173495075387,0.7467454970629607,0.00020120015805194755,0.06740724701261187,25.452130784999948
2,0.13018337131071944,0.29687915330203174,0.3628181575555407,0.4382921048883211,0.7765457087741955,0.4993444281242007,0.45183077009151495,1.1732993848139053,1.2549091688424534,25.452130784999948
