,MAE,RMSE,NSE,alpha,beta,HFV,HFV10,LFV,FDC,r2,training_time_minutes
1,0.27022236204008127,0.4005367097092298,0.4378967283241786,1.2073096250868547,1.0902930978407164,14.354523376107705,6.920220739508217,20.851071364656676,262.7378080743618,0.24673530425582146,25.452130784999948
2,0.3998920653015787,0.48814769939697505,0.16510097286878345,0.6438320978037066,1.4317794880651935,-25.07497951348189,-28.28142831056332,-2.638792783338375,-26.65855201217802,0.5506204059397773,25.452130784999948
