,MAE,RMSE,NSE,alpha,beta,HFV,HFV10,LFV,FDC,training_time_minutes
1,1.2199437583748185,2.202564338225744,-0.017989781194747367,0.9623417259482963,0.907579991659223,0.9133241512631396,0.9983287731968689,0.8260501677042482,0.7312839405841883,14.837036943332835
2,1.203052960548894,2.1913816808988384,-0.0076791335390946625,0.9551460669854568,0.9372424290896662,0.9142851160929627,0.9984496844614452,1.0504800698691479,0.7949731785795604,14.837036943332835
