,MAE,RMSE,NSE,alpha,beta,HFV,HFV10,LFV,FDC,r2,training_time_minutes
1,1.3150433762362932,2.749592741212446,-0.16604340045106025,1.0919126163512638,0.9746993108056523,6.836694947426965,10.64591993871555,6.745139080517423,47.372208137590306,0.35116507299589705,14.837036943332835
2,1.2969634932143106,2.7302506294806395,-0.14969595100226307,1.0805620321829246,1.0013420835824085,6.288766515305919,10.02934884058011,6.879450791885337,19.552694522415496,0.3525951113829947,14.837036943332835
