,MAE,RMSE,NSE,alpha,beta,HFV,HFV10,LFV,FDC,training_time_minutes
1,,,,,,,,,,17.328322890000223
2,0.5501908099562111,0.683863495719471,-1.9063636668117252,1.5046752582536467,-0.48853497415069297,0.7388451351440465,0.7787716353950068,-10.75164665098872,-1.410977596425459,17.328322890000223
