,MAE,RMSE,NSE,alpha,beta,HFV,HFV10,LFV,FDC,training_time_minutes
1,0.18482912723090306,0.3230341860211501,0.03190663557375506,1.4827664508955034,0.7530793785045435,1.6456630540295432,1.312182990173947,-2.2884143756193716e-05,9.753875732689111e-11,99.28747660833324
2,0.4768529492402532,0.5615310696163377,-1.9252827798594159,1.5558114298214798,2.5597894896481486,1.9777531584398311,1.7105148394212952,7.323765557624538,3.8666295574406666,99.28747660833324
