,MAE,RMSE,NSE,alpha,beta,HFV,HFV10,LFV,FDC,r2,training_time_minutes
1,0.2759353517710854,0.5639243264426588,0.7384743321766185,1.050150179604061,1.0538325127412977,-14.012761491380797,36.90025107256263,28.125620801746575,,0.20085433700561162,99.28747660833324
2,1.3889206436846242,1.516708228960316,-0.891806646283789,1.0338357276336017,3.5240502781177536,-4.502297179675052,74.91540903612783,130.65141086339108,-48.77672379345528,0.2754171955422027,99.28747660833324
