,MAE,RMSE,NSE,alpha,beta,HFV,HFV10,LFV,FDC,training_time_minutes
1,0.42645968962679076,0.785522741877857,0.7620552781964547,0.7989473864275546,0.8508672770108872,0.7267691162836627,0.8179411110692214,0.9552484374794264,0.7824735249668475,9.150255961666698
2,0.5196762803145446,0.8671584284917,0.710028410648959,0.7428911532800091,0.8543611001340877,0.6874410758293179,0.7523481052078892,0.7818855149719484,0.8965038136819354,9.150255961666698
