,MAE,RMSE,NSE,alpha,beta,HFV,HFV10,LFV,FDC,r2,training_time_minutes
1,0.3617345670635186,0.6135569563248128,0.7340469855540643,0.9130603840428462,1.1647640202018268,-12.205139147356611,-2.6155622104897303,8.58382070830598,-8.43274640252002,0.2958497548810477,9.150255961666698
2,0.4339192361376057,0.6682996954344611,0.6844721669483252,0.8971824226297005,1.082586840362597,-17.889119539716802,-9.134531356376183,9.103230417075146,34.4163328579083,0.33662057879843765,9.150255961666698
