,MAE,RMSE,NSE,alpha,beta,HFV,HFV10,LFV,FDC,training_time_minutes
1,1.7888777133982279,2.4725265094305238,0.11154290656421362,0.731617746681019,1.5831295538651597,0.6536777879844798,0.9041189655796826,5.414004971624174,2.6499112588343423,67.73421470333336
2,45.58632452660441,52.85692244624898,-405.0301578958658,10.140034706752136,26.217647852181404,6.272798705514515,11.36977054086928,82.42671930340909,50.42294681596382,67.73421470333336
