,MAE,RMSE,NSE,alpha,beta,HFV,HFV10,LFV,FDC,r2,training_time_minutes
1,1.9854638930289723,2.7326663189252667,-0.06900585957680394,0.7709958916093367,1.603989762253708,-27.12589560787672,-6.374926017844258,21.869282715187225,-73.56361309193778,0.27782957958479515,67.73421470333336
2,36.15677366747698,43.68820269063726,-272.2343111727796,9.55319422613868,20.22055815705015,478.1091274536765,897.3514433309381,1464.881682060302,-19.973073746524005,0.457446433996595,67.73421470333336
