,MAE,RMSE,NSE,alpha,beta,HFV,HFV10,LFV,FDC
1,0.10722768732509035,0.1704862022416921,0.4088189423584474,0.8405411895115203,0.4430693356397561,0.9847270973446197,0.7637521986079766,-0.0005729837090515721,3.0144307239296772e-09
2,0.08045408327412164,0.14935321177595662,0.5462975026090954,0.8440841914089127,0.5643990613818963,0.9361268613304582,0.7880014258785473,0.0024649564667242685,0.05629304063901864
