,MAE,RMSE,NSE,alpha,beta,HFV,HFV10,LFV,FDC
1,0.20491711323189188,0.232149552749999,-0.5803247366988558,0.6571489637202427,1.954925931975849,0.9674855728537987,1.0481681663602043,5.203600877998829,3.4880677290179793
2,0.17657772124342375,0.20035712421216048,-0.17711857924604235,0.6595795554882581,1.8213348284636646,0.9668515473647712,1.0441833142963433,4.842554903050461,3.1229874584586925
