,MAE,RMSE,NSE,alpha,beta,HFV,HFV10,LFV,FDC,training_time_minutes
1,43.32015973279682,44.49564914887924,-285.9491837036882,3.821510521814608,35.749900549916966,3.965628720384588,6.275259874173115,330.6801390102402,221.7198570579069,4.841177465000268
2,25034.151636344104,27124.18950930164,-106630988.53295307,3974.9484739839822,20082.51135823004,2270.570475351723,3773.2474767688436,132979.18301455665,138614.79486960365,4.841177465000268
