,MAE,RMSE,NSE,alpha,beta,HFV,HFV10,LFV,FDC,r2,training_time_minutes
1,43.67222905709457,44.807193391101286,-444.1948060403857,4.706968082517085,44.11848512622003,368.9294031913615,701.9675538883426,1685.8304864759957,-74.81188858562854,0.43953468924044015,4.841177465000268
2,24694.356658709832,26910.695143221263,-160584800.1763943,5036.076199955781,24382.243487666175,266369.4688714156,481048.09718272655,1095280.0415661905,-74.35548654966449,0.4686787964220427,4.841177465000268
