,MAE,RMSE,NSE,alpha,beta,HFV,HFV10,LFV,FDC,training_time_minutes
1,0.23105801371409584,0.3027901253317877,0.5396123894751339,0.9909706406817879,0.5724677190345736,0.8533100744875526,0.8736344995924984,0.00015846636167558248,0.05734431196957848,69.33152939166672
2,0.15354212081794177,0.2612731945403511,0.6572085958175011,0.9038271589023421,0.8451203313389044,0.9327019996532162,0.815595853149913,0.3471949670264794,0.8586634980216491,69.33152939166672
