,MAE,RMSE,NSE,alpha,beta,HFV,HFV10,LFV,FDC,r2,training_time_minutes
1,0.3584717913519743,0.5213536962174088,0.6574220343459531,1.0520888388497536,0.9887858963506018,0.7904422339956546,0.9931051116067292,0.005842605149592166,0.739402295324248,0.2005034390582232,69.33152939166672
2,0.49399742825026177,0.6905231890781045,0.3990324152645961,0.9633029272768955,1.452948377023432,0.7504283263645818,0.9531830189046265,1.0381624656709658,2.3544907398319626,0.3674355230141042,69.33152939166672
