,MAE,RMSE,NSE,alpha,beta,HFV,HFV10,LFV,FDC,training_time_minutes
1,,,,,,,,,,2100.256286905
2,1.6843106962408148,2.3665741726198104,-0.13745419168923756,0.8130425735277573,1.6546641107179654,0.8539198056791831,1.030922826301955,5.927005784376389,2.245851123338231,2100.256286905
