,MAE,RMSE,NSE,alpha,beta,HFV,HFV10,LFV,FDC,r2,training_time_minutes
1,36069029.967158645,39628309.167180695,-316555855531035.06,7369549.999722354,23829044.497080665,353102934.5097381,740471601.4316019,1303172652.7881773,-152.69382753890142,0.342619123141095,2100.256286905
2,1.8612122251047316,2.618476767817077,-0.38209124618090984,0.8799844907589663,1.9344597755181034,-11.13630580569748,18.248086953791915,45.60614320888487,-79.83701152117533,0.5039013765077462,2100.256286905
