,MAE,RMSE,NSE,alpha,beta,HFV,HFV10,LFV,FDC,training_length_days,training_time_minutes
1,0.1684462500428755,0.27248342907085216,0.34069517002301775,1.05602267066373,0.47222244301474575,1.2240405747129055,1.0310440711240485,-5.797614102968307e-06,5.3341061962254144e-06,1457,1223.1589981516668
2,0.14616589362861857,0.25145442147779234,0.4385325056438202,1.111616383825496,0.820298988092841,1.3008723304854446,1.4072529856554346,0.04344844828968742,0.10235174436661802,1457,1223.1589981516668
