,MAE,RMSE,NSE,alpha,beta,HFV,HFV10,LFV,FDC,r2,training_length_days,training_time_minutes
1,0.2218035657191935,0.31483986691870186,-0.09271279477274641,1.1542052444217448,0.47288447539063244,8.348848787563327,8.550036366770232,-20.787855086738674,434.30961034071964,0.5535461402264312,1457,1223.1589981516668
2,0.18466158493836862,0.25062569444060534,0.3075669723199218,1.1698015993614086,0.6683808486700227,4.334666742599611,20.751052590142994,2.240438707899224,139.6692424622132,0.6789404985458947,1457,1223.1589981516668
