,MAE,RMSE,NSE,alpha,beta,HFV,HFV10,LFV,FDC,training_time_minutes
1,0.17125303892869898,0.6059169889936367,0.08309352278973292,0.3548151656068083,0.7471488996430661,0.33196508222931775,0.6087755600086836,-720.1833190899068,-4.225555737158793,13.788318136666687
2,8411.209784700755,13141.460314869231,-431306532.75430936,15956.738561788705,71271.83998696697,6947.7788448219235,23654.09335447283,82956.01294423781,830886.2694393334,13.788318136666687
