,MAE,RMSE,NSE,alpha,beta,HFV,HFV10,LFV,FDC,r2,training_time_minutes
1,0.09703823495365058,0.25423541910944686,-0.328358818940063,1.0126350558469468,2.007402997584269,17.55386791262359,130.61860563972124,172.86874205682236,,0.2250529167594889,13.788318136666687
2,9735.29552596646,14261.445311734014,-4179943155.1881685,47245.715548456814,353953.1678070984,2324509.9457183625,9560480.364705484,27353103.403199587,,0.3590959571483404,13.788318136666687
