,MAE,RMSE,NSE,alpha,beta,HFV,HFV10,LFV,FDC,training_time_minutes
1,0.021622495878059738,0.03352189981981163,0.9286647270879229,0.8282086405306933,0.7046172020020722,0.8424235501047534,0.8257565476388328,2.1752481820991075e-11,0.0005931039141987052,11.462993458332495
2,0.013895038570563874,0.02132003226891072,0.971144885980596,0.9479148742880406,0.8461888696924729,0.934217070807453,0.9388327045621812,-3.5135997235953857e-12,0.00029671421215050073,11.462993458332495
