,MAE,RMSE,NSE,alpha,beta,HFV,HFV10,LFV,FDC,training_time_minutes
1,0.17163629910498204,0.2772824416183539,0.30927927865692606,1.2058831025626908,0.6209538718630163,1.3272019584631285,1.076383993386343,-7.662101099447416e-06,2.4839842591319156e-09,22.810981298333324
2,0.22141837801422778,0.3132319181511146,0.11856606709958972,1.0003819560169196,0.2916309635346766,1.1035533023572948,0.8108079059993818,-1.871381834944471,-0.08858200940535028,22.810981298333324
