,MAE,RMSE,NSE,alpha,beta,HFV,HFV10,LFV,FDC,r2,training_time_minutes
1,0.23771850312421444,0.4712290176393475,0.7322443861590604,1.0483985662178685,0.9353175278923772,-7.969514249638425,29.188708113102546,16.03179001926127,,0.2030692146883477,22.810981298333324
2,0.35992565034063834,0.5033359797040561,0.6945145814353537,0.8893571224873172,0.4406204123617353,-20.47195490318205,1.3314503866312168,-24.858521506357075,,0.29384974629808325,22.810981298333324
