,MAE,RMSE,NSE,alpha,beta,HFV,HFV10,LFV,FDC,training_time_minutes
1,0.3442229983494367,0.50268752001043,0.6661392286637968,0.8401072311174321,1.2388314858980212,0.6352365222046581,0.8569818861635744,0.8298000022385424,1.7568547035561866,13.227789524999995
2,0.8352063257433985,0.9114693439750959,-0.09762330226523264,0.8136376506598085,2.092051810878486,0.787868508824335,1.046823325437048,3.634992539307097,3.9328872100631713,13.227789524999995
