,MAE,RMSE,NSE,alpha,beta,HFV,HFV10,LFV,FDC,r2,training_time_minutes
1,0.3714341040958388,0.5516031730390104,0.5272938312508452,0.7845983864547518,1.3908413429871154,-42.216792781884585,-10.860034943288948,26.58184988286213,44.83284125417536,0.2769934164177238,13.227789524999995
2,0.8150489432458786,0.8968950453493948,-0.24974384951704232,0.7310448764133404,2.354554778857484,-30.03277055875878,7.692475280213293,61.25752596354925,-18.458600239154897,0.2902202347442493,13.227789524999995
