,MAE,RMSE,NSE,alpha,beta,HFV,HFV10,LFV,FDC,training_time_minutes
1,0.06198803108753347,0.08010465778078911,0.7222693617879626,1.0684884890075843,0.6067318279545763,1.1870906589579433,1.0137039430701313,-5.55395608145659e-13,3.0478376587371464e-06,30.255685453333232
2,0.040748945072982115,0.05548561037743102,0.8667494564672535,1.0679737499310296,0.7561338080414125,1.140071701397622,1.0220375669785882,0.004399600884970557,0.18259938473401,30.255685453333232
