,MAE,RMSE,NSE,alpha,beta,HFV,HFV10,LFV,FDC,r2,training_time_minutes
1,0.10660761194921217,0.1329852051388735,0.8416138131654931,1.142075059303233,0.7641104844290589,6.966918558976914,15.062175021775957,-4.407540445499488,780.7065354349419,0.5230559422703109,30.255685453333232
2,0.05002388918267835,0.06459236075832085,0.9626343136929623,1.066710314324461,0.952257189897204,-5.232716525117896,4.964883005179373,6.3599814507239705,105.17963309202466,0.7257982059395527,30.255685453333232
