,MAE,RMSE,NSE,alpha,beta,HFV,HFV10,LFV,FDC,training_time_minutes
1,13.754572855941408,18.267761469761687,0.5193205254544617,0.6511799103024335,0.9322172927410759,0.7809488478156327,0.78046496319997,1.024524429794335,1.00036927539532,76.5850627033331
2,,,,,,,,,,76.5850627033331
