,MAE,RMSE,NSE,alpha,beta,HFV,HFV10,LFV,FDC,training_time_minutes
1,2.306142476147267,3.2454012879911556,-0.18159095188736685,0.7724903694507733,1.973628894227496,0.6839634881184451,1.0220532006517289,8.893521370632135,4.2236883466937565,11.04274596166603
2,4.067304826889223,4.655584802486527,-1.4315255194886731,0.7446795579357683,3.238491803723429,0.7476473278025308,1.2254588288318036,25.181476051734485,7.870979895296294,11.04274596166603
