,MAE,RMSE,NSE,alpha,beta,HFV,HFV10,LFV,FDC,r2,training_time_minutes
1,2.394477167179403,3.33174916128424,-0.21753106073181216,0.8037853027965781,2.032915558322816,-30.304740102061487,3.972813937798083,47.69945793450911,-63.339807402756655,0.25160089867852653,11.04274596166603
2,4.2020997482239,4.7589263829609685,-1.484010507332278,0.7986967553457205,3.321295430142173,-22.865784120960797,25.08135694023866,97.10594902931494,-95.64073768718208,0.40656523800559974,11.04274596166603
