,MAE,RMSE,NSE,alpha,beta,HFV,HFV10,LFV,FDC,training_time_minutes
1,1.1707045088703933,2.317912907391937,0.15970998911530043,0.737306511020592,0.979811685176072,0.7000473589023948,0.8473477632155424,1.3775900149882678,1.1485728839134897,19.21370905333315
2,1.9156022087901607,3.062115334745233,-0.4664864746502926,0.8366799825650417,1.4056948388616728,0.6789538049313231,0.8955184782221176,2.394910496985968,2.3489303968166624,19.21370905333315
