,MAE,RMSE,NSE,alpha,beta,HFV,HFV10,LFV,FDC,r2,training_time_minutes
1,1.383452058262458,3.3616029716063722,-0.19393194342672082,0.9851365809185971,1.0273971055109066,6.854647815705169,4.272151092846997,2.5328616151923473,-4.025946852731072,0.4102137028666104,19.21370905333315
2,1.988303093046607,3.6674281302568947,-0.4210519586118675,1.0051550704084218,1.406283308943636,6.554267136140179,10.812049996851096,22.256389677934006,-75.9393381494098,0.6029398309725995,19.21370905333315
