,MAE,RMSE,NSE,alpha,beta,HFV,HFV10,LFV,FDC
1,0.032014163113395645,0.07931609706206934,0.6888877356325054,1.156992722950098,1.045419671408358,1.2665396640363857,1.1817712553122044,-0.017777667967264654,0.007020506036305182
2,,,,,,,,,
