,MAE,RMSE,NSE,alpha,beta,HFV,HFV10,LFV,FDC,training_time_minutes
1,0.11787193214953053,0.2019969477240105,0.7590891615822317,1.0426604620177353,1.5592632269973865,0.9538505221778326,1.0329561633951263,29.783574853905776,111.23932550727021,31.22349352666691
2,0.09769329212418418,0.18032162139702645,0.8080171951394419,1.239486328711226,1.5104007419003784,1.1545979780686324,1.2255523500520256,0.005111945081663295,5.896600327294609,31.22349352666691
