,MAE,RMSE,NSE,alpha,beta,HFV,HFV10,LFV,FDC,r2,training_time_minutes
1,0.18733401703800506,0.26386832596764337,0.8996269959697968,0.9243631782614475,1.1528020138031623,1.125963383589667,0.9702456714184106,74.75502878519269,5.851339114690481,0.7347200489367616,31.22349352666691
2,0.11760704463773029,0.1918916150618822,0.9469171300949291,0.9784138372422477,1.1105859160130347,1.0272095497896483,0.9811489488213941,0.43449559545796,3.6771641969632127,0.8593842376772959,31.22349352666691
