,MAE,RMSE,NSE,alpha,beta,HFV,HFV10,LFV,FDC
1,2.656056913896692,3.473895624843689,-1.7223531625559434,1.5278702853065302,3.023534677431655,1.2638068204165074,1.8126754465885468,2.338621545592197,5.701059225450133
2,1.9215301523418387,2.836870377938757,-0.8154735160451907,1.5808657332541627,2.28370243779468,1.4003980619480976,1.7514105042875279,0.5818752993609566,3.4409556690671477
