,MAE,RMSE,NSE,alpha,beta,HFV,HFV10,LFV,FDC,training_time_minutes
1,0.051164040388564896,0.06024581566330473,0.7260485844135774,0.9831739589871079,0.49472191498201273,1.0900731769625622,0.8765287662871651,-4.1926832759730735e-07,2.9265311509563893e-09,50.63167754833339
2,0.03762457957623586,0.0469333510216905,0.8337418670416051,0.9092114904037774,0.621077262583313,0.9374922477553659,0.8380695802124113,0.0026958883590671194,0.14261521006480382,50.63167754833339
