,MAE,RMSE,NSE,alpha,beta,HFV,HFV10,LFV,FDC,r2,training_time_minutes
1,0.08982508973709598,0.10947366282006822,0.7611383490301307,1.1985346542939614,0.6808593994590139,1.1570919307121554,1.1523776829295789,-4.567737994836228e-07,0.10988864781565319,0.6219662023248236,50.63167754833339
2,0.042146652841130866,0.04882644022742685,0.9524842863525281,1.0357485365691081,0.8547460463904006,0.9611773718162392,0.9654612494137778,0.019268854149195967,0.74849428058909,0.8885467351774592,50.63167754833339
