,MAE,RMSE,NSE,alpha,beta,HFV,HFV10,LFV,FDC,training_time_minutes
1,71.59617418661418,81.85408659140424,-498.5671176410662,10.822775824363616,-33.243850101535294,-0.06300827060601252,-0.798338773253046,-549.5236884838212,-79.89714197566586,74.98025983333306
2,9.55874893142853,9.969513681604704,-6.4107311649148535,0.7816962088861235,5.434455835258777,1.0170689683515202,1.7916631177025775,41.1121063994326,11.807207264090252,74.98025983333306
