,MAE,RMSE,NSE,alpha,beta,HFV,HFV10,LFV,FDC,r2,training_time_minutes
1,61.214282942657874,71.46685167049661,-379.6672784651513,10.002827644760174,-28.67636090963757,-102.41663184038718,-157.29397238626734,-453.18884517092533,,0.30508183652607224,74.98025983333306
2,9.445955147240486,10.05222437496154,-6.531137795375127,0.9709337994989029,5.461215619462551,8.060392069559748,86.43765322985176,203.8364897614536,-142.24930205595544,0.4832020971290111,74.98025983333306
