,MAE,RMSE,NSE,alpha,beta,HFV,HFV10,LFV,FDC,training_time_minutes
1,0.06285047350066651,0.13417190852560007,0.6033153653154727,0.5808978068998356,0.42743210312756846,0.6901327539299806,0.5587700190223053,1.4597837381231803e-09,0.004088600001992429,12.095133583333032
2,0.08459479967453834,0.19275950581740056,0.1812453259739163,0.20422558472934355,0.20433239990401522,0.2141151014292375,0.20562934905739336,-0.0021099296855516705,0.012458303909174497,12.095133583333032
