,MAE,RMSE,NSE,alpha,beta,HFV,HFV10,LFV,FDC,training_time_minutes
1,5.944257995235686,6.3009374848505,-2654.056531234627,17.662020825972252,-98.65139870425803,-0.285854122788406,-1.6912331823796654,-37316.349681643034,-24465.66710499297,9.97807821833315
2,0.023252350511817923,0.047077383620463105,0.851786395999605,0.9994909189029704,0.7139589738224518,1.202518265966356,0.9335882966397895,-0.01083786816588103,-3.776359386688651e-15,9.97807821833315
