,MAE,RMSE,NSE,alpha,beta,HFV,HFV10,LFV,FDC,r2,training_time_minutes
1,16.57482355233454,17.44914375179112,-3455.0809569674484,18.848691199421477,-111.79404394262555,-103.9824282240544,-570.4787335268816,-2156.494363781888,,0.11061856390783642,9.97807821833315
2,0.05034066543478828,0.10357549243472143,0.8782273717732975,1.0451639869624727,0.8373799197420728,8.29282219970863,11.303614447125618,-9.268960086617092,,0.5278128159911496,9.97807821833315
