,MAE,RMSE,NSE,alpha,beta,HFV,HFV10,LFV,FDC,training_time_minutes
1,1.5471776450459382,1.902125951207007,-0.7756204557900452,0.44671763589826485,2.0758711208140372,0.9673620950561882,0.9894653152672388,22.451939593309458,4.763265022279681,12.93777428333342
2,2.0017732095441576,2.284627493730442,-1.5615473947946694,0.7438932437696848,1.8125150446693348,0.7973700435423215,0.8330438221267492,9.499428600817309,5.274209407021395,12.93777428333342
