,MAE,RMSE,NSE,alpha,beta,HFV,HFV10,LFV,FDC,training_length_days,training_time_minutes
1,0.35199655729668405,0.559833715357978,0.046738730382427596,1.606500633946137,0.9833588364210865,1.4825196533445626,1.4928494147944875,0.19303856825260043,0.4148753724113919,468,37.13527129000043
2,0.5124439079168268,0.7425137074026367,-0.6768831455409317,1.8637317497136177,1.1801273600749203,1.5222178370986674,1.7873067464031132,-0.08508360805450227,0.3815589380586274,468,37.13527129000043
