,MAE,RMSE,NSE,alpha,beta,HFV,HFV10,LFV,FDC,training_time_minutes
1,0.09250014521874388,0.10354719071780583,0.6302010049597757,0.8219291221509255,1.5265563078674966,1.0772562353957296,1.0895864753075606,4.131681384124069,2.2561232216246796,23.38605984333332
2,0.146486271393524,0.16396208692301736,0.07279458380655757,0.7188462096496179,1.7241831282668727,1.03423493547492,1.0416602077045904,4.870025470745225,3.0831576956983593,23.38605984333332
