,MAE,RMSE,NSE,alpha,beta,HFV,HFV10,LFV,FDC,training_time_minutes
1,1.8046000087374778,1.963789932781455,-15.291247430225319,1.519409702311719,6.921711611217533,1.2471002042802586,1.9639943874722772,22.357210831984784,23.7849746429589,8.985577491666966
2,0.4095128544149627,0.4978085001656962,-0.04686070182049673,0.44379397028934897,2.0040019630276067,0.49577589969944585,0.6991043362775801,6.82318280157503,5.888742441581894,8.985577491666966
