,MAE,RMSE,NSE,alpha,beta,HFV,HFV10,LFV,FDC,r2,training_time_minutes
1,1.5136653997018379,1.6476362103174047,-26.009404776448676,2.1203776591065338,8.96771177168009,67.99380678299688,178.48413471477474,394.3594984879817,-27.9312035163841,0.04909512865953192,8.985577491666966
2,0.3681591013117036,0.4276401813225379,-0.8194887205406249,0.5890927762853585,2.7442983112857657,-34.82464589288069,-4.775607065936419,52.60813641889223,-31.93874189414354,0.068049517460118,8.985577491666966
