,MAE,RMSE,NSE,alpha,beta,HFV,HFV10,LFV,FDC,training_time_minutes
1,2.441347450418251,2.767783077827354,0.24937226095016063,0.7694195225537979,2.4107197269740293,0.7160441222608901,0.9683856568777159,17.50026685194844,13.341393403498579,11.578311659999994
2,10.162611490663151,11.365847783171157,-11.6579734663615,1.7397877002317792,-6.58761851143468,0.3241269375553702,0.0683506646576583,-215.32010806995376,-48.10057182989223,11.578311659999994
