,MAE,RMSE,NSE,alpha,beta,HFV,HFV10,LFV,FDC,r2,training_time_minutes
1,2.111641934179437,2.429786853655124,0.22475965304022205,0.7960499323597942,2.7999521441849335,-20.350632415445915,10.778767214414563,72.03479866702601,-42.67096404147425,0.36259481069233146,11.578311659999994
2,5.890271948197321,7.081736576282157,-5.585360392538901,1.5958241702605873,-4.6023055957269,-49.746355212211036,-60.54546189521462,-96.89518319445175,,0.372294199195251,11.578311659999994
