,MAE,RMSE,NSE,alpha,beta,HFV,HFV10,LFV,FDC,training_time_minutes
1,9982984.568897255,17166555.59760375,-28875322195117.902,4371512.16811431,7456375.533283235,1973550.1768315183,3812296.1677140514,5921.495933597113,1179053.2818921711,20.314527828333333
2,,,,,,,,,,20.314527828333333
