,MAE,RMSE,NSE,alpha,beta,HFV,HFV10,LFV,FDC,r2,training_time_minutes
1,7876307.67750975,14724798.587675303,-28470738822231.438,4508294.764555681,7618006.82082918,214552647.97271094,466511411.0174653,807820516.3488562,355.77567524455696,0.40610690772440095,20.314527828333333
2,33.537670665791005,34.093169350059355,-151.6281930810778,2.087453090791031,33.43780983146442,172.31539385984155,439.9154680117403,1166.1946007066742,-67.84049557509215,0.43494578899660175,20.314527828333333
