,MAE,RMSE,NSE,alpha,beta,HFV,HFV10,LFV,FDC,training_length_days,training_time_minutes
1,0.5697320940404592,1.1661136251102582,-0.3046348183069103,1.0874613801671444e-16,0.38982558377835347,0.062447799550273075,0.12699857083613167,0.8090943966573152,0.697605184184412,2231,588.4669227449999
2,0.5697320940404592,1.1661136251102582,-0.3046348183069103,1.0874613801671444e-16,0.38982558377835347,0.062447799550273075,0.12699857083613167,0.8090943966573152,0.697605184184412,2231,588.4669227449999
