,MAE,RMSE,NSE,alpha,beta,HFV,HFV10,LFV,FDC,training_time_minutes
1,0.44595358305653937,0.6315538909675308,0.02764001164975427,0.5682026476121463,0.5084469369233362,0.5039512871248795,0.49410713747468016,0.3189075381936725,0.5002023687483926,65.81530240833332
2,0.712006519361118,0.914507311040643,-1.0388281115795706,0.1778239214621648,0.21506145630458515,0.18997582711341401,0.16888683776032148,0.17999116380304075,0.2660033043448657,65.81530240833332
