,MAE,RMSE,NSE,alpha,beta,HFV,HFV10,LFV,FDC,r2,training_time_minutes
1,0.2937791459642283,0.36366354658643313,0.7641189159734978,1.0241523647026352,0.9285633896320784,-8.723201427567135,-12.194451254223878,-4.754435800543695,114.27745438957768,0.39287972046192543,65.81530240833332
2,0.34326329672294004,0.5808928917053444,0.39815355500745264,0.5775587578473822,0.8481825290879057,-36.4360208311269,-40.258742276967325,-30.80272582961482,-30.181414897243016,0.7946934603133394,65.81530240833332
