,MAE,RMSE,NSE,alpha,beta,HFV,HFV10,LFV,FDC,training_time_minutes
1,0.08650163933514365,0.09883053082828205,0.6631230153982643,0.9551759147008356,0.5284218142027832,0.8993607805121158,0.9067531559238557,3.1862140006068236e-05,0.0301261313082095,22.220100333333335
2,0.08800407033198762,0.10098061383034813,0.648305887877121,0.9594160773097615,0.5202765112220602,0.9256106953408783,0.9123447956927672,1.1206893109457184e-05,0.02038271723693686,22.220100333333335
