,MAE,RMSE,NSE,alpha,beta,HFV,HFV10,LFV,FDC,training_time_minutes
1,1.4158729858359094,2.18183945593978,0.0010775025453171327,0.8714906675922854,1.4478256899674078,0.7930365182960756,1.0510220711707865,2.9118557964900917,1.7860829955087898,14.01200611833289
2,2.3944289390186126,2.8607640602048927,-0.7173163082145835,0.7753817692576219,2.2210629320045863,0.8123969578114982,1.164992043721091,8.242470236755759,3.146594816107444,14.01200611833289
