,MAE,RMSE,NSE,alpha,beta,HFV,HFV10,LFV,FDC,r2,training_time_minutes
1,1.6042516752175298,2.540843626636177,0.004287760801708007,0.8538139659698165,1.5006553393404487,-24.002337608761987,7.836943670504413,31.361944267453524,-42.02934231748309,0.26780588180548104,14.01200611833289
2,2.6904325770976216,3.2686696581039123,-0.647858943307023,0.7561367381786078,2.2990722543301603,-22.77076267805173,17.85396814588237,60.41479409993546,-119.2112709184243,0.4065692172104042,14.01200611833289
