,MAE,RMSE,NSE,alpha,beta,HFV,HFV10,LFV,FDC,training_time_minutes
1,0.01239344773253085,0.022491772678878908,0.9685916410316292,0.9650474423924897,0.8511866485149551,0.9835996299467409,0.9545576850175685,-1.0148977479571057e-11,8.562458322713557e-07,16.59157584500002
2,0.010620471008642574,0.019760185375772274,0.9757573604717296,0.9519618248257911,0.8838837347605815,0.9538710217384317,0.9431324742122965,5.559097135501462e-13,0.0006874260051867531,16.59157584500002
