,MAE,RMSE,NSE,alpha,beta,HFV,HFV10,LFV,FDC,r2,training_time_minutes
1,0.02078299537834014,0.039925287104834416,0.9718385144640168,1.011597219585003,0.9303814345417389,0.4712545130059559,3.0686841930984152,-2.6224527431989495,,0.9656431101947409,16.59157584500002
2,0.018182998207158803,0.038862304248566126,0.973318111827141,1.006447712811161,0.9579552113747802,0.08770015196318515,2.409530926907788,-1.8369660329844595,231.8001110700178,0.968419832446399,16.59157584500002
