,MAE,RMSE,NSE,alpha,beta,HFV,HFV10,LFV,FDC,training_time_minutes
1,94.60348825845358,109.59529663104361,-918.1508487799462,15.304010226929071,73.19886807972635,9.24633956775012,21.681095660554227,773.5319018497012,322.941834974148,10.57896570333299
2,2.5865560966881285,3.677891922960371,-0.03514427808936915,0.6697867580813821,2.4759584584465326,0.6468153727630253,1.0433669514540946,32.93434853797002,8.80778264458426,10.57896570333299
