,MAE,RMSE,NSE,alpha,beta,HFV,HFV10,LFV,FDC,r2,training_time_minutes
1,91.09882194311265,106.2115992667753,-695.1341017428699,13.586715691054584,64.28760996116273,715.4537755244293,1901.5294538587355,3936.8569690204254,-45.837670663114004,0.28824770867572047,10.57896570333299
2,2.9359351320296607,4.203353870058767,-0.09028721693026065,0.6417362677142625,2.523772041639112,-38.67272985913757,5.417060738416332,65.74377385111521,-64.59262962641904,0.3103141399191335,10.57896570333299
