,MAE,RMSE,NSE,alpha,beta,HFV,HFV10,LFV,FDC,training_time_minutes
1,0.07547110732968138,0.25443021368532015,-0.545244713641649,2.08256031029554,1.7461260957344094,2.351579748685566,1.9746684302671036,-0.0025695988547890167,-1.738985472641038e-14,52.09238746999999
2,1.2866524606015013,1.367078403183488,-43.61149178869032,2.374146669183873,15.23645267212617,3.4903596545043283,3.4292004963772684,9928.933868066197,14390.530864323857,52.09238746999999
