,MAE,RMSE,NSE,alpha,beta,HFV,HFV10,LFV,FDC,r2,training_time_minutes
1,0.14931743138397702,0.4178724715139638,0.8174395260392191,1.0513433911363406,1.26762705809234,0.8778439315865267,1.3380162507075035,-0.019581471104082614,0.7909453635358963,0.5624380956068382,52.09238746999999
2,3.5069201413850317,3.678058462583448,-13.143486725188042,1.177765259528693,10.729738511432073,1.1933567313749813,2.464488708027211,6202.026677529569,251.089713325525,0.6664786017362146,52.09238746999999
