,MAE,RMSE,NSE,alpha,beta,HFV,HFV10,LFV,FDC
1,7.951514043391678e+66,7.078557127643388e+67,-1.4504156881459828e+135,3.784327568690842e+67,8.03836982931846e+66,3.5592732364301823e+67,1.8347179264733554e+67,1.86532054643685e+21,1.8084233807126767e+38
2,0.8694128635590586,1.7159030175420555,0.14770786308507677,0.4184168563256169,1.4963115457239895,0.46258939972591656,0.7808568824681072,2.926104670468568,2.2663458226535433
