,MAE,RMSE,NSE,alpha,beta,HFV,HFV10,LFV,FDC
1,5.6687343171349956e+23,3.0919090529338065e+24,-1.017433306577907e+48,9.915812697785706e+23,2.9279514147051173e+23,1.1300547886982453e+24,5.938782342989056e+23,20676340.42581927,27340482262029.473
2,3.377027740414159,3.9153370404441055,-0.6315141125835952,0.7485118016542379,2.463909720476794,0.8360479261164074,1.0790600301169029,10.775714267272608,5.542462490446899
