,MAE,RMSE,NSE,alpha,beta,HFV,HFV10,LFV,FDC,training_length_days,training_time_minutes
1,0.05782846492542435,0.11823010124107894,-15.259173811186166,3.8367429129471358,1.0033840263275149,1.0421187386379118,1.0267673869867042,0.9979490682435416,0.9980034332928417,2334,61.20917262333332
2,0.03505999824274454,0.09617103252943618,-9.757984356095498,3.2055167037351886,1.0025090441415487,1.041957280845158,1.0190483999823108,0.9992777145440497,0.9992829758885657,2334,61.20917262333332
