,MAE,RMSE,NSE,alpha,beta,HFV,HFV10,LFV,FDC,training_time_minutes
1,0.8769681119863427,1.642105490607162,0.2598985778203873,0.6866941514948552,1.3280518929771594,0.6364306592077288,0.8546452556165286,4.981408509094209,2.521386731385641,32.33395364666649
2,1252.9855802694767,2499.8212260439186,-1715168.45955761,1133.290363892584,1510.6240128925197,836.7995815463256,1397.601468297843,296.93637502732605,666.0271752654363,32.33395364666649
