,MAE,RMSE,NSE,alpha,beta,HFV,HFV10,LFV,FDC,r2,training_time_minutes
1,0.8299510290524946,1.5745257978009517,-0.14921256933968374,0.9100598151698976,1.8426467936083193,-11.156938011742588,25.420422536890737,55.50141906646818,-27.0852857644044,0.27592165933050783,32.33395364666649
2,437.11228242801883,835.7896356072863,-323812.3640472835,485.55551662748593,770.056197939316,35952.438026723044,66756.59908860558,81093.07474534748,89.3879215076506,0.4000001319803609,32.33395364666649
