,MAE,RMSE,NSE,alpha,beta,HFV,HFV10,LFV,FDC,training_time_minutes
1,1.6296342125658814,2.483959587924401,-0.06606887550962992,0.8565034718574666,1.5552147726095622,0.792548647559851,1.0755490430461712,3.820425311589282,2.08518721990301,19.615791385000072
2,3.8173161732843064,4.742498005235248,-2.886069164900285,1.3386823204862357,2.9001097232447304,1.1400286653297034,1.7070528564622742,7.166743607044891,4.568069674293204,19.615791385000072
