,MAE,RMSE,NSE,alpha,beta,HFV,HFV10,LFV,FDC,r2,training_time_minutes
1,1.4874640733263702,2.2743115138536156,-0.007753441133548256,0.827207199526081,1.4166277757901267,-20.560847852707315,-3.23057413950772,15.462081831295672,-65.3287702177236,0.3388306954289061,19.615791385000072
2,2.6917211975283637,3.428421689283938,-1.2900388896087986,1.2178433460032716,2.125492838722194,-5.902870790711686,30.713590875819733,75.5803439341821,-21.921765189487164,0.47896291210139574,19.615791385000072
