,MAE,RMSE,NSE,alpha,beta,HFV,HFV10,LFV,FDC
1,0.15095748204404227,0.25429421803451757,-0.14316665328122524,0.631001972561751,0.5423632726001534,0.5196971480009877,0.5604058460271846,0.14097667242652445,0.21324527634004597
2,0.15997275680929463,0.21102495496325147,0.21276533648698615,0.6981926522835645,1.4101366177080277,0.7424609378139083,0.9115614143302688,1.986732648611626,1.485250128700679
