,MAE,RMSE,NSE,alpha,beta,HFV,HFV10,LFV,FDC,training_length_days,training_time_minutes
1,0.6276973377059513,0.6693333160272437,-6.12896445060619,0.9122908381586597,2.22341860597158,1.5687497996284678,1.7112597802015088,2.8938310196517105,3.9965197028794948,371,13.055750073333336
2,0.5794789789286932,0.6342460545863994,-5.401136858201733,1.343854116996161,2.1292846184755136,2.11403648875182,1.7478983246325002,2.720900126390163,3.6855479858957794,371,13.055750073333336
