,MAE,RMSE,NSE,alpha,beta,HFV,HFV10,LFV,FDC,training_time_minutes
1,0.3629290516770715,0.6739812594823262,0.8739174108499421,0.901808062057427,0.8351746301360833,0.735480737380231,0.8998617620281676,-0.011945237090253542,0.026990166848910962,6.500530948333714
2,0.34333433908006483,0.6853482619868603,0.8696286662771047,0.8773482519665387,0.860439431483281,0.7174632080133714,0.8760167936167305,0.0027942559755110424,0.16373615968929597,6.500530948333714
