,MAE,RMSE,NSE,alpha,beta,HFV,HFV10,LFV,FDC,r2,training_time_minutes
1,0.30119244625654173,0.5308256378745271,0.8784110197848716,1.0008734762359341,0.8935209807328803,-10.435902743647409,-1.546194669324744,0.4128033026337582,267.36958284907877,0.44046077085699276,6.500530948333714
2,0.2884024545647161,0.5303948242533806,0.8786083008830333,0.9705745892201905,0.9219132547285517,-13.512948687222073,-4.237322362015219,1.137375992501745,208.61653974955857,0.4450627918545441,6.500530948333714
