,MAE,RMSE,NSE,alpha,beta,HFV,HFV10,LFV,FDC,training_time_minutes
1,10.871132737563855,17.01410789029319,-3.2226762847055843,1.3946937399314299,-3.609201595374152,0.2789156205914524,0.6117616924218552,-inf,-inf,263.61748885166696
2,31.892949832812956,90.5929740959781,-118.71772606043703,10.83967058701714,1.9883895116404426,6.777290251157978,8.900669422548946,-inf,-inf,263.61748885166696
