,MAE,RMSE,NSE,alpha,beta,HFV,HFV10,LFV,FDC,training_time_minutes
1,1.0776069727304058,3.0234841848599987,0.19928728109765514,0.5375091569536756,1.0596106009814783,0.5973715119600246,0.7708806390626997,2.169259272670036,2.508083955453628,19.159549425000023
2,1.1217026486214965,3.149720194708413,0.13102901708503645,0.5600272943621857,0.8628875557419762,0.5928031083224811,0.7763129972055602,-4.464657338997095,1.119597912305239,19.159549425000023
