,MAE,RMSE,NSE,alpha,beta,HFV,HFV10,LFV,FDC,r2,training_time_minutes
1,1.0025632306934253,2.283016004776022,0.1950211663969934,0.7437430160768315,1.2873394344014921,-27.880773802315527,-3.401787784641992,15.091643031650737,-17.68918946644232,0.2250570329940268,19.159549425000023
2,1.012956948458448,2.3063750846745252,0.1784643303149669,0.7923010641036251,1.0695831215210412,-24.97596479197707,-1.5667112974942137,11.551662302166584,,0.23513574471159704,19.159549425000023
