,MAE,RMSE,NSE,alpha,beta,HFV,HFV10,LFV,FDC,training_time_minutes
1,0.3331702323770867,0.3608788245231823,0.3733528964717504,0.8315912246137942,1.4854959669730623,1.0896343343282118,1.1080095169503341,2.526245282194215,1.694551505621432,22.612231045000954
2,0.29767995454340596,0.31886550817368636,0.5107674709239136,0.8767819667836947,1.4346822663922787,1.1115150847556448,1.1264604764620576,2.381271269395211,1.5745794336388597,22.612231045000954
