,MAE,RMSE,NSE,alpha,beta,HFV,HFV10,LFV,FDC,r2,training_time_minutes
1,0.18200033745822009,0.22218766530629647,0.9012769097296522,0.8261570475752306,1.1057829468700437,-1.3914792910614038,0.42317012919970926,-1.8372122372652948,-81.85146018629781,0.7474703220687238,22.612231045000954
2,0.151042862627765,0.18379899322074894,0.9324438165063584,0.857751797169013,1.0879576134949467,-0.8510256281814618,0.8601935733633399,-1.045687595027029,-70.22381542045748,0.7678340528841365,22.612231045000954
