,MAE,RMSE,NSE,alpha,beta,HFV,HFV10,LFV,FDC,training_time_minutes
1,1.7430054719638575,3.562282571343259,0.08806312620713408,0.8496979292342398,0.9752495397693439,0.8470657246640467,0.9782652519034556,1.153211242680438,0.928321243830294,40.00051684666663
2,15.024843240614274,24.77512378686648,-43.11026943732505,5.439674454754046,6.894884968682408,2.500330952625131,4.703040246713161,4.077253185162342,2.191439725387828,40.00051684666663
