,MAE,RMSE,NSE,alpha,beta,HFV,HFV10,LFV,FDC,r2,training_time_minutes
1,1.8159942132874891,3.172257476140505,0.022692263513180877,0.9274450377272,0.9867227429542449,-13.260747432505655,-2.430805866540319,0.8459220838503615,50.07937170810225,0.40779895711893877,40.00051684666663
2,30.49555123899649,36.042783914592185,-125.16274622952993,6.188759039377967,13.311451506662438,201.0138208199958,408.95490180214324,754.1036184858365,154.44953252293848,0.5876746581608121,40.00051684666663
