,MAE,RMSE,NSE,alpha,beta,HFV,HFV10,LFV,FDC,training_time_minutes
1,0.025567866611494423,0.05540946813119509,0.8136016274606658,0.7588077188019441,0.6512670951332707,0.8620011957455201,0.752882763124398,-8.790839244597518e-05,0.0016861913354143901,16.300624586666526
2,4088.8433031110917,5075.9955240636555,-1564287640.5455177,23437.121447949845,-62632.548840751915,-0.010572228995609638,-0.26924004065350116,-41767946.03822971,-9957668.013855549,16.300624586666526
