,MAE,RMSE,NSE,alpha,beta,HFV,HFV10,LFV,FDC,r2,training_time_minutes
1,0.046818904564911785,0.08560388598268266,0.8979854732047235,0.98963998264058,0.8623599927044585,-2.3953508560013277,4.833246473545724,-11.46183333707884,185.44925591013717,0.8310319696170959,16.300624586666526
2,0.12391528240880252,0.16504853913213927,0.6207737173071881,0.8834979228400665,0.3088922802561759,-14.872895410479659,-24.112079971300506,-34.29780428346073,,0.9058453215817048,16.300624586666526
