,MAE,RMSE,NSE,alpha,beta,HFV,HFV10,LFV,FDC,training_time_minutes
1,0.6498586813603988,2.2746344413496686,0.17241888092315738,0.2712158184641801,0.9009259028018219,0.3075290921529438,0.48739443286947165,7.162545953823432,2.1230411829207956,21.443956155000098
2,0.7126637650509716,2.337424945962626,0.12609806331310836,0.35420906182453366,0.9444529304072076,0.43819509475155144,0.5987849791332885,6.411436223240929,2.017223536273164,21.443956155000098
