,MAE,RMSE,NSE,alpha,beta,HFV,HFV10,LFV,FDC,r2,training_time_minutes
1,0.5493235294741483,1.2440077820136552,0.22977310250472271,0.4533844368039858,1.030973609895547,-58.085154080416046,-39.62184483741162,-21.000122195382602,-39.937636111271516,0.3054224948872847,21.443956155000098
2,33.62045053957862,150.45928655038642,-11266.05677633892,103.70020015153513,50.00259235252285,8542.579409794129,9033.460442444682,5972.199395447378,-37.423035209618206,0.3242846309198135,21.443956155000098
