,MAE,RMSE,NSE,alpha,beta,HFV,HFV10,LFV,FDC,training_time_minutes
1,0.20244145113898707,0.2555564965581156,0.6891484667090935,1.0842708487617128,0.7498459259335635,1.0677291875442412,1.0600748662658832,0.8320395531086225,0.37175697695900045,17.12249871166617
2,0.3115353627556718,0.3827503768751282,0.3027148496046258,0.6936369910245932,0.46853817124517444,0.7299503881895516,0.6931595190263793,0.7196135721730701,0.19848020905321948,17.12249871166617
