,MAE,RMSE,NSE,alpha,beta,HFV,HFV10,LFV,FDC,r2,training_time_minutes
1,0.2749371497930819,0.3291087102287786,0.8987749281143416,1.01792701454865,0.9238157527178189,-1.799374194902785,-9.372353728926093,-6.654681737699088,167.03334211442808,0.7583528394154583,17.12249871166617
2,0.25920899154177046,0.3356607531128114,0.8947043402483482,0.9303950997687941,0.8878974208375028,-9.99291529562356,-13.825736943980859,-11.747289478780132,116.75463087399392,0.8345269647187977,17.12249871166617
