,MAE,RMSE,NSE,alpha,beta,HFV,HFV10,LFV,FDC,training_time_minutes
1,0.156566949162183,0.23311449075541227,0.3967979971995724,1.1560941968034932,0.5630975184443437,1.3163862937500979,1.00234546249898,-5.543969942294876e-14,3.823255019235833e-11,12.05074647666673
2,0.2558038398656629,0.2937325517331987,0.04230242096042147,1.1508171682080468,0.07959186214891689,1.213271830386636,0.8661760200103322,-1.471826191189311,-1.2248152634179268,12.05074647666673
