,MAE,RMSE,NSE,alpha,beta,HFV,HFV10,LFV,FDC,r2,training_time_minutes
1,0.18766122611912256,0.3246887161739439,0.8235437480165118,1.0693142678306953,0.9056115400218305,-6.69211239581882,24.28600135951832,9.041967386481161,,0.5407467266020652,12.05074647666673
2,0.4412655798084694,0.4749175754675657,0.6224807144620157,1.0862739135011779,0.15085629077037774,-10.77772813165353,8.33050523957654,-20.201918195028277,,0.6068563946572221,12.05074647666673
