,MAE,RMSE,NSE,alpha,beta,HFV,HFV10,LFV,FDC,training_time_minutes
1,0.15264031466288544,0.22364865063163256,0.20752842435965457,0.7892621305350133,0.4402203778156384,0.7594045462838762,0.7192365158483571,4.7748629719928936e-05,0.027588728516514404,13.984592686666666
2,0.1258931727645749,0.21362130728091602,0.2769967219741061,0.7133736372335661,0.5156332311309955,0.728634034748014,0.6423939588622926,0.04660492219556672,0.34720039318695123,13.984592686666666
