,MAE,RMSE,NSE,alpha,beta,HFV,HFV10,LFV,FDC,r2,training_time_minutes
1,0.13363265684542205,0.15076073444149224,0.8194301235201724,1.1960855175595797,0.7714370913850853,9.05848124230464,5.241540574046597,0.01648767654506962,323.882586915749,0.6781078566568333,13.984592686666666
2,0.09664881006660532,0.1120159065246661,0.9003153684930056,1.0615920124840421,0.9030031833019293,-10.582670185008421,-9.842433795313005,0.19675637224032552,92.78004562995787,0.8277963731111336,13.984592686666666
