,MAE,RMSE,NSE,alpha,beta,HFV,HFV10,LFV,FDC,training_time_minutes
1,0.021054052907802535,0.039934397597523145,0.9155270247229478,1.0574700037386062,0.8145994696415969,1.1463244567776794,1.0162145549492487,-5.093098734950477e-12,-1.5799247392027e-15,17.70579523833318
2,0.0230170930047209,0.04448318748253817,0.8951869606477555,0.966995441264952,0.7118100570785044,1.0832342035398643,0.9094519439470201,-5.473034072441975e-12,-1.2237274388017427e-15,17.70579523833318
