,MAE,RMSE,NSE,alpha,beta,HFV,HFV10,LFV,FDC,r2,training_time_minutes
1,0.04315031097054978,0.09445140507475454,0.9374718431118607,0.9833624912698329,0.900993048138501,-3.7819906234951075,5.819054097017376,-3.838450389131445,,0.5306474834965074,17.70579523833318
2,0.04773287143218274,0.08949924167056655,0.943856757332796,1.0265242252648668,0.8517773012920234,1.858001198164906,6.8160376110449645,-8.368379550816796,,0.6644023552685384,17.70579523833318
