,MAE,RMSE,NSE,alpha,beta,HFV,HFV10,LFV,FDC,training_time_minutes
1,0.04948028217847137,0.06423215734999412,0.7503809865992448,1.1869686389767242,0.8104547224336824,1.1564740130198523,1.156642304975089,0.5640772469436736,0.30966065599179454,15.3618997383334
2,0.048718671958100326,0.05812114885322772,0.7956187621573398,0.9130072513856543,1.146043232072219,1.0205280510170371,1.0766996897928773,4.694781647593306,0.8536425445193248,15.3618997383334
