,MAE,RMSE,NSE,alpha,beta,HFV,HFV10,LFV,FDC,r2,training_time_minutes
1,0.05884727430791056,0.07893389077859878,0.8723841080774656,1.0584752860225306,0.9095122376144864,-12.334259764147694,-1.5798954222355546,3.890053226830701,43.03223300518862,0.27073263521377744,15.3618997383334
2,0.048327567075830136,0.06895924066207873,0.902599164860443,0.9248126593560643,1.060379925421646,-14.142973178667402,-4.275688158936522,2.84524342582207,-9.91168005383046,0.3467126323738906,15.3618997383334
