,MAE,RMSE,NSE,alpha,beta,HFV,HFV10,LFV,FDC,training_time_minutes
1,0.03406679100169285,0.06664423024347362,0.7982570494913737,0.8095955689511812,0.5742907825901521,0.9675543115001503,0.7664154043265057,-0.0002438265597771738,-1.0365197953389246e-15,20.973437921666665
2,0.14342418065442233,0.16468333973961932,-0.23189186557754282,0.5325916424708674,-0.8299871670831727,0.40654345395100544,0.2965991467381389,-171.63684809176507,-68.29371290715713,20.973437921666665
