,MAE,RMSE,NSE,alpha,beta,HFV,HFV10,LFV,FDC,r2,training_time_minutes
1,0.06783638724782165,0.11189506648975205,0.8464880887517836,1.0121335451509312,0.7420785575197268,4.435008368309807,4.354943297679948,-18.043487837445372,,0.7230797857090268,20.973437921666665
2,0.3550245021731863,0.3758445145920207,-0.7319551187888356,0.7216905780210463,-1.0264178165357718,-45.1252122483592,-62.875171684236136,-92.64246201238714,,0.7866828059704004,20.973437921666665
