,MAE,RMSE,NSE,alpha,beta,HFV,HFV10,LFV,FDC,training_time_minutes
1,1.8566231321301874,2.6929097635576014,-0.6193287737238142,1.002622992626459,0.8184296391991589,0.5541787645340603,0.8544521383422499,0.2311776597064762,0.6011241438624589,918.2532809600001
2,2.6773582601181594,3.662785198896209,-1.9958104555835035,1.5216853465743583,0.6581839040079135,0.9049321475056388,1.1195758719476696,-0.47647504065013574,0.16589214580184336,918.2532809600001
