,MAE,RMSE,NSE,alpha,beta,HFV,HFV10,LFV,FDC,training_time_minutes
1,1.1218815822115429,2.035653969801877,0.25012850345146653,0.6453745381138773,0.8436144287142977,0.616004465981756,0.7061674320305856,0.921985985802933,0.9532180877450489,30.267574401666447
2,75.98365294344816,76.12825112227233,-1047.7467761987386,1.6956742219311896,29.84093965275301,6.088356288722514,10.588032132549227,83.25347478394539,40.66156288502702,30.267574401666447
