,MAE,RMSE,NSE,alpha,beta,HFV,HFV10,LFV,FDC,r2,training_time_minutes
1,0.9398015908990435,1.8093447914904215,0.031203095044933793,0.8847398071972352,0.9920370127687962,-1.0480967060300932,-4.719657124759518,-3.5233130928079603,-36.495624292006134,0.15751790336613103,30.267574401666447
2,6.491996948577119,6.859584124066665,-12.92469356577679,0.6507046692727788,-2.5003318632732263,-115.90542299573829,-155.6515987252321,-204.2300946332027,,0.48885869475822863,30.267574401666447
