,MAE,RMSE,NSE,alpha,beta,HFV,HFV10,LFV,FDC,training_length_days,training_time_minutes
1,0.3396704656558792,0.48557714069328756,-1.727371754063865,1.9115423190838536,0.5833696432937698,2.071848082668193,1.5393445750707166,0.0012323367856068353,0.005339284697116142,402,38.226377555
2,0.27121879430617424,0.4055269728291079,-0.9022489936923415,1.783309643655675,1.3151654714878267,1.6841003885185846,1.757872027030677,0.8701537363231028,0.8084487137620947,402,38.226377555
