,MAE,RMSE,NSE,alpha,beta,HFV,HFV10,LFV,FDC,r2,training_length_days,training_time_minutes
1,0.47353979054238804,0.5958682885997731,-0.3691548383047223,1.4741932566052975,0.5449374814129128,33.6716559496627,37.87007565474136,-8.265147505315086,661.5242200727907,0.18157930317227589,402,38.226377555
2,0.3950283833296612,0.5573157940207667,-0.19771839715009065,1.450724009380283,1.2874348464580863,29.029412856628184,62.33470290384184,62.629195490870494,149.78933242593567,0.2762275738102776,402,38.226377555
