,MAE,RMSE,NSE,alpha,beta,HFV,HFV10,LFV,FDC,training_time_minutes
1,68.09314141036897,79.30381470587803,-559.2541957361583,12.116339188273404,-49.846096924760495,-0.041559809115850055,-0.775118410506667,-967.9834424576637,-137.85113519243893,11.674698264999703
2,1.8855879303891683,3.4172570738837527,-0.04028482458209859,0.4891931028075007,1.9439075726038695,0.5491383686210063,0.935024318969692,10.139909296642992,4.019998086479819,11.674698264999703
