,MAE,RMSE,NSE,alpha,beta,HFV,HFV10,LFV,FDC,r2,training_time_minutes
1,63.412968916590856,74.92538219024843,-840.3489612271889,15.43827128399014,-44.94482459055417,-91.6265588889876,-159.0052073794212,-566.7019039261498,,0.23722591125852976,11.674698264999703
2,1.9866530656564203,2.7859816823163377,-0.16325450268295683,0.6523094376912598,2.025033226779373,-34.640534327601706,-2.355881846365208,37.2210418646318,-75.19581965964079,0.3985157216891909,11.674698264999703
