,MAE,RMSE,NSE,alpha,beta,HFV,HFV10,LFV,FDC,training_time_minutes
1,1.2101604608142613,1.966376586963606,0.02043510352261857,0.6051930933461963,1.5343053804060611,0.5579815678571174,0.8821363630504052,3.2213186135610608,2.347963830834465,20.01184501000001
2,2.275461567829884,2.651761397574159,-0.7814297986606471,0.482794547629679,2.472706443499852,0.624027288715049,1.0240148321617502,8.660599084192832,4.204410120716429,20.01184501000001
