,MAE,RMSE,NSE,alpha,beta,HFV,HFV10,LFV,FDC,r2,training_time_minutes
1,1.1165268782457305,1.613596619965334,-0.23266392540863867,0.7188293861283195,1.7571203123684844,-33.695009872706656,5.242223335696668,35.851561551771105,-57.08055827804011,0.2045655253680848,20.01184501000001
2,2.03793558517885,2.325859943464725,-1.561072387633463,0.6899015493566132,2.7460226284965668,-21.262009552206003,28.92256051616348,77.81670997950465,-90.85110366254467,0.29749549737649805,20.01184501000001
