,MAE,RMSE,NSE,alpha,beta,HFV,HFV10,LFV,FDC
1,0.024529061254923577,0.048758335427736686,0.8067112808112059,0.7694779544385671,0.5402721098687814,0.9043704194725685,0.7153070365112283,-0.029163319413877953,-9.738231972491111e-18
2,0.014600524491643539,0.031181293982359023,0.9209508809141969,0.9893609596773372,0.860425491521184,1.0516109209568558,0.9735302892269845,-1.387005233863166e-09,-3.071663573750345e-19
