,MAE,RMSE,NSE,alpha,beta,HFV,HFV10,LFV,FDC,training_time_minutes
1,2.2018913881957247,2.4195477177231686,-0.6249045699026601,0.8386591057470326,2.9950344048047546,0.8732363056433246,1.120459007587375,17.030479597456626,12.331426095364973,7.479629296665856
2,8664837.22108688,10334938.680507898,-29646626729325.43,2967737.0589602725,8356663.019655424,1352628.2365650157,2174861.439639439,6948479.102878839,51132365.702371486,7.479629296665856
