,MAE,RMSE,NSE,alpha,beta,HFV,HFV10,LFV,FDC,training_time_minutes
1,0.025235056942301246,0.06423179873590402,0.7348766496958087,1.012189164512034,0.8161500610209013,1.27266725189101,0.9599090525197812,-3.891034899925085e-11,1.661996365376996e-10,30.35386766833332
2,0.037079308232923595,0.08737266798225526,0.509432236945659,0.42791944718754427,0.3994136478712233,0.4853914713269165,0.42148491522706544,-4.564926962733212,3.1612486416729876e-06,30.35386766833332
