,MAE,RMSE,NSE,alpha,beta,HFV,HFV10,LFV,FDC,r2,training_time_minutes
1,0.06869917611545248,0.15237307597817856,0.6746582733649626,1.0605395132468352,0.8937894334599146,12.451795394201442,9.41697814996574,-8.483480222458049,,0.7877085555915544,30.35386766833332
2,0.09675718863747333,0.21218576480124862,0.3691068871489386,0.5173701466668169,0.3856471238293329,-44.082501569958765,-56.90686020625991,-57.01702610971916,,0.8899711350365135,30.35386766833332
