,MAE,RMSE,NSE,alpha,beta,HFV,HFV10,LFV,FDC,training_time_minutes
1,0.035078169491610176,0.03838043256352131,0.8856113544605663,1.0548540769423207,0.6723805425020047,1.0455954190067003,0.9373116558063701,0.0007247288056913289,0.052428258081438216,19.77706215999982
2,0.03810932565628737,0.0429596576523046,0.8566872561729456,1.0387400459360312,0.6384199938084131,1.0013494960295348,0.9272804655341663,2.524910289427089e-08,0.002011942185510873,19.77706215999982
