,MAE,RMSE,NSE,alpha,beta,HFV,HFV10,LFV,FDC,r2,training_time_minutes
1,0.0474706467960179,0.055868767779929024,0.9362510092566971,1.0720571730290338,0.8120683155646427,0.4452202407412435,5.852374472628702,-5.871124692773262,154.11282290468606,0.7893377591043603,19.77706215999982
2,0.04403423603577356,0.05195272693059756,0.9448745910978932,1.0853996156026804,0.8372600353947766,2.283035244250181,3.1523358996804984,-2.31020586149197,389.9917037531566,0.8229079068092647,19.77706215999982
