,MAE,RMSE,NSE,alpha,beta,HFV,HFV10,LFV,FDC,training_time_minutes
1,0.02504847423945559,0.054898890909741566,0.8678181359067071,0.9023609985156574,0.6929671034434075,0.9931181315491905,0.8506581451235815,-3.96077442521148e-12,-3.1857292060731068e-15,99.49857979000008
2,0.0184012476878848,0.045960949301279606,0.90735484521647,0.9847261626862271,0.8847009186359417,1.020720149814952,0.97702356887448,-5.748173835003931e-12,-3.4363943276645755e-15,99.49857979000008
