,MAE,RMSE,NSE,alpha,beta,HFV,HFV10,LFV,FDC,r2,training_time_minutes
1,0.05223852545076022,0.09903544793481496,0.942425591474191,1.0204074339849687,0.8528716307910247,-0.8824617579326939,6.83985500272711,-9.471957043445494,,0.7500542696936136,99.49857979000008
2,14.012402260557606,14.443216067093802,-1223.5484166295762,8.226621920480705,78.20992068201419,497.36941925577827,1336.083892449354,2664.181750873075,-79.65821827957959,0.8861510048563416,99.49857979000008
