,MAE,RMSE,NSE,alpha,beta,HFV,HFV10,LFV,FDC,training_time_minutes
1,2.148379993157337,2.2585813957034095,-298.72138793343436,5.858151283956672,-32.53539375762753,-0.09594488634992396,-0.565211330551857,-7845.651563956227,-7064.635389242695,6.958393186666459
2,0.35825935000797626,0.36959249347443424,-7.025877487867101,1.0513722806175974,-4.592027210248357,0.12097517332291728,0.072633704434506,-1207.1388228150827,-1022.5663779717896,6.958393186666459
