,MAE,RMSE,NSE,alpha,beta,HFV,HFV10,LFV,FDC,training_length_days,training_time_minutes
1,0.1528891819655692,0.17547185156674763,-1.1454908891756284,0.7196981413858943,0.55426558260332,1.0396413076838427,0.8717167620031695,0.5505495701109299,0.43518391889004493,2062,171.48556461833323
2,0.12194106713933948,0.13377798110206668,-0.24704186104416248,0.7984767780440033,0.6915967304474282,1.1670215710499956,0.9623444979544132,0.7264333348146302,0.5740725029513873,2062,171.48556461833323
