,MAE,RMSE,NSE,alpha,beta,HFV,HFV10,LFV,FDC,training_time_minutes
1,1.3939485308059114,2.426138193549569,0.16521966685888811,0.6368250588413571,1.4394692136335394,0.625528560553127,0.8404736404068127,6.493739786941262,2.8827120782488067,20.393505188333318
2,1.5482857021766563,2.4409930770523207,0.15496589974942143,0.5303830435053005,1.5856915528658289,0.5419513881571538,0.776023612528547,10.774316953322348,3.5107122838887506,20.393505188333318
