,MAE,RMSE,NSE,alpha,beta,HFV,HFV10,LFV,FDC,r2,training_time_minutes
1,1.5569736996215977,2.4136117843233467,0.014651578827698963,0.8320046007021779,1.5746854330815647,-22.641750473686564,5.731689970248966,27.94279074691947,-60.9034194294497,0.2355254200438739,20.393505188333318
2,1.729719665157594,2.426628147605303,0.0039951536187985415,0.6959193785473317,1.7447012397623574,-35.30248053354917,-3.438929273636724,26.358538364552476,-85.5384323187279,0.3454592534011748,20.393505188333318
