,MAE,RMSE,NSE,alpha,beta,HFV,HFV10,LFV,FDC,training_time_minutes
1,0.23377870902965206,0.3353366158546485,0.07169230720569464,0.6265001790394523,0.5093718310720458,0.5285325884333528,0.52269676359639,0.21781311635856146,0.4276959305816418,36.52475324166662
2,0.22068950665181133,0.37536991499725963,-0.16318533739213703,0.3051623274323143,0.5271969558199747,0.3299781277954529,0.324259675355103,0.6878801035313259,0.7009667619916696,36.52475324166662
