,MAE,RMSE,NSE,alpha,beta,HFV,HFV10,LFV,FDC,r2,training_time_minutes
1,0.2403256089236845,0.3002869931233552,0.40748150833895547,1.151064386768704,1.1626290207246803,0.8058672921770271,0.8675064195600488,0.5782381041857013,1.4625088161312854,0.15108116584011344,36.52475324166662
2,0.31991637076352514,0.3837289136056015,0.03243998099733125,0.5553219864157095,1.1828611022097744,0.6266379384350107,0.659629954570495,1.913470949186708,1.4744971930128354,0.2110192642052221,36.52475324166662
