,MAE,RMSE,NSE,alpha,beta,HFV,HFV10,LFV,FDC,training_time_minutes
1,0.03295245317049852,0.06339440778062681,0.8260768556045537,0.8401299668790717,0.5975054243441758,0.9913064771779397,0.7954059408391077,-3.5602151842864453e-12,-5.082773136911566e-16,11.499281166666576
2,0.030345498979338466,0.059648142180782945,0.8460253153042347,0.7676601084277019,0.6230699269272427,0.8925472961162828,0.755605204084771,5.7426729152665305e-05,0.14160021021467323,11.499281166666576
