,MAE,RMSE,NSE,alpha,beta,HFV,HFV10,LFV,FDC,r2,training_time_minutes
1,0.06511744552745417,0.10611722367402039,0.8611488237582343,1.0766287347134356,0.7814821197948422,11.103162691623568,11.087007644542995,-13.458175375456811,,0.7013748441353629,11.499281166666576
2,0.04490247141042178,0.07306222448718239,0.934179134820371,0.976302493306978,0.8149268460723802,2.7300216323136657,-1.7633950637473237,-14.888441394628924,71.03811443908366,0.7981771289213285,11.499281166666576
