,MAE,RMSE,NSE,alpha,beta,HFV,HFV10,LFV,FDC,training_time_minutes
1,0.10848836796342204,0.1527912416562764,0.4911181422173283,0.9042638528151854,0.4236784292697711,1.0983544903102735,0.80457073713559,-5.8833206640416195e-05,1.3102437584154084e-13,17.545079354999082
2,0.07792367450714466,0.12530641746618554,0.6577317022952002,0.8170509106365088,0.5620466675346769,0.9458293748607425,0.7702832560390689,0.05468494174915212,0.18333026731971777,17.545079354999082
