,MAE,RMSE,NSE,alpha,beta,HFV,HFV10,LFV,FDC,r2,training_time_minutes
1,0.14968993179712098,0.18517031016951502,0.797019132534113,1.1253934891942956,0.6696449623072007,5.7956835389046715,11.735627352717378,-12.43025682722213,,0.3939171571394151,17.545079354999082
2,0.0568789260391047,0.08298794620607786,0.9592298387027517,0.9679825206566764,0.8882196869358454,-11.060968273170575,-5.508715878673085,-3.1471894304811285,85.5094375234239,0.5875235948312303,17.545079354999082
