,MAE,RMSE,NSE,alpha,beta,HFV,HFV10,LFV,FDC,training_time_minutes
1,0.8589436842407993,1.1555833723596136,-1.8437770194522018,0.16185952359632608,-0.23714172575403492,-0.00855026651804664,-0.01366936466553348,-1.6137946185733119,-0.3449836399916379,828.8661117483333
2,0.5364408348702577,0.8197469140074115,-0.43104256901459626,0.15007550370499104,0.22935303745386176,0.18133689994219268,0.15462147199960288,0.30244371232531164,0.32725879113685596,828.8661117483333
