,MAE,RMSE,NSE,alpha,beta,HFV,HFV10,LFV,FDC,r2,training_time_minutes
1,0.2644296195475569,0.36606067717232943,0.7963912966616553,0.9738141890653633,0.8437738342826305,-4.457886298406173,-8.865778976158593,-8.156440442814862,40.72591200105834,0.6574644066637434,828.8661117483333
2,0.4553831742841875,0.6001640234718634,0.45269414117417306,0.5886422861722603,1.0182166024953367,-33.02738396517688,-36.31300794053744,-23.602472197771135,-40.32331617851604,0.8355584781568213,828.8661117483333
