,MAE,RMSE,NSE,alpha,beta,HFV,HFV10,LFV,FDC,training_time_minutes
1,0.1778920840349668,0.20870962368172188,0.30314706301205563,1.1168047217461767,0.5632734831473476,0.9487189292997535,0.94306096009739,0.02464686285570758,0.28519138758139234,22.8465886499985
2,0.19130958093026565,0.21918242733795035,0.231457923945528,1.1607165783210411,0.5214527900496575,0.9676352700928048,0.9893488675260204,0.004212069567890602,0.15753094638088072,22.8465886499985
