,MAE,RMSE,NSE,alpha,beta,HFV,HFV10,LFV,FDC
1,0.022814809796233505,0.04535475395047141,0.8702937676736202,0.7602348507562424,0.6562679986820928,0.8501248514208118,0.7512253276917562,-9.338976185928815e-12,5.571026834668589e-06
2,0.02240281140671597,0.04441807107830198,0.8755959259124707,0.7904146897383515,0.6641360332237359,0.8922486705574293,0.7806602233112997,-6.540189510461422e-12,3.422074013090745e-08
