,MAE,RMSE,NSE,alpha,beta,HFV,HFV10,LFV,FDC,training_time_minutes
1,0.1920858291517719,0.2295157458383018,0.7335974521018764,0.8099352596846632,1.2042208181674825,1.0592371593687775,0.9988976113596079,2.261324224730126,1.4243885985309788,13.925449581665452
2,0.2955069931394052,0.3373141403930263,0.4245832523125058,0.7046509428939637,1.364436825295816,1.0307745538039914,0.9667163742587476,2.8529774959336955,1.898436613838484,13.925449581665452
