,MAE,RMSE,NSE,alpha,beta,HFV,HFV10,LFV,FDC,r2,training_time_minutes
1,0.12478381186179845,0.16112437092752377,0.9567711127930839,0.9386201273187653,1.0537634859573923,-1.73395171753103,0.9698348951590465,-1.4505083532416876,-40.251301420456734,0.5981974316118246,13.925449581665452
2,0.21145738712586623,0.23890904759359283,0.9049577343609049,0.8948087940286796,1.1198565321453107,-0.47685908862348036,2.39418511818102,-2.676543863588198,-71.1682527727112,0.7147661156994215,13.925449581665452
