,MAE,RMSE,NSE,alpha,beta,HFV,HFV10,LFV,FDC,training_length_days,training_time_minutes
1,0.17598124989334907,0.5009620183264998,-0.14079883746903898,0.005030875870931326,0.000311434876573491,0.0010005710890512165,0.0006522246530166936,-1.8871219330615426e-15,-2.2058273680975723e-22,1731,1951.8067435033333
2,0.15845678911362784,0.38268242627440535,0.33430314140182926,0.9062306558246078,0.30252374240661745,0.7891452776903062,0.7733268468970222,-0.5643403194584954,7.57943376397113e-11,1731,1951.8067435033333
