,MAE,RMSE,NSE,alpha,beta,HFV,HFV10,LFV,FDC,training_time_minutes
1,2.215841491278906,2.334375336016652,-437.8305476173988,7.127170700761966,-39.438255316441484,-0.11206030570766144,-0.6799793719244148,-23820.144470781204,-15765.390680079674,14.206869021666838
2,0.020480880541729477,0.041877405919074503,0.8587738814874012,0.9891979550266272,0.7321707665543954,1.1827573283214874,0.9294434560517354,-2.3033929495317628e-11,-8.950896335651919e-15,14.206869021666838
