,MAE,RMSE,NSE,alpha,beta,HFV,HFV10,LFV,FDC,training_time_minutes
1,0.6769419927865767,1.2980310599732843,-0.14198468792811325,1.0061467014872185,0.9672520752784803,0.957729357873998,1.146682916760737,0.6583255659955195,0.821014303541712,38.71276987166639
2,0.6810575081810953,1.2717127545188969,-0.09614539985267756,0.9746256416996673,1.0018191545329713,0.9301555354687996,1.1034896572869999,0.6230357989618641,0.9414657630921174,38.71276987166639
