,MAE,RMSE,NSE,alpha,beta,HFV,HFV10,LFV,FDC,training_time_minutes
1,0.0373532324842167,0.06735498679792508,-0.35353895033177873,1.0537547968620185,0.30586187310352764,0.9115345537368111,1.5641940360962514,-36.78725028626198,-8.06949841598805,12.760285624999476
2,0.2052746554737774,0.3379464351094079,-33.074303415709444,5.022876829333938,-11.773966689419202,0.6687711799650702,1.5969957731678865,-494.6010822215613,-36.433802316546476,12.760285624999476
