,MAE,RMSE,NSE,alpha,beta,HFV,HFV10,LFV,FDC,r2,training_time_minutes
1,0.03382564915525396,0.08226881451957684,-0.1209863626962715,0.8873086265372682,0.5949959173347735,-8.15784752092388,46.8156165281677,62.70291057665001,,0.09830786128840541,12.760285624999476
2,0.07457718061976813,0.11186688268736705,-1.0726831792775822,1.2735276542536573,1.4751325374735595,-26.781415330170372,72.79025806164522,207.96742940704303,,0.15846619406410778,12.760285624999476
