,MAE,RMSE,NSE,alpha,beta,HFV,HFV10,LFV,FDC,training_time_minutes
1,0.06491702792691462,0.16647028436196734,0.08408373135340286,1.4229048852134105,1.3355520703331405,1.4811880520714347,1.3412774476376073,-4.1763797841934226e-11,5.3905839403936475e-11,30.354374463333322
2,0.09387944978062421,0.2075655831037113,-0.42394435420499876,1.6333586470144104,1.89307600708057,1.560931716244545,1.6347695026367006,-0.0009431617774037276,0.5441718302079723,30.354374463333322
