,MAE,RMSE,NSE,alpha,beta,HFV,HFV10,LFV,FDC,r2,training_time_minutes
1,0.11574363759175747,0.2788600601540578,0.7784446414083908,0.9968278725865406,1.394411145706998,-17.14895544776622,31.52621470723314,37.136450315348476,,0.3163754721462708,30.354374463333322
2,0.2219837579992329,0.3900901302725598,0.5664496415545883,1.1099765060096616,1.9764949683730928,-10.4200656610589,44.38959091092486,80.63608516121546,72.5881518815281,0.5002213874844301,30.354374463333322
