,MAE,RMSE,NSE,alpha,beta,HFV,HFV10,LFV,FDC
1,2271.506637367955,4326.239480374126,-1080232.2626686657,884.6253852436108,-3180.737772521538,0.019682115489644665,-0.8957965952995951,-inf,-24145.689082042918
2,9.265075977973995,11.845681576650579,-7.098722939856579,1.6493564051806642,13.139730577666514,1.133473444098426,3.6975433290347284,inf,275.79364214177065
