,MAE,RMSE,NSE,alpha,beta,HFV,HFV10,LFV,FDC,training_length_days,training_time_minutes
1,0.5004037061776648,0.739743093212931,-0.05177687914470397,1.168766396451594,1.3708234723428447,1.361872310367939,1.4972975465137037,11.47350557009894,3.629886482125641,715,75.67407999666563
2,0.49446201396752043,0.5863210784117407,0.33925665643655933,0.6643912635956252,1.4807763092960105,0.9713172111056334,1.1131421259942114,27.85546472748042,6.509773917078161,715,75.67407999666563
