,MAE,RMSE,NSE,alpha,beta,HFV,HFV10,LFV,FDC,r2,training_length_days,training_time_minutes
1,0.6366806836704816,0.8199656882281613,-0.40758997881995174,1.4010310215613035,0.8791997800657007,38.50306794831379,24.578922036990676,10.570757902899963,813.9439823302442,0.43008376717233454,715,75.67407999666563
2,0.5564762577500901,0.6800721109260952,0.031733876347349144,0.9558679416517373,1.0386663471215731,-0.10747332263190472,2.501058377945232,5.219158586698981,70.92000427797633,0.4663274382721453,715,75.67407999666563
