,MAE,RMSE,NSE,alpha,beta,HFV,HFV10,LFV,FDC,training_length_days,training_time_minutes
1,0.1758538630568767,0.3182606344410108,0.3153914744173848,0.9817549269545501,0.8738420920490299,0.9580117536277869,1.0397469129397063,0.6862945985298317,0.7964532386238988,445,39.658306773333244
2,0.21800656959984996,0.33473261706445406,0.24269204149016632,0.9771715604093555,0.7511419626393491,0.8794276086151255,0.9590363192660211,0.3801775545817142,0.5591093326795468,445,39.658306773333244
