,MAE,RMSE,NSE,alpha,beta,HFV,HFV10,LFV,FDC,r2,training_length_days,training_time_minutes
1,0.17675038637108256,0.2801767906697187,0.14351140982193933,1.073728268587732,1.0020760811469607,-6.459296838044443,3.474191445591667,8.964404619250532,33.10125701061653,0.11067568873468692,445,39.658306773333244
2,0.20690058884194362,0.30543815577881916,-0.01789702927185899,1.2443949566488892,1.0969783544830831,-2.3208879648003578,17.146175708394683,25.13553405218317,56.191739365156984,0.17837690560482555,445,39.658306773333244
