,MAE,RMSE,NSE,alpha,beta,HFV,HFV10,LFV,FDC,training_time_minutes
1,16.242993489543704,18.62619895947784,-43.70827181762523,3.213105133954917,-13.788693487413234,0.0258730435610779,-0.24838207079277813,-1832.0276886569836,-79.88887881840203,9.155473451666573
2,2.2732955879089616,3.138919460067205,-0.2696960029131319,0.5723396771498289,2.5990492329560864,0.5946963032845419,1.0333560787779807,105.29414329821222,12.057201144802104,9.155473451666573
