,MAE,RMSE,NSE,alpha,beta,HFV,HFV10,LFV,FDC,r2,training_time_minutes
1,16.476207751811625,19.02457576988249,-32.65757179966931,2.7632492206149433,-12.054955083986135,-90.94713594653545,-111.92474216799185,-226.34018665004965,,0.15946516908336572,9.155473451666573
2,2.6223886541538373,3.7209548324112336,-0.2875426235713645,0.5446001086484236,2.5299285377077902,-47.16643352810403,-2.5367676989785353,50.077135027714505,-87.81332526408403,0.21816324418998234,9.155473451666573
