,MAE,RMSE,NSE,alpha,beta,HFV,HFV10,LFV,FDC
1,0.10133667803870786,0.3232369430860723,-7.49475286563885,3.6885641475045188,2.8547666357139407,4.239046288000502,3.4819677085938445,-3.6909155147544417e-10,-2.0808919619977526e-15
2,2.95476256598626,3.1242607199343455,-792.6030059055057,8.826316319469116,56.38315202651177,9.01075734199185,11.248305387134735,273213.9548988606,8597.068555803706
