,MAE,RMSE,NSE,alpha,beta,HFV,HFV10,LFV,FDC,training_time_minutes
1,0.2443380494703653,0.5077747264241873,0.1141334927823332,0.36188733823925295,0.21827954421914883,0.4633854350425362,0.33302324703477976,-6.653797377723931e-13,3.2623920157151304e-07,40.28627183166682
2,0.5176897127102247,0.9675752228010479,-2.2165891878140336,0.6960461512914218,-0.6504613197187789,0.08660722128222696,0.03404038220124059,-53.729589982082196,-0.018262543025186137,40.28627183166682
