,MAE,RMSE,NSE,alpha,beta,HFV,HFV10,LFV,FDC,r2,training_time_minutes
1,0.34763235881013005,0.5930239201569599,0.8726986816205734,1.0398563321929195,0.729625540671273,-3.3999998208477544,8.297416419715482,-15.716190937401173,,0.47319223894573825,40.28627183166682
2,0.7362634992013027,1.176076309663489,0.4993208776221073,1.1441039452662891,0.23488173953313682,-6.191423995933618,10.46763261958661,-18.612820324541495,,0.5441329952521,40.28627183166682
