,MAE,RMSE,NSE,alpha,beta,HFV,HFV10,LFV,FDC,training_time_minutes
1,0.04428325973146858,0.11118490014821993,0.03791499826726519,0.3268132281028479,0.2435910213119694,0.3383360813287288,0.3090258928704636,-13.767797659367124,-1.4147633500121172e-17,11.427257178333337
2,0.046197614759285605,0.11573481666047489,-0.042437148485413356,0.3081575797844911,0.21049413069613143,0.29097915865821206,0.2802381828285799,-18.654615116717686,-1.8604561834068247e-16,11.427257178333337
