,MAE,RMSE,NSE,alpha,beta,HFV,HFV10,LFV,FDC,r2,training_time_minutes
1,2.2164997596555307,2.338439728471073,-113.05712357703027,4.077867593822989,18.438311953533677,103.0403204289185,322.53031845712627,635.1565477287761,-76.6064346667395,0.4191693376845568,11.427257178333337
2,2.1952453200062374,2.3240998508058075,-111.66256092183839,4.1457251692148125,18.25575938147474,102.73884042474425,321.8425377121926,633.934969221901,-76.60643585467184,0.48292356710255335,11.427257178333337
