,MAE,RMSE,NSE,alpha,beta,HFV,HFV10,LFV,FDC,training_time_minutes
1,1.1356029890316346,3.213697212633633,-0.4571920689285909,1.0915808806318554,0.624809254890015,0.974739930412146,0.7297295546615754,0.33296416776039245,0.570373444340901,10.519321114999912
2,0.974093036754514,2.4530036674636317,0.1510086182504623,0.7231181234508718,0.7625397282050208,0.6736791201970931,0.6431267706958517,1.0327596198652962,1.1508227053072488,10.519321114999912
