,MAE,RMSE,NSE,alpha,beta,HFV,HFV10,LFV,FDC,r2,training_time_minutes
1,0.9098555927113151,2.5249435065366983,0.1664272822906585,0.998307455413522,0.8953532644491694,10.27381170502494,1.602006297181672,-6.625713020767276,6.863721359379876,0.29716538762359546,10.519321114999912
2,0.8520578003968268,2.275622003130599,0.322919339022665,0.7262741894912832,1.0120186621899745,-19.689668187771844,-14.010143741765896,-8.643476737078535,-20.988664908718324,0.25533271067285124,10.519321114999912
