,MAE,RMSE,NSE,alpha,beta,HFV,HFV10,LFV,FDC,training_time_minutes
1,0.09063473060104299,0.09859736337668486,0.5880344185743871,0.9721634569898616,0.4902040892928368,0.8969459686361093,0.8650766669479143,5.1034399805558756e-05,0.030848018263566635,22.01129330833337
2,0.06913358061378622,0.07979981501275862,0.7301427442022126,0.7729656180706123,0.6119288201034965,0.8164056271799348,0.7422206378022025,0.30257572187519716,0.5897979008020189,22.01129330833337
