,MAE,RMSE,NSE,alpha,beta,HFV,HFV10,LFV,FDC,r2,training_time_minutes
1,0.09893795120588837,0.11116249690198,0.8274959057971543,1.1924961766915732,0.7794428695494879,6.252329649277594,8.9291012726267,1.4068239604839645,258.675971853686,0.8300248563953737,22.01129330833337
2,0.023958182463305628,0.033782245050395475,0.9840683837673092,0.9680407761190793,0.9678456571241831,-8.539571703547065,-4.326874156556596,-2.4830121774611333,9.442258147004587,0.8871373269414282,22.01129330833337
