,MAE,RMSE,NSE,alpha,beta,HFV,HFV10,LFV,FDC,training_time_minutes
1,1.092935788833377,2.1952301537875907,-0.22084335421197077,1.0391255362665959,1.1633815577310838,1.0388987110168721,1.178898815492147,0.9847011718687717,1.1313640997252612,31.436412089999067
2,1.1810248208219418,1.841522712992079,0.14087969458579674,0.6840476986697608,1.5135051153173253,0.7387291164054451,0.9125228038033627,3.791802062720284,2.267796036433569,31.436412089999067
