,MAE,RMSE,NSE,alpha,beta,HFV,HFV10,LFV,FDC,r2,training_time_minutes
1,0.8659763209910432,1.6183912720688651,-0.2400003010631886,0.9349069438577093,1.1204055308408893,-5.545177185154058,13.372148811281438,13.747711988350078,-5.774565599784657,0.27674322101756377,31.436412089999067
2,0.9424602084624388,1.452521278347155,0.00115122405791801,0.6369521462709145,1.5345391257426682,-25.757357278174965,-7.1796906583173685,12.674853695039177,-76.85092686131942,0.39411841837474126,31.436412089999067
