,MAE,RMSE,NSE,alpha,beta,HFV,HFV10,LFV,FDC,training_time_minutes
1,0.04636407221647534,0.12105263747098659,-0.055437666424270615,0.48922961641967005,0.7488664964691273,0.36530162786941517,0.5800781997848423,-9.174881892171647e-05,0.024851626682054102,36.35887147499998
2,0.08004923187744295,0.1360923967537889,-0.3339876287485717,0.5827416207716406,1.754552789156205,0.44144720118546177,0.7011187847234056,11.892380683840303,17.966453846658453,36.35887147499998
