,MAE,RMSE,NSE,alpha,beta,HFV,HFV10,LFV,FDC,r2,training_time_minutes
1,0.05249334821501018,0.094972626601198,0.46142340225797174,1.0045230763729713,2.052628019931843,-19.073849851531403,19.340143955110722,81.03973905629027,167.03710084037334,0.21194703654443103,36.35887147499998
2,0.16507664491241744,0.2054968509008248,-1.521511319402416,1.1238932998306819,4.783516467681793,-19.936615978127204,39.41852194344893,184.0531940228976,-7.226957313628335,0.39507695683032396,36.35887147499998
