,MAE,RMSE,NSE,alpha,beta,HFV,HFV10,LFV,FDC,training_time_minutes
1,0.17887011494600008,0.2550874696281141,0.1794435093896407,0.8411793752296742,0.3748608385839944,0.8130900437911222,0.7083023352690063,-5.86824778392926e-14,8.588212848918597e-08,16.390451960001762
2,0.2027831716786153,0.2895337421337548,-0.0571304936860213,0.5753049088373499,0.2182087201319868,0.5803793200296405,0.4677925122161379,-0.02979122814981531,0.00042176381215059875,16.390451960001762
