,MAE,RMSE,NSE,alpha,beta,HFV,HFV10,LFV,FDC,r2,training_time_minutes
1,0.19201902038357294,0.23321954015682866,0.8576604028336595,1.1214798587396129,0.7330851114215028,-0.7614742357901345,11.768090937239865,-4.818004193922422,,0.24711823851100934,16.390451960001762
2,0.21067967511655517,0.2509696621014285,0.835169219577415,1.0783511618810997,0.6854486674290895,-4.518224391897069,4.433986789261714,-6.834765502050164,528.4446834710164,0.3035138800370937,16.390451960001762
