,MAE,RMSE,NSE,alpha,beta,HFV,HFV10,LFV,FDC,training_time_minutes
1,1.1072778911656607,1.4460322656441886,-1.3664266017143198,0.0725968135780557,0.14469606034082771,0.057639654334865016,0.06981399530399272,0.2585145725068076,0.1760228584841846,15.378045466666663
2,1.1294541603218664,1.377015988255225,-1.1459274598442462,1.0277212536904772,1.0335598692037813,0.4717532250562359,0.5259264373128273,0.5870546784868985,1.5138381462149584,15.378045466666663
