,MAE,RMSE,NSE,alpha,beta,HFV,HFV10,LFV,FDC,r2,training_time_minutes
1,1.34770322487638,2.1908206731191386,-0.5471080012912799,0.182802795473613,0.48478700438769234,-83.76864957705719,-77.07448603551002,-69.55992419080191,1507.396062305821,0.008907628115511823,15.378045466666663
2,0.9385843002813089,1.0219713786472622,0.6633454894013915,0.824420397170594,1.1612516997966038,-6.5414565188899525,-1.2269460155234275,-4.3466356581721355,1580.4622344315972,0.2584192729588862,15.378045466666663
