,MAE,RMSE,NSE,alpha,beta,HFV,HFV10,LFV,FDC,training_time_minutes
1,67.06496987979143,77.71866985844912,-411.47093808734866,10.273383254435327,52.96613665765962,6.078369116351516,14.88511783053081,1926.9127414289155,377.1324601919931,20.723907446666757
2,14.607289817163373,16.975591248256478,-18.678521017501467,2.330792404924919,12.067526129717466,1.5354271675390232,3.411390462494011,447.5142823337953,86.1661400141537,20.723907446666757
