,MAE,RMSE,NSE,alpha,beta,HFV,HFV10,LFV,FDC,r2,training_time_minutes
1,61.54685879018841,71.68170209013684,-220.13140882752572,7.639167514659775,44.614726634132325,387.7347636504918,1181.5371728363082,2547.6844369817572,-61.52713923447264,0.367305484527935,20.723907446666757
2,14.537148115098622,16.8806136021516,-11.263382448145306,1.815061155885556,11.100825750104446,38.119573784606075,219.45322164439685,542.6629958735814,-67.77071251800798,0.3681810692291808,20.723907446666757
