,MAE,RMSE,NSE,alpha,beta,HFV,HFV10,LFV,FDC,training_time_minutes
1,0.2990903806451361,0.502666766901936,0.8169696086972509,0.8428899382717009,0.9169492955312416,0.7935637058120198,0.823854719250322,0.19301738906024915,0.8936909256020701,7.671844488332863
2,0.2610253009298849,0.4434748715105755,0.857537390697944,0.8965929063598436,0.824644092388731,0.8241023400689802,0.8719358507958296,0.02473869743717838,0.383638778771339,7.671844488332863
