,MAE,RMSE,NSE,alpha,beta,HFV,HFV10,LFV,FDC,r2,training_time_minutes
1,0.27097160713949725,0.4084971230769919,0.7797489580513391,0.9672286105425187,1.0921028955589824,-7.454389602778721,-5.475359859560286,9.347703940410394,76.04188842158463,0.23805404224790927,7.671844488332863
2,0.22604821714299864,0.35481140232751796,0.8338367021469593,1.0209801078855818,0.9603593071090911,-2.7712639549036346,-1.643635031615612,5.32982778961701,153.03540186211887,0.3013871912617503,7.671844488332863
