,MAE,RMSE,NSE,alpha,beta,HFV,HFV10,LFV,FDC,training_time_minutes
1,0.3208411668571236,0.7032745922085304,0.6690596613937669,0.9053003945307114,0.8669989924144798,0.8878396218879836,0.8585375941461166,0.08463415097746059,0.7089419207805824,7.291696708333135
2,0.3234370801561191,0.7380729632059294,0.6354992341054265,0.7157640074604882,0.7581225295405646,0.6318974722891506,0.7286919495719659,0.06716349959086806,0.6254985436866237,7.291696708333135
