,MAE,RMSE,NSE,alpha,beta,HFV,HFV10,LFV,FDC,r2,training_time_minutes
1,0.23703749309832062,0.42684929101631686,0.7544481449286711,0.9207154856616038,0.9635611598155849,-16.117169130668454,-4.406863421637748,-0.15040667213028894,83.5240286576017,0.2873310353790046,7.291696708333135
2,0.22579344967690168,0.40985252342492673,0.7736141296434218,0.8945502138394903,0.9304768207804275,-18.565047379626552,-7.385364832182434,-2.40193603818126,93.87717493203182,0.3158521870976708,7.291696708333135
