,MAE,RMSE,NSE,alpha,beta,HFV,HFV10,LFV,FDC,training_time_minutes
1,0.10236723622605381,0.3478261024895258,-0.05253717068101471,0.4506817959703805,0.39599695241101945,0.4259503160841998,0.7210778751526469,-47.14086875682726,-6.6462114557590555,13.98831716166666
2,0.08526948562960937,0.33111816326295457,0.046152139391881675,0.2802784493695233,0.5678983600755539,0.2527387561348038,0.4086501563834758,-23.982938239099926,9.110385179491066,13.98831716166666
