,MAE,RMSE,NSE,alpha,beta,HFV,HFV10,LFV,FDC,r2,training_time_minutes
1,0.07087980056601349,0.21455661014225136,-0.03759744070705606,0.49024578266212393,0.10970963129350468,-49.831958040811365,-3.190774875326738,6.158194637994954,,0.08905453334101965,13.98831716166666
2,0.05965966220762683,0.2054979522709443,0.04816846091083782,0.35070450553376287,0.8868087000335779,-65.01074862607867,-41.319617368091855,-9.832291251392482,8.72002821431806,0.12912523577903656,13.98831716166666
