,MAE,RMSE,NSE,alpha,beta,HFV,HFV10,LFV,FDC,training_time_minutes
1,0.025731881074767756,0.0496926178112071,0.8851548128474187,0.909839049423504,0.6990022973716814,1.0476793574213488,0.8818493188980271,-6.133856451556437e-12,4.965741795449999e-12,83.22430496166672
2,0.010364209447860427,0.021205820917009715,0.9790858977616674,0.9428608214320335,0.9343064825252009,0.9347609690453489,0.932715723232759,1.11172774219996e-07,0.02079743924320104,83.22430496166672
