,MAE,RMSE,NSE,alpha,beta,HFV,HFV10,LFV,FDC,r2,training_time_minutes
1,0.04592086548372396,0.0727477994071295,0.933876962983758,1.026706734803469,0.8408803212236245,2.336033618550701,7.146916530621772,-8.710564992867374,,0.9157870406621657,83.22430496166672
2,0.02055194131478475,0.048323648299838554,0.9708235464897574,0.9956796776520973,1.01416617775838,-1.8438781714122086,-0.10087348456909974,0.9599179126211157,137.11774857447784,0.9486790113575393,83.22430496166672
