,MAE,RMSE,NSE,alpha,beta,HFV,HFV10,LFV,FDC,training_time_minutes
1,0.6665872655304365,0.7803356106312234,-0.2322457719403268,0.8318417340680413,0.38646867059995665,0.6511758406978737,0.6464925508919321,0.00753992474140535,0.1537781879265759,62.74142613666675
2,0.6112689458036433,0.8057143980223014,-0.31370161219726445,0.4526510404770992,0.4339118781604031,0.42853039598332066,0.39389829892992384,0.2918971386932213,0.451615252434049,62.74142613666675
