,MAE,RMSE,NSE,alpha,beta,HFV,HFV10,LFV,FDC,r2,training_time_minutes
1,0.5436110574762294,0.6143528779906882,0.4452265370829569,1.4596636650213852,0.8835179691356302,1.1452228878537392,1.090603361361519,0.050904781121559356,0.7380586332494317,0.4816710736049139,62.74142613666675
2,0.4320608052995624,0.5969130293259765,0.4762765718075903,0.7923315404795949,0.9792655667518193,0.7317409691345997,0.7254074024122247,0.8554364224409393,1.3161928669516088,0.725909732405486,62.74142613666675
