,MAE,RMSE,NSE,alpha,beta,HFV,HFV10,LFV,FDC,training_time_minutes
1,0.8189400282508156,0.9142612404995674,-0.4592352251801062,1.1778956285450584,0.4188028163056024,0.8469737966847006,0.8905939709935723,0.002841686530381773,0.08521322175419252,39.85774915833341
2,0.6588073946457391,0.716586517989196,0.10355849986505805,0.8261275110421631,0.5318126184536517,0.7724791086105428,0.7698117262980859,0.5515646971001548,0.37525080708583985,39.85774915833341
