,MAE,RMSE,NSE,alpha,beta,HFV,HFV10,LFV,FDC,r2,training_time_minutes
1,0.744722153496038,0.8896839340208537,0.525421950809476,1.4264614729096983,0.7772078306256572,0.9602855111865866,1.0955250005045924,0.02048417798405858,0.5606688708831248,0.3209161019054385,39.85774915833341
2,0.2521204496303964,0.34744375236923775,0.9276222356841008,1.0039565359244242,0.9718945679418877,0.9335537228903528,1.003669509656355,0.9456826083212057,0.9879058252626605,0.35773259076664987,39.85774915833341
