,MAE,RMSE,NSE,alpha,beta,HFV,HFV10,LFV,FDC,training_time_minutes
1,5.250353395983539,6.422892368535339,-14.872180386013866,1.7027533175705842,-0.8738434337396289,0.29818540074863603,0.2412253165230063,-3.4086296917118792,-2.0395480786631857,246.13845487833314
2,4.35091724409337,5.0752579888604625,-8.910408330742596,0.8116538000111527,-0.5565964710920405,0.23278816547259154,0.02620588201510327,-1.8022203754795056,-1.0071466574976211,246.13845487833314
