,MAE,RMSE,NSE,alpha,beta,HFV,HFV10,LFV,FDC,training_time_minutes
1,1.6395707891043578,2.7087054795093097,0.1355223883494533,0.6481208321422397,1.454088666133383,0.6164743582801459,0.8743379408760529,4.363958625287743,2.4220433190800033,17.86453793833304
2,35.600284317149566,41.489569462651815,-201.81871840611336,7.317242913156721,20.526454201759627,4.847417746855384,9.298977673798838,61.58504501448051,38.39220786177077,17.86453793833304
