,MAE,RMSE,NSE,alpha,beta,HFV,HFV10,LFV,FDC,r2,training_time_minutes
1,1.8884468551093914,2.789135747562972,-0.0027051292087365564,0.8174366189738349,1.5600536235217042,-24.84387407679707,2.866277873570733,27.543892278450173,-74.529393790772,0.2684355793995946,17.86453793833304
2,36.047491794612554,43.02267806373073,-237.57713232952332,8.5149098595452,18.713345165922547,415.39892947185325,898.7906234719502,1395.3117628981984,-31.22202728511741,0.3616090425120496,17.86453793833304
