,MAE,RMSE,NSE,alpha,beta,HFV,HFV10,LFV,FDC,training_time_minutes
1,0.2542270129648694,0.3294105363375777,-3.9468690040141805,0.45253903914502236,-0.5761062743515245,-0.028690658788039163,-0.05397345145240874,-7.847085125201805,-0.4958681029656292,11.763106819999908
2,2.5148032360094263,2.5816411679958318,-302.8415715237212,3.8295884233444712,-14.590831993756764,-0.07330206579982815,-1.8341397394087042,-108.14135649705202,-18.509125208826674,11.763106819999908
