,MAE,RMSE,NSE,alpha,beta,HFV,HFV10,LFV,FDC,r2,training_time_minutes
1,0.2018155319466842,0.23005802151482838,0.23331969283106846,0.7425299370030023,1.5500299722940893,-14.368190598342695,0.010234133046636347,11.900785539672476,-51.64738614670372,0.2983563545760999,11.763106819999908
2,0.14588092508632364,0.1665515723334644,0.5981749373659119,0.819648545718245,1.251358671485106,-3.9584982033795835,0.15487669024068285,-4.1727777450659085,-58.46301918261983,0.4541975899509041,11.763106819999908
