,MAE,RMSE,NSE,alpha,beta,HFV,HFV10,LFV,FDC,training_time_minutes
1,33.854330723005205,36.966515699505194,-59.136463401434305,3.013762329602616,10.747174727623396,2.247642786718508,4.610272131352842,24.6823513202517,16.253642560908453,17.334000299999996
2,2.129032305093526,4.211674052462206,0.2193967511349848,0.6690558387440272,1.0808962218540978,0.6190259111106945,0.8417911362579965,1.4913220178471895,1.244884225686411,17.334000299999996
