,MAE,RMSE,NSE,alpha,beta,HFV,HFV10,LFV,FDC,r2,training_time_minutes
1,18.397815112912696,21.997650951505513,-25.94625617113845,2.861740958291211,7.8924840486540395,91.20660909298782,305.6212722652887,543.0370568468494,89.48643980479359,0.36795598202381297,17.334000299999996
2,1.8615188147526704,3.806388498793473,0.1931885630387412,0.6921792259880747,1.2573655210458168,-29.0688936916547,0.9491898654515715,17.50711296299975,-56.35481148114161,0.46711073664332314,17.334000299999996
