,MAE,RMSE,NSE,alpha,beta,HFV,HFV10,LFV,FDC,training_time_minutes
1,1.5477123942407116,4.4777704591247,-0.21785922232353205,1.1256850591745147,0.7408021070761985,1.2744281891813332,1.153860702120389,-0.18903631872936522,0.2259527500817996,18.96436375666623
2,1.3774737881285137,4.774051392119514,-0.38435545097676727,1.2375533573932564,1.0903945596895852,1.448849365536176,1.3581291377768916,0.6891531477343,0.7669922338575217,18.96436375666623
