,MAE,RMSE,NSE,alpha,beta,HFV,HFV10,LFV,FDC,r2,training_time_minutes
1,1.1633560272530965,2.9125409584039965,0.10878306426061979,0.9980084552207866,0.8051255823769956,9.895446211706115,19.759632090258393,2.6398323046701093,,0.37268631754719994,18.96436375666623
2,0.9529037370326342,2.7218022046215813,0.22169025013003552,0.8600295899112973,1.0007784504244501,-3.980405587284951,12.080717713504638,5.739234484871029,-5.437530741329149,0.33330813162222706,18.96436375666623
