,MAE,RMSE,NSE,alpha,beta,HFV,HFV10,LFV,FDC,training_time_minutes
1,3.481111466390988,5.869944147377338,0.45487805243094226,0.8779850686013793,1.4236034303442577,0.7075215076485881,0.9853472260430898,3.254105044959604,2.2091111214315684,17.07592106000035
2,8.393347505521577,9.445488038688588,-0.41147936929923623,0.9710500824070555,2.609413838706387,0.8887566926407797,1.2845456331549228,19.381726846555956,5.763280853198637,17.07592106000035
