,MAE,RMSE,NSE,alpha,beta,HFV,HFV10,LFV,FDC,r2,training_time_minutes
1,2.671366835339305,4.640275883794598,0.5801101091442047,0.8972171917451918,1.360017817003532,-22.240368303057863,0.18422205262136765,18.94076098008351,-69.6746449372276,0.2969993034713988,17.07592106000035
2,7.121123288757395,7.927754248578085,-0.2255983652928253,0.939981634109236,2.493077902217181,-9.431327323684636,22.583531709382243,67.848970014556,-166.41454043074268,0.43952175605404986,17.07592106000035
