,MAE,RMSE,NSE,alpha,beta,HFV,HFV10,LFV,FDC,training_time_minutes
1,0.05293880867403092,0.10888132209125638,0.6071321802472855,0.6309713044561587,0.38682563807660897,0.8101448061501437,0.5507611074413897,-2.3426589619819932e-11,-2.679231677183346e-15,30.034841766666673
2,0.0494559427127363,0.10651964543202962,0.623990247130854,0.5716386097095725,0.5149419574676466,0.6606861098759585,0.5746692258760382,-0.024283151556697375,0.6064981470032954,30.034841766666673
