,MAE,RMSE,NSE,alpha,beta,HFV,HFV10,LFV,FDC,r2,training_time_minutes
1,0.10799126896420799,0.19250618250707416,0.84171111416164,1.0573646595742734,0.683289518023903,11.031118708556553,6.7408801170607155,-24.6535983742392,,0.48144993071526854,30.034841766666673
2,0.0926413209886764,0.16169665385568735,0.8883231581172458,0.9906640785876745,0.7877292967596381,5.055212412138334,-3.5791433421292247,-18.87782132417127,42.838642389836416,0.7288469246974874,30.034841766666673
