,MAE,RMSE,NSE,alpha,beta,HFV,HFV10,LFV,FDC,training_time_minutes
1,0.3005678188391907,0.3336596539462616,-32.21533501841917,2.5353414804201817,25.524901086170804,1.9294877993285273,5.684453877484337,145.62072840252003,173.32486206576368,12.375443591666407
2,0.059736100075899454,0.0763667679356329,-0.73996321921226,0.7189745207793264,5.3415328825659145,0.7448431215476213,1.674291795951801,34.823517128295364,28.68911238740575,12.375443591666407
