,MAE,RMSE,NSE,alpha,beta,HFV,HFV10,LFV,FDC,r2,training_time_minutes
1,0.2653466266976268,0.3038251622069277,-14.288938286446939,1.9224578436885786,21.428463381274135,41.84894022445185,380.62907414431055,1081.8464273713787,-1.2597530777968102,0.07474040557736172,12.375443591666407
2,0.04939029210087833,0.08111950548381015,-0.08988440837866896,0.5623708354046265,3.8867220435092116,-46.7861724536763,38.14952708575517,155.78203296040172,0.5541445172029595,0.08265386642911554,12.375443591666407
