,MAE,RMSE,NSE,alpha,beta,HFV,HFV10,LFV,FDC
1,0.06182658230771182,0.06688628972488445,0.8688147984333854,1.2058380512952007,0.827179590306549,1.0007281821921172,1.100797622354529,0.021586454004689535,0.4711089549444848
2,0.06531724030232411,0.07750560991999157,0.8238523263160085,1.1384921952766736,0.7964050295660137,0.9450119756535638,1.0485548927963981,0.03474040890390703,0.5589442123096758
