,MAE,RMSE,NSE,alpha,beta,HFV,HFV10,LFV,FDC,training_time_minutes
1,0.2579111100000663,0.41994246646156236,-0.18448304389736236,0.5881880020215839,2.8089196665008673,0.40347348098464597,0.9483314387392581,248.71601125568125,63.62418130147705,14.045179124999898
2,0.8225086986917485,0.9504084841724509,-5.066942345841601,1.1935441302411909,9.139828804179722,0.8164664514349669,2.025418616711047,1662.0696626755787,296.01056558853975,14.045179124999898
