,MAE,RMSE,NSE,alpha,beta,HFV,HFV10,LFV,FDC,r2,training_time_minutes
1,0.22421062952380605,0.30370940835743654,-1.0329608368190666,0.9601097646132659,6.380496909224983,-25.36991229936372,103.89321151642679,322.29925067448977,-8.55215191813466,0.13066329850113023,14.045179124999898
2,0.6879630990869956,0.7877099168703582,-12.675560872571067,1.8186416050724796,19.0007394583826,27.55637190933891,305.9016789676014,906.7222709147519,-19.14827830268264,0.21733858615765056,14.045179124999898
