,MAE,RMSE,NSE,alpha,beta,HFV,HFV10,LFV,FDC,training_time_minutes
1,0.02511812500278937,0.05561701985063343,0.7975104603353833,1.1721059521003647,0.9089920574572677,1.3624059172552112,1.1149136013329064,-2.1490152678291226e-12,4.294493707859223e-14,9.158523435000097
2,28602.820031129188,29220.13698510978,-55892258616.888214,48339.153701440126,-463963.14616762794,0.05416964972695529,-45814.36697378719,-17458242.126109637,-17436104.246017765,9.158523435000097
