,MAE,RMSE,NSE,alpha,beta,HFV,HFV10,LFV,FDC,r2,training_time_minutes
1,0.035763938424911365,0.06430051368697913,0.9389262219018495,1.0404892778531323,0.9228106397038668,1.1262155234784896,8.108403513401884,-3.8237093774924236,,0.590057286488461,9.158523435000097
2,28121.914670159636,28973.48440301309,-12400161933.002558,26799.48595315582,-186549.266420803,-97.33597442257032,-1609215.322437091,-5457190.323042305,,0.6561193826470187,9.158523435000097
