,MAE,RMSE,NSE,alpha,beta,HFV,HFV10,LFV,FDC,training_length_days,training_time_minutes
1,0.29358301620186267,0.4651062372102171,-0.5025476882796547,0.5262861055785941,0.1003058954134076,0.5314209582938356,0.2392198814340416,-6.634676937444378e-05,1.64345643302795e-13,457,40.37907457166667
2,0.13794089431273673,0.25261451962388815,0.5567583574276371,0.5846004607029962,0.845760556302073,0.5633950464820364,0.7073993446646702,1.276068981948626,1.3244940576995048,457,40.37907457166667
