,MAE,RMSE,NSE,alpha,beta,HFV,HFV10,LFV,FDC,r2,training_length_days,training_time_minutes
1,0.18286224306449567,0.3645709951743606,-0.2757090164050775,0.536608434668985,0.22518160344264407,-41.24942443807886,-59.67825207267267,-73.39566543374647,,0.2542379523070444,457,40.37907457166667
2,0.157103418363121,0.24945356958194884,0.4027353057347566,0.7069861045214447,1.3136641343154105,-32.86014541487839,-9.837077170642006,11.474849338927228,-35.61334979820621,0.3633836359260324,457,40.37907457166667
