,MAE,RMSE,NSE,alpha,beta,HFV,HFV10,LFV,FDC,r2,training_time_minutes
1,,,,,,,,,,0.6102078353852702,15.178579923333503
2,,,,,,,,,,0.8195404914762487,15.178579923333503
