,MAE,RMSE,NSE,alpha,beta,HFV,HFV10,LFV,FDC,training_time_minutes
1,0.10421542414298919,0.14324402293103633,0.7358661496850827,0.9963289219837553,0.7580302822426419,1.0995995589176555,0.9986822628265147,0.7870778825858328,0.5520793318285334,19.793807433334102
2,0.3482113520526021,0.4172078903113625,-1.2406605604487368,0.4117991944919821,0.0001630086273150504,0.47996962419375006,0.2898234007481235,-0.6259708903408673,-0.08432061752385564,19.793807433334102
