,MAE,RMSE,NSE,alpha,beta,HFV,HFV10,LFV,FDC,r2,training_time_minutes
1,0.1588771619084543,0.1890705965460815,0.8553115001067737,1.094477482056199,0.8203744381645146,-1.71958677872596,8.444162405100101,-3.4354975928732148,26.056879053851546,0.5844661442096557,19.793807433334102
2,0.2114819908697268,0.2491244526898013,0.7488005175862065,0.9407606746424907,0.653002198274133,-19.085566504088053,-11.835380592331452,-15.409495249131442,63.61555534870049,0.7757609389235617,19.793807433334102
