,MAE,RMSE,NSE,alpha,beta,HFV,HFV10,LFV,FDC,training_time_minutes
1,12.928314430471971,14.821493266534349,-68.66204407359207,4.0777702448914495,-11.919377717208825,0.1224578572908181,-0.10329273956938084,-196.54412114674557,-29.58827121185365,11.662583753333214
2,1.8999782549510857,2.2601608330015734,-0.6199103523292748,0.7731869838892798,2.657794045404355,0.758776271295031,1.2039570321219812,14.176760478275966,5.237109826818411,11.662583753333214
