,MAE,RMSE,NSE,alpha,beta,HFV,HFV10,LFV,FDC,r2,training_time_minutes
1,13.421698268044945,15.377884840895547,-43.01981515311882,3.106058801391292,-10.094772023944289,-97.29439535796506,-119.11574918628493,-227.42510505158586,,0.25925222480512566,11.662583753333214
2,2.1248748228778473,2.656041939446384,-0.3131818229883274,0.6353862422879386,2.4045393472348118,-37.4061017563832,2.4574482692027697,53.430201271641856,-77.57618378998355,0.38193869594901086,11.662583753333214
