,MAE,RMSE,NSE,alpha,beta,HFV,HFV10,LFV,FDC
1,2.726196983125293,3.1510287909439842,-1.0163310989665386,0.9115843806681599,2.1669131781914883,0.9702480054437462,1.1958452114771752,6.02912564018839,3.267623764018027
2,1.4671022489786847,2.0105863642902766,0.17907672023363397,0.795171349482508,1.3541474183724926,0.8265583930099734,0.9309497819946884,2.986759240652474,1.830916629315509
