,MAE,RMSE,NSE,alpha,beta,HFV,HFV10,LFV,FDC,training_time_minutes
1,1.4709757979950306,2.197734002001522,-0.0251783602369684,0.9886350976970292,1.432328635555433,0.9862615440433395,1.0874028760488095,2.772550358716557,1.9109091371054117,26.843898136666393
2,6.152431595307059,6.675781964071952,-8.459179424637812,1.234049152086425,4.478621016627466,1.3276179054195238,1.8213613987626753,17.699753218011818,8.038550509810063,26.843898136666393
