,MAE,RMSE,NSE,alpha,beta,HFV,HFV10,LFV,FDC,r2,training_time_minutes
1,1.7407629739762125,2.6608808361545537,0.03370986226177852,0.8981442664374528,1.2363232937763833,-9.170572234842904,-4.622707396352913,7.703395703922132,-61.93230088050245,0.25286637963994163,26.843898136666393
2,4.439772737655364,5.141891989791154,-2.608299638996576,1.071535435881338,2.7882746017061284,-4.576729200197157,35.293014319933235,93.94097375340986,-150.6233393148663,0.36658332367075064,26.843898136666393
