,MAE,RMSE,NSE,alpha,beta,HFV,HFV10,LFV,FDC,training_time_minutes
1,0.07896906215490528,0.18892324369346025,-1.565859579989663,0.510286471463107,-0.35935575871130576,5.629213204328828e-14,5.081318720697811e-14,-252.3489957865321,-3.513687541226517e-05,15.360646380000011
2,0.009875322361379217,0.02113991396016592,0.9678731216309133,1.037431721100282,0.9699704150101095,1.0551671680779868,1.0374766130790107,-1.114937542380165e-11,-4.112417772147922e-15,15.360646380000011
