,MAE,RMSE,NSE,alpha,beta,HFV,HFV10,LFV,FDC
1,0.0362617856904783,0.062100423255289125,0.7908156281870774,1.1809443173092744,0.9582207193744474,1.4360863916022641,1.1988815545128213,0.00018693797269834567,0.027967268240995352
2,,,,,,,,,
