,MAE,RMSE,NSE,alpha,beta,HFV,HFV10,LFV,FDC,training_time_minutes
1,0.4353883160005713,0.5220811018850586,0.5649040378593569,0.8611736315617717,0.5188689610682499,0.7371361369969547,0.7627225537197153,0.0018830672773011616,0.14014871020284597,12.189657935000044
2,0.43125192219052416,0.5279492375102971,0.5550682059718546,0.8364679701361144,0.5357501292765668,0.7173590476960535,0.7355599636279371,0.006800455156773653,0.2220700723830239,12.189657935000044
