,MAE,RMSE,NSE,alpha,beta,HFV,HFV10,LFV,FDC,r2,training_time_minutes
1,0.3131446575833234,0.3524347964581602,0.9253117897665704,1.0970585574174543,0.8705686453311117,6.850826971510416,3.5070625900700545,-2.6262903104778257,379.5251982001632,0.47123695275219535,12.189657935000044
2,0.28785841484226027,0.3235964597118153,0.9370345930232629,1.0602824027379734,0.8988163605777101,-2.6705054753658986,-1.7762916703974574,-3.072681003148762,288.9717680265995,0.5181923631029107,12.189657935000044
