,MAE,RMSE,NSE,alpha,beta,HFV,HFV10,LFV,FDC,training_time_minutes
1,0.17070779362257574,0.3322257384813989,0.10603673348956777,0.7086576862720113,1.16122168326984,0.6080384226633354,0.6838360312059869,1.4928656611271458,79.63833264333486,8.96872951000017
2,0.35051211590365794,0.43337449899627795,-0.521177272174274,0.8132782208512347,2.6938167691954553,0.8019642012184125,0.8582591621641612,200.63075616786722,476.222551942888,8.96872951000017
