,MAE,RMSE,NSE,alpha,beta,HFV,HFV10,LFV,FDC,r2,training_time_minutes
1,0.2855791712359027,0.4175717191045238,0.2266953127266449,0.9100206934710786,1.5974166984638682,-23.56937650177612,-20.43219200401249,18.8958169589141,32.62799130197962,0.0840824834564633,8.96872951000017
2,0.5718230599903593,0.6724274480255259,-1.0052999964185236,0.691112837301623,2.1347900208837975,-23.905350488847066,-22.595948882261872,20.180258140425025,-37.142113017791985,0.33554794220931117,8.96872951000017
