,MAE,RMSE,NSE,alpha,beta,HFV,HFV10,LFV,FDC,training_time_minutes
1,2.189925658111243,3.718539780686723,0.0303325581539986,0.7749849752972858,1.6718277728459734,0.71763945491088,1.0374842316992583,5.026637383159602,2.9309336679221447,31.800677363332944
2,12.375253137855903,12.948526265844693,-10.757598725126329,0.9906105533519256,7.406411450618219,1.199771214798534,2.2128167035527624,65.8904181135701,17.96320746536427,31.800677363332944
