,MAE,RMSE,NSE,alpha,beta,HFV,HFV10,LFV,FDC,training_time_minutes
1,55.21756997639078,64.20783942216994,-231.85868038412463,7.807781544900435,26.400246071219197,4.7838088865524595,10.323036994871385,61.44815821445643,60.34622117936554,15.102966815000036
2,1.8872472674008283,3.658586770843037,0.24396301974518841,0.7336384996002014,1.233830634634489,0.6694647499201759,0.8934728028898181,1.1293262054676236,1.9025820639569877,15.102966815000036
