,MAE,RMSE,NSE,alpha,beta,HFV,HFV10,LFV,FDC,r2,training_time_minutes
1,49.55648172686254,58.04478931408062,-218.64508442952817,7.845751246957648,22.855034171562206,399.52379665959114,821.1068732790707,1492.119129231661,-60.473250310273635,0.32050305112879574,15.102966815000036
2,1.8859728503539335,3.1989636415263436,0.33286516524895526,0.8045751906043399,1.2275026333657009,-27.242469452249395,-11.650253338897429,9.643508316773199,67.94452990650397,0.3498276622278448,15.102966815000036
