,MAE,RMSE,NSE,alpha,beta,HFV,HFV10,LFV,FDC,training_time_minutes
1,0.0281748814219619,0.08239719121994839,0.29175756006658515,0.3214924641724364,0.034277217803794134,0.3486141814872164,0.2198048048526372,-210.45206124058757,2.813855332374086e-14,16.04429676333384
2,0.17742450834446075,0.37333570450737086,-13.539724742945142,2.6310064002551665,-5.142082268687931,-6.454487816305856e-09,-4.363764710415157e-08,-5947.925405590104,-28.099322599272988,16.04429676333384
