,MAE,RMSE,NSE,alpha,beta,HFV,HFV10,LFV,FDC,r2,training_time_minutes
1,0.09292169587489708,0.2490372673407948,0.8473807760993801,1.0723769761090327,0.9570800359534287,-0.763934713745155,15.922250483977592,0.8399840064248826,,0.6019191776853621,16.04429676333384
2,0.24674664693370388,0.479000098910765,0.4353858441357993,1.213909191931915,0.8936142589237155,-1.996215738318636,52.75398287597649,40.578492680990074,,0.7091850817466517,16.04429676333384
