,MAE,RMSE,NSE,alpha,beta,HFV,HFV10,LFV,FDC,training_length_days,training_time_minutes
1,0.239219555761283,0.3835029607320489,0.005937027723656563,1.265532231313659,0.8159083942000425,1.2261509757540163,1.2160008486667022,0.4503171084103919,0.5453803696960395,445,142.27633212500004
2,0.21982013458255942,0.36838100656290695,0.08278549262505952,1.2262155295124313,0.869799892512391,1.1803115594178513,1.2224757965786566,0.5532513322598664,0.64899933449779,445,142.27633212500004
