,MAE,RMSE,NSE,alpha,beta,HFV,HFV10,LFV,FDC,r2,training_length_days,training_time_minutes
1,0.20486994231213013,0.3128986903819937,-0.0682299746114936,1.1953927621376754,0.8907947452947828,10.509234542555197,11.012518024330364,4.33347021158404,64.395586523377,0.11584427830589816,445,142.27633212500004
2,0.19624915840323795,0.3030277451864092,-0.0018946506641979166,1.1686439847254269,0.9562230916696017,5.94021101533603,10.905295863971958,8.557753973832932,49.71618279697735,0.13803269890698788,445,142.27633212500004
