,MAE,RMSE,NSE,alpha,beta,HFV,HFV10,LFV,FDC,training_time_minutes
1,0.2779831222735883,0.3106602286922008,-0.43652199829261895,0.5981177392606464,2.062777748804174,1.046412247479278,1.0542643495762918,7.9793471871222135,3.2138812610681797,39.77471683000003
2,0.17099110097729475,0.1849833803129173,0.49066163675523944,0.8015975464190804,1.5821686007457256,1.056349029905161,1.0753321502661741,5.006132014557174,2.1004601504856004,39.77471683000003
