,MAE,RMSE,NSE,alpha,beta,HFV,HFV10,LFV,FDC,training_time_minutes
1,0.24674195916022978,0.4938690949566658,0.554438615113628,0.6761662580551696,0.7207935265402986,0.5797694622508577,0.6912397866323226,0.13807478037602686,0.5612748823115128,10.696810846666146
2,1.2445043414419443,1.4951569048485132,-3.0837334437983515,0.894562898808428,-1.740029605161652,0.18801018757867136,0.15297717166076472,-17.53118486752123,-6.23430214244095,10.696810846666146
