,MAE,RMSE,NSE,alpha,beta,HFV,HFV10,LFV,FDC,r2,training_time_minutes
1,0.177934203773172,0.3346165945114705,0.5134374764961436,0.8797625575033129,0.9586886723363476,-23.403711968670876,-7.403260830748228,4.02966668309086,69.47853615065186,0.2321445607690712,10.696810846666146
2,1.0493411159674644,1.2342127815062234,-5.61947863257591,1.1978585295260875,-2.9692215821270405,-74.93079600554147,-83.15135842225608,-114.33983856202174,,0.38079984816782475,10.696810846666146
