,MAE,RMSE,NSE,alpha,beta,HFV,HFV10,LFV,FDC,training_time_minutes
1,95.1152044971387,109.86719534427827,-403.5453847650522,10.019658208486902,-86.23683536691956,0.001441732710553931,-1.0489212687105516,-6599.43424899959,-881.5201161338094,9.886407521666843
2,1.6422030607572844,4.851664979731615,0.21111666319884403,0.36130092476980963,1.5027057925988252,0.3889051913304383,0.6964399504374698,18.38107402384479,8.476002403332423,9.886407521666843
