,MAE,RMSE,NSE,alpha,beta,HFV,HFV10,LFV,FDC,r2,training_time_minutes
1,83.90323632711299,97.8508402670442,-907.2326474654021,15.49705693938916,-107.25063077373895,-103.19940376062996,-196.46895704737292,-1152.9036531533254,,0.2532855550006259,9.886407521666843
2,1.4102915964565717,3.00587368840583,0.14294351765392677,0.6109720629948361,2.029236082884476,-40.1800625902359,-0.22068112688772795,51.90030284787362,-25.825383971927184,0.3822996408202334,9.886407521666843
