,MAE,RMSE,NSE,alpha,beta,HFV,HFV10,LFV,FDC,training_length_days,training_time_minutes
1,1.7003268981322677,2.0073257565708147,-3.0685750104628795,0.6422802456374411,1.647176942259764,1.1236660080627012,1.3344687266587167,2.110607147789549,1.9106068055609464,751,20.105943988333458
2,0.7354372274500802,1.0912888216111782,-0.2025026057984991,8.924903381445697e-16,1.1775568517895,0.6440528119969641,0.7789501440185503,1.7564767309600442,1.5483133664880948,751,20.105943988333458
