,MAE,RMSE,NSE,alpha,beta,HFV,HFV10,LFV,FDC,r2,training_length_days,training_time_minutes
1,4.943825640435177,5.301909599700306,-40.50486449616121,1.8450655624338823,2.6859086953587914,125.68001979946366,136.4244816218884,158.81780421590085,-8.035985319678026,0.1923011509245398,751,20.105943988333458
2,0.5582198534773098,0.83078007402992,-0.01907584212580815,0.0,1.038841908041621,-34.566476243737036,-29.386863412735437,-17.04286353811635,23.48110324279365,-1.861821721904633e-06,751,20.105943988333458
