,MAE,RMSE,NSE,alpha,beta,HFV,HFV10,LFV,FDC
1,8.75580812226535e+69,8.005002182020893e+70,-9.618999495142024e+140,3.0828427787103774e+70,-7.86786764636778e+69,-0.22242062372264254,-188352.77926272398,-2.7947000030065555e+71,-2.2172112849456478e+45
2,1.1732507105358516,2.2636399967097924,0.23083110952864616,0.5417238761171148,0.1559865918779889,0.45412214315123484,0.5159932124298489,-8.008732973243012,-1.1978619751846165
