,MAE,RMSE,NSE,alpha,beta,HFV,HFV10,LFV,FDC,training_time_minutes
1,31.324791347724265,36.26972457939952,-265.36532247219816,8.194714181983493,19.904775707626808,5.233642217795918,9.732557042599195,32.22917182487593,32.31864323122309,16.65746611500023
2,1.2680990361177447,1.8917003340795004,0.27540747413292466,0.7772951444837553,1.2689251959875758,0.7162772345734755,0.920713791481492,1.5808680425271453,1.8001879583520712,16.65746611500023
