,MAE,RMSE,NSE,alpha,beta,HFV,HFV10,LFV,FDC,r2,training_time_minutes
1,26.680240980887287,31.589856164799265,-191.14320359305978,7.626035572084433,15.641832498368741,393.46669190145724,711.946873813631,1118.343212896361,-29.391971661891702,0.3340729443576582,16.65746611500023
2,1.2743329299033193,1.792408802983787,0.3814086158214074,0.788808691259474,1.2095726981511299,-25.483196450933292,-14.754548408016715,1.9811675524764918,-35.75451918306842,0.4432451831706682,16.65746611500023
