,MAE,RMSE,NSE,alpha,beta,HFV,HFV10,LFV,FDC,training_time_minutes
1,41.96111944282204,43.09604982596587,-376.1973245533625,4.478105214770384,25.74007033750937,3.936871937991814,7.432065725913844,157.30962671049528,46.07116888800224,16.95871536666673
2,1.2257582396998716,2.0445548878518567,0.15103219218271224,0.7940291753928239,1.1299897815654139,0.7813358812981283,0.8942839313935226,2.498440512014637,1.306754832073397,16.95871536666673
