,MAE,RMSE,NSE,alpha,beta,HFV,HFV10,LFV,FDC,r2,training_time_minutes
1,42.57177185144312,43.485805654898385,-380.18368784602603,3.918340540390756,29.12363302402778,292.1823970187554,699.8148919460677,1281.9577964862253,-155.0652645686089,0.3487345627879791,16.95871536666673
2,1.0259593739541664,1.9789192977893784,0.21060306925362304,0.7456889702663979,1.1423429693194278,-27.396805365305557,-11.157716912389875,0.9758886283596638,-40.45915852684887,0.5055093245434478,16.95871536666673
