,MAE,RMSE,NSE,alpha,beta,HFV,HFV10,LFV,FDC,training_time_minutes
1,1.1105418551306219,1.8167646416761596,0.06836851829603252,0.7070925356200295,1.3403701124147374,0.6684659215916385,0.874218915442244,4.0947002496940685,1.9626916267115149,33.61653995000003
2,3.109800071217831,3.377696727253428,-2.2202391379589983,0.6224530008166407,3.3343109386774343,0.8174377988359602,1.225558716024683,22.709100315436967,6.29069704390874,33.61653995000003
