,MAE,RMSE,NSE,alpha,beta,HFV,HFV10,LFV,FDC,r2,training_time_minutes
1,1.2932821322527102,2.3476006218138075,-0.06994436658943548,0.906430184962566,1.4113021413841915,-8.337336760548123,-1.7831551121962592,13.77460723737834,-63.002669232909355,0.43475869049959615,33.61653995000003
2,3.2116185311332845,3.566125519544199,-1.4689143009214294,0.7547526268104627,3.2129254057593046,-8.726483236854111,22.73734742984239,78.42571167538279,-108.7214142504159,0.6280408429171649,33.61653995000003
