,MAE,RMSE,NSE,alpha,beta,HFV,HFV10,LFV,FDC
1,0.05087408563529886,0.14161152831797036,0.2725979962610867,1.5786439398724073,1.8482775815924304,1.429874398095562,1.7002798970469295,-5.409993038434668e-11,3.149608706259364e-08
2,0.07566483522481397,0.16756228627827624,-0.01842682069637047,1.4950475813421555,2.2115001439375863,1.1677024969514236,1.7182456489369313,1.659202665583127e-05,2.3143742281155264
