,MAE,RMSE,NSE,alpha,beta,HFV,HFV10,LFV,FDC,training_time_minutes
1,28945.025282120154,30095.522243166542,-13280875640.11625,31559.465403141698,-178432.70594228158,-0.14891489509562617,-10508.356900340377,-72762856.37530524,-52880412.76646519,24.347003178333278
2,9273.162888897357,12028.632074879308,-2121560515.8816102,29337.86112457438,-57164.08447368262,0.025481003133279154,-0.07964509302275503,-36283598.3876076,-25620324.262044642,24.347003178333278
