,MAE,RMSE,NSE,alpha,beta,HFV,HFV10,LFV,FDC,r2,training_time_minutes
1,24389.894712844103,27626.081920990127,-1570775434.6967504,18613.794208977164,-52866.87379739736,-3.624805432555937,-18.680725641690444,-735971.9953609341,,0.5455498184842366,24.347003178333278
2,0.24328123790533304,0.33094864948683156,0.7745777725875067,1.0047491593737667,0.7099333686030026,-2.8581623346348453,6.611636937057526,-16.332853354164588,-81.74082015436286,0.6711440968486493,24.347003178333278
