,MAE,RMSE,NSE,alpha,beta,HFV,HFV10,LFV,FDC
1,0.39343477605426036,0.5566825426818357,-0.3375440816516868,1.1137903503019249,0.9441938390156503,0.7532675353708587,0.7792206302036392,0.6297838933663037,1.0852178023091759
2,0.17550114685514256,0.2341545596207678,0.7633545614075866,1.1652759369300285,0.9234899911404322,0.9572118436704188,1.0326675360895092,0.8149231490305087,0.7439674131795336
