,MAE,RMSE,NSE,alpha,beta,HFV,HFV10,LFV,FDC,training_time_minutes
1,0.7592528818152389,1.8826573090678966,0.038369810294688445,0.7545410591657089,0.753805540218519,0.7782918071831695,0.7913898513120893,0.6788227711145124,0.6563627246819338,43.44385571833409
2,0.7159005484198883,1.755631585582243,0.16375735486601806,0.6117412837815878,0.8121580627719682,0.5947306049983084,0.6647609882194349,1.5048190589024661,1.0232337143764945,43.44385571833409
