,MAE,RMSE,NSE,alpha,beta,HFV,HFV10,LFV,FDC,r2,training_time_minutes
1,0.6295645121687296,1.8232867747867654,-0.07174051277020577,1.014816652137754,0.9587748563980312,4.428978574490148,-0.9002885132166956,-5.295721268981537,-23.6886370807808,0.41933104210415806,43.44385571833409
2,0.5757824998062365,1.5246003964759918,0.2506378714256583,0.8071783096126781,1.0177572175633256,-19.965737045629606,-17.870902069386382,-10.948096996943672,-41.06154105801666,0.6479759416745082,43.44385571833409
