,MAE,RMSE,NSE,alpha,beta,HFV,HFV10,LFV,FDC,training_time_minutes
1,55.332998691141135,55.78226148232004,-985.7440716629952,3.9321596868623687,56.32015126406449,5.84008159081021,12.386670578341779,510.3694368281925,135.86182448554848,15.809509534999961
2,0.9007385303891775,1.5072623987587737,0.2795729321921161,0.75068813586463,1.418877847016628,0.7155495701829324,0.9398901694890411,4.376829962250353,2.3128108673839303,15.809509534999961
