,MAE,RMSE,NSE,alpha,beta,HFV,HFV10,LFV,FDC,r2,training_time_minutes
1,54.356679020627666,55.141769171479275,-564.9999564278231,3.99884186187485,45.96309375641167,345.7709000261832,898.7078091473511,1881.8254904496926,-110.31644071440294,0.31608845452295775,15.809509534999961
2,1.1214339871070773,2.0584278149979642,0.21127376022253452,0.6375862250668602,1.310087146474721,-37.37549385474266,-18.08354778782684,3.5317912695074583,-51.07595644090912,0.44242829169445785,15.809509534999961
