,MAE,RMSE,NSE,alpha,beta,HFV,HFV10,LFV,FDC,training_time_minutes
1,0.028884805136623122,0.05531733110498161,0.8511794708562035,0.9977684675947618,0.7162934824673722,1.1796034381977658,0.9371201709974754,-1.3507027406739094e-11,-5.663381599804493e-16,18.800638453332553
2,0.2071611497243981,0.2206454275314795,-1.3677196103155973,0.8630098012844054,3.5843795411758688,1.3250981466375458,1.1950680427999933,1169.3580020312836,207.1295440899621,18.800638453332553
