,MAE,RMSE,NSE,alpha,beta,HFV,HFV10,LFV,FDC,training_time_minutes
1,0.10306841373128546,0.10950024366939069,0.8577507920064887,0.8386162060840935,1.1926302350155336,1.025277503421925,0.9805650357896424,1.4946649581404807,1.437606031511035,11.481654918333515
2,0.12300802287076033,0.13204995941445336,0.7931306118535979,0.7809916721548084,1.2340731508273703,1.0012889207504914,0.9591491829084572,1.6003059718055006,1.5399692505807074,11.481654918333515
