,MAE,RMSE,NSE,alpha,beta,HFV,HFV10,LFV,FDC,r2,training_time_minutes
1,0.09361707977374946,0.1048318545258853,0.9529864230768723,0.9142713721036275,1.0917796463475227,-1.454421471238137,1.706019641296143,-1.9106178902115138,-32.561482828905106,0.8150474842161859,11.481654918333515
2,0.10851751153359693,0.11992098220420253,0.9384784723279797,0.8975045529628586,1.111994617999415,-0.07506815380127506,1.531687766447919,-2.7899159019189694,-38.874011981413666,0.8903208717556469,11.481654918333515
