,MAE,RMSE,NSE,alpha,beta,HFV,HFV10,LFV,FDC
1,1.6807226989945465,3.3214323795661675,0.1774469031824143,0.5807720107022789,1.1123415616903043,0.5397827696985714,0.7469859106967467,3.5132973702656383,1.7338883872415944
2,2.3485721809644713,3.553395479552986,0.05854362077748443,0.5284198268498942,1.6274139626786606,0.5541510049449393,0.8128750496321177,9.236515894051623,3.0169078996155485
