,MAE,RMSE,NSE,alpha,beta,HFV,HFV10,LFV,FDC,training_time_minutes
1,0.7607592137073528,0.8101334787893125,-25.079477464363656,0.8358689678891176,-9.31192109658876,-0.5300297122290062,-1.2298550965276183,-7300.808080510661,-3934.057298738164,67.44360112166687
2,0.017684671654812006,0.040049498542423234,0.9362647209939308,0.8804824514867118,0.8033903964230871,0.9586856213145972,0.8614424698146197,-7.89271088778885e-07,6.3727767879247754e-09,67.44360112166687
