,MAE,RMSE,NSE,alpha,beta,HFV,HFV10,LFV,FDC,training_time_minutes
1,0.2835499836061425,0.36590259209022286,0.4034837614521326,0.7718965190748637,0.3372719790291743,0.8296472470588981,0.6597894954770241,-4.2930463104556286e-14,7.996744501562787e-08,14.318158331666686
2,,,,,,,,,,14.318158331666686
