,MAE,RMSE,NSE,alpha,beta,HFV,HFV10,LFV,FDC,training_time_minutes
1,0.7572402069983629,0.872698633432107,-6.877756060331424,1.6025176094010332,5.289345190581387,0.9562039669147931,2.136144655381766,15.860514087730142,10.281787822879629,15.540550320000087
2,2.2287078347643807,2.5833583773560473,-68.03085503499456,3.8595394116331936,-12.332022851778612,-0.0743944503250414,-0.35303954220273986,-180.118971493468,-26.823114730920704,15.540550320000087
