,MAE,RMSE,NSE,alpha,beta,HFV,HFV10,LFV,FDC,training_time_minutes
1,1.6407909524954627,3.044317053224703,0.19330455083735232,0.9141096428156551,1.0159067414302738,0.8248853067215212,1.0141765659804745,0.886002734617027,0.9661679888217926,24.894218923332907
2,1.5659019887187264,2.8513577454189614,0.2923259591490942,0.8031515184712343,1.1245269532733413,0.755401836371542,0.9226232801028025,1.7331623346454113,1.3363659398315624,24.894218923332907
