,MAE,RMSE,NSE,alpha,beta,HFV,HFV10,LFV,FDC,r2,training_time_minutes
1,1.828201813490296,3.59835646626766,0.14742947242383997,0.9989149602812923,0.996669180617229,-4.19865993790575,4.1787145828092225,4.7182415216898,108.46171020550975,0.44484019335171054,24.894218923332907
2,1.747125543979939,3.2706017373989353,0.2956682373211914,0.8548194782328019,1.0988795697393572,-17.759552102701218,-5.753053950045887,3.048529148989565,-93.90637443129137,0.5791297891035099,24.894218923332907
