,MAE,RMSE,NSE,alpha,beta,HFV,HFV10,LFV,FDC
1,0.01483142145247764,0.019165639606255863,-1.6135538086356944,0.03203760016540278,-0.0177617684726528,1.2036186809978055e-06,-1.2691348715390606e-07,-0.5064496653819838,-0.0019488451797315268
2,0.014348915644758964,0.018416540345581277,-1.4132421867446898,0.03649991202585784,0.0154136145363433,0.04305939642052409,0.04008121834858492,-0.00014909820284274763,0.0008625515474677088
