,MAE,RMSE,NSE,alpha,beta,HFV,HFV10,LFV,FDC
1,0.674730444276801,1.0767824441861527,0.46663820033877645,0.5669298654039706,1.0487831632248228,0.5327075715326972,0.624319057304057,1.4329000334677915,1.9764974523845524
2,1.9625013682970742e+70,1.7978671277425182e+71,-1.4868979364822936e+142,1.2120978140502142e+71,-1.9222545905885638e+70,-0.44611789807846164,-334383.68163270364,-3.0250952990468085e+71,-2.3658322595592076e+45
