,MAE,RMSE,NSE,alpha,beta,HFV,HFV10,LFV,FDC,training_time_minutes
1,0.026994735922207445,0.0510069328327283,0.8384688469526558,0.823656674623135,0.5808879026608803,0.9239097790041942,0.7777556271493415,-2.8775744083537066e-12,-1.1543389149792738e-15,12.486189071666619
2,0.026806824543182478,0.053162050976614944,0.8245306246894267,0.6911730865731679,0.619677851615159,0.7588229124745292,0.689147401414235,0.011684731495023647,1.246747243157446,12.486189071666619
