,MAE,RMSE,NSE,alpha,beta,HFV,HFV10,LFV,FDC,r2,training_time_minutes
1,0.05312666243387046,0.08938084604082343,0.8588605609429605,1.083026821947739,0.746661918416138,17.42969496886562,5.903071645274841,-16.59233070777995,,0.8970571537598981,12.486189071666619
2,0.036547719560080745,0.06450507456394504,0.9264898637273234,0.8884001478707572,0.7966966586076484,-4.099566670139347,-13.134903827586864,-19.95098604911091,13.618635227772048,0.937808867880442,12.486189071666619
