,MAE,RMSE,NSE,alpha,beta,HFV,HFV10,LFV,FDC,training_time_minutes
1,105.20433319069069,150.43505333632558,-0.28209561504289393,2.1392491012000252e-16,0.6542341889883838,0.20671548323969033,0.30078644412270333,1.3202287980500071,0.8187082987306495,60.63205045499999
2,105.20433319069069,150.43505333632558,-0.28209561504289393,2.1392491012000252e-16,0.6542341889883838,0.20671548323969033,0.30078644412270333,1.3202287980500071,0.8187082987306495,60.63205045499999
