,MAE,RMSE,NSE,alpha,beta,HFV,HFV10,LFV,FDC,training_time_minutes
1,0.05768588145647112,0.11953215528800239,0.07991450087735208,0.23766601827643166,0.09061372041031741,0.31925711904563764,0.17869990848468656,-12.998659753058325,1.6663292382434757e-15,18.1284654316667
2,,,,,,,,,,18.1284654316667
