,MAE,RMSE,NSE,alpha,beta,HFV,HFV10,LFV,FDC,training_time_minutes
1,131592008.85674323,134008197.39724274,-6036334428618531.0,14687060.875405028,132730019.80465306,14910771.989662739,30306962.894253343,1446487594.860257,339481780.97082335,21.318946403333392
2,23.079607983873586,23.69748358395087,-187.76219737067925,3.075860077814323,24.24646544422556,3.3210666180800774,6.1036555394053265,247.14301460470446,62.214622879914906,21.318946403333392
