,MAE,RMSE,NSE,alpha,beta,HFV,HFV10,LFV,FDC,r2,training_time_minutes
1,,,,,,,,,,0.7574752550377284,21.318946403333392
2,,,,,,,,,,0.8051207461385474,21.318946403333392
