,MAE,RMSE,NSE,alpha,beta,HFV,HFV10,LFV,FDC
1,1.928608000095281,2.8651685907160402,-0.3781969022010161,0.3828662059038573,-0.11947876061323472,0.3016375940035089,0.3010713659349275,-5.566269014312969,-0.5973116531884454
2,1.4021384123381537,2.323056289690218,0.09399546241827261,0.4361721343656773,0.9741683412555073,0.4318182957313707,0.5923886709983704,4.337085896515954,1.5342970527292434
