,MAE,RMSE,NSE,alpha,beta,HFV,HFV10,LFV,FDC,training_time_minutes
1,0.7618649290376318,1.981780869329848,0.2610583218000734,0.6126712762010477,0.6394989056281117,0.6017505198759358,0.6473640424764759,-2.0369809345503023,0.17833351102764536,32.32937968833333
2,0.8707066311963187,2.0374269438568757,0.2189784997918922,0.5651443351429436,0.5274718597941034,0.47422874020473116,0.5568266492534532,-22.36057402409826,1.0220086905523924,32.32937968833333
