,MAE,RMSE,NSE,alpha,beta,HFV,HFV10,LFV,FDC,r2,training_time_minutes
1,0.6703874910960597,1.8716955593298013,0.1484503088719128,0.8676758960537414,1.0163184154768308,-15.382409628962897,0.8184288769004904,7.726147397862606,,0.34795477935933794,32.32937968833333
2,0.6869719629689414,1.749042131935882,0.2563987381145072,0.6942787456101324,0.8927281545934072,-35.77899500894181,-18.03540018606247,-1.644913322384948,,0.27156707581806183,32.32937968833333
