,MAE,RMSE,NSE,alpha,beta,HFV,HFV10,LFV,FDC,training_length_days,training_time_minutes
1,0.19150073021415615,0.2797510823761386,-0.49482064220058697,1.6199594990090231,1.5281939761895271,1.3782784616859536,1.596953893704639,1.0562790467229346,1.0467983025950394,394,33.51156076833334
2,0.12540119120661955,0.19305841328194587,0.28809343097035234,1.121065454134262,1.3492244591949938,1.0182398051006925,1.160738928187671,1.1518605768683,1.1751421532296482,394,33.51156076833334
