,MAE,RMSE,NSE,alpha,beta,HFV,HFV10,LFV,FDC,r2,training_length_days,training_time_minutes
1,0.16488435589328443,0.2070835961277742,0.397444233695764,1.1188028413943767,0.9282933314456293,11.086673581455512,7.860348764728249,0.5055917646679466,58.146365723115636,0.25287873364115543,394,33.51156076833334
2,0.1678543614348397,0.20920995606562573,0.3850064695777865,1.1357695370544716,0.9580810184457359,7.2221729641832715,3.5493507240825415,2.888576231457566,79.300337763895,0.34747492201169383,394,33.51156076833334
