,MAE,RMSE,NSE,alpha,beta,HFV,HFV10,LFV,FDC,training_length_days,training_time_minutes
1,0.25583376869546404,0.39697890327347785,-0.27109844185505594,1.2969317085908274,0.9785148862411596,1.1667766297005517,1.26391384289393,0.07646973017492517,0.21124697876675938,623,117.61906062999999
2,0.31753381690313986,0.41710940618943093,-0.40327988047936625,0.8980633596335491,1.471285161947947,0.8848615465925931,1.0399767153372215,3.598815198436301,3.8397168357534355,623,117.61906062999999
