,MAE,RMSE,NSE,alpha,beta,HFV,HFV10,LFV,FDC,r2,training_length_days,training_time_minutes
1,0.3394850296097437,0.5014354552794147,0.5510110236909581,1.124330312265365,0.6522240399768232,46.561482765680886,-1.5620006458639013,-23.19828788703143,109.11376110032197,0.051234726811708375,623,117.61906062999999
2,0.13933514216934545,0.2556462774516369,0.8832963209117454,0.7903794263498559,0.918729207481779,-23.1897731204025,-24.89682776096146,-11.555645655859754,-11.370525877299697,0.06522237962737087,623,117.61906062999999
