,MAE,RMSE,NSE,alpha,beta,HFV,HFV10,LFV,FDC
1,0.8263002984145047,1.3115444928475724,0.28524331305396533,0.852459751589943,1.4304959524922674,0.7251853107973926,0.9887333109007574,0.5610171086006935,2.3719897944730377
2,24203579.303364124,75102742.55178635,-2343709410866681.0,45828944.50303561,-26765778.955243487,0.0104937206694759,-0.8548839485522827,-414923866.79681873,-308649.1726762414
