,MAE,RMSE,NSE,alpha,beta,HFV,HFV10,LFV,FDC,training_time_minutes
1,0.061492817587653896,0.12327840872320375,0.9102693601474019,0.9125311764929892,1.1446344300016613,0.8604944582274263,0.904925252383032,0.14466318864745248,16.55834764862698,53.035720258333214
2,0.07680270864974595,0.14850424370425983,0.8697899656063497,0.8932323397719194,1.1800892524530204,0.8250583610536548,0.8799818601868653,0.9101003440864219,33.674131924315326,53.035720258333214
