,MAE,RMSE,NSE,alpha,beta,HFV,HFV10,LFV,FDC,r2,training_time_minutes
1,0.13827283180360417,0.2251446210786024,0.926925550896329,0.9556935063079486,1.0214829675455488,1.1824748754036947,1.0113433046964888,2.976717343676844,3.459162541566774,0.7270318375741252,53.035720258333214
2,0.15052845614539698,0.2318022877300357,0.9225399390777074,0.9234512742417834,1.0531170963859602,1.0804475792239063,0.965610163664439,9.432923582819788,4.1747946114611905,0.7583175949034264,53.035720258333214
