,MAE,RMSE,NSE,alpha,beta,HFV,HFV10,LFV,FDC,training_time_minutes
1,0.5683215597796349,0.6839951726589555,-0.14054473169130954,0.7017204300659572,0.3738587403644815,0.5675514859580528,0.5566771745615219,0.01703395816521286,0.19489831596414214,52.14302581666659
2,0.5189647140855936,0.7103786841305869,-0.23022937347127703,0.4170397098461539,0.42898687365822835,0.41266619407635974,0.3731404190196202,0.30749009172022795,0.4695057161371601,52.14302581666659
