,MAE,RMSE,NSE,alpha,beta,HFV,HFV10,LFV,FDC,r2,training_time_minutes
1,0.4073391023195188,0.44474505147282145,0.6472103590055294,1.2346437735538311,0.8366240793190951,-2.0244322181582297,-6.2076646150984445,0.5625741696939998,417.2737010674384,0.3715757615964814,52.14302581666659
2,0.3596700612714468,0.524367926928227,0.5095826620751336,0.7335770887329007,0.9479533952688174,-27.078338775461262,-30.05329071007999,-18.77903945532021,5.20123496685787,0.7404736938648893,52.14302581666659
