,MAE,RMSE,NSE,alpha,beta,HFV,HFV10,LFV,FDC,training_time_minutes
1,24.428111680698677,30.7877148920449,-28.172347747813262,4.8821329294071845,-0.8004433876833625,1.80436445886959,2.465118384897723,-11.254781057471178,-5.532807359647027,183.14554509499965
2,22.317073033488413,28.88951468344604,-24.686028610404996,4.814810324788185,3.2490313112772577,2.8907896343364556,3.8990973784904184,-2.799702296247822,1.2419505551989811,183.14554509499965
