,MAE,RMSE,NSE,alpha,beta,HFV,HFV10,LFV,FDC,training_time_minutes
1,0.16722650170360492,0.2614771444578099,-1.3899982076998811,0.3529657979115202,0.021216702442138857,0.1564404089939078,0.156422601431086,-0.6066239516476858,8.036745752061936e-14,91.1976053566667
2,0.07828299542736046,0.08486795528612867,0.7482221120586776,1.2010622912939068,0.6768044925525344,1.0253420905053598,1.027370776381594,1.6368870902070305e-05,0.018186674318142037,91.1976053566667
