,MAE,RMSE,NSE,alpha,beta,HFV,HFV10,LFV,FDC,r2,training_time_minutes
1,0.3584096616126854,0.6660210564090385,-2.386486291111101,0.6724380160482102,-0.07369391921277046,-91.91611134324822,-85.55603067869357,-84.07190757194721,,0.5094663681715426,91.1976053566667
2,0.09076991193306502,0.10388823693463124,0.9176039951523822,1.1121228143921291,0.8279964760908042,1.4766813154388998,-2.2092711272818755,-0.31206352152305444,368.71477728941954,0.9332002763395223,91.1976053566667
