,MAE,RMSE,NSE,alpha,beta,HFV,HFV10,LFV,FDC,training_time_minutes
1,0.11154480297701534,0.1593159473079622,0.3295747799389086,0.7106299780129076,1.4498387400734112,0.7127529681335156,0.9530307026573216,2.3710115087379746,1.8097677299265023,22.740319323333097
2,0.08850921686608547,0.15367693478373948,0.37619446797514167,0.9128932364841839,0.9437908281878089,0.8855787134322548,0.9810608544751047,0.8893728504296994,0.8092893076315449,22.740319323333097
