,MAE,RMSE,NSE,alpha,beta,HFV,HFV10,LFV,FDC,r2,training_time_minutes
1,0.11919358039971875,0.18485167877456846,0.37188152339184133,0.6148115990449654,1.4881860487066638,-45.64476159846419,-4.92633759788731,22.074400129057203,-21.741598961315468,0.2251440430170416,22.740319323333097
2,0.09555225579280306,0.16971456363345444,0.47054019641880473,0.6871325324226606,0.9948708765510975,-41.867515850256645,-7.718766248122504,3.382683386971,-2.8138846933884594,0.23253835131380418,22.740319323333097
