,MAE,RMSE,NSE,alpha,beta,HFV,HFV10,LFV,FDC,training_time_minutes
1,2.5692261950154807,5.406634370056564,-0.2863965006412936,1.071394480308338,0.8830969549842387,1.0082986843933843,1.0846750531580294,0.3540400653610431,0.6052028165097909,17.263904948333707
2,2.2034887195840103,4.370845227575887,0.15927936929235043,0.7502091041168472,1.1515513177056946,0.7141999465792139,0.8473460296146784,2.098619696897207,1.4143833048926022,17.263904948333707
