,MAE,RMSE,NSE,alpha,beta,HFV,HFV10,LFV,FDC,r2,training_time_minutes
1,2.0355758353308526,4.720798418606656,-0.24101414996386916,1.2224595957301798,0.8974540775725096,30.930666050063493,21.142890123059384,7.397217014276611,542.3775003591687,0.5105923795732937,17.263904948333707
2,179168.37599326365,269756.90839140187,-4052200933.0121493,47588.000440481854,68197.55196555927,1843164.5569450902,4262190.299882553,7504807.464311763,7847.061223061061,0.7372209064770845,17.263904948333707
