,MAE,RMSE,NSE,alpha,beta,HFV,HFV10,LFV,FDC,training_time_minutes
1,0.3240733518444568,0.44817365386880204,0.7346238854433368,1.1103402341055744,0.8022627361639612,0.882682098074908,1.0550189784523953,-0.017289181869704146,0.15128261855681696,12.739977568333355
2,0.27519670208090163,0.4038109264913979,0.7845605072108248,0.9635982063352028,0.8701071961166756,0.722764488949325,0.9104873809286551,0.03741158486387874,0.43275862794222825,12.739977568333355
