,MAE,RMSE,NSE,alpha,beta,HFV,HFV10,LFV,FDC,r2,training_time_minutes
1,0.3158008705537217,0.5113637596074612,0.5937459992268211,1.0141625084798773,0.8118477850320316,-25.238364163266933,3.3987498894114805,9.376689952536038,,0.2569112917188303,12.739977568333355
2,0.2826093405356104,0.4573856174224095,0.674985477849926,0.9328464874591706,0.8842039742535696,-33.27344561398757,-5.058953781062812,12.512068977347857,,0.2991728321248661,12.739977568333355
