,MAE,RMSE,NSE,alpha,beta,HFV,HFV10,LFV,FDC,training_time_minutes
1,,,,,,,,,,15.194205023333295
2,18.272572321844237,18.602914907322955,-25.895936675020874,0.8566059922981589,15.539523313128743,1.5306922545721047,2.9480024515015972,564.4775365302892,75.14917994621973,15.194205023333295
