,MAE,RMSE,NSE,alpha,beta,HFV,HFV10,LFV,FDC,r2,training_time_minutes
1,,,,,,,,,,0.2798425993924978,15.194205023333295
2,18.148321931807587,18.531014110608407,-33.91699782481224,1.1185711237030234,16.302481814929024,49.65293578381398,221.7447147612744,553.627374580397,-99.45477280766931,0.44975422636421236,15.194205023333295
