,MAE,RMSE,NSE,alpha,beta,HFV,HFV10,LFV,FDC,training_time_minutes
1,0.0409389456659285,0.06694220305271414,0.7972445354542494,0.7618889884236366,0.5368839208106632,0.8443786217040239,0.7370291330653552,-1.6067220997669871e-12,-9.462603096252444e-17,11.447633318333343
2,0.04563376307383822,0.07553472622921432,0.7418537115558546,0.6670464894428358,0.48134065381818475,0.7210448772866889,0.6513214192926702,-1.6287045999592e-12,-1.1783734033209609e-16,11.447633318333343
