,MAE,RMSE,NSE,alpha,beta,HFV,HFV10,LFV,FDC,r2,training_time_minutes
1,0.07629854742503735,0.15425588604881157,0.8988360382145738,1.0501424116572284,0.8190503974334605,2.4157388631975194,6.981318214074051,-8.651792608829295,,0.5531735947079641,11.447633318333343
2,0.07884818435643295,0.15885978864694686,0.8927072688912476,1.0655956951486194,0.8210356301117682,3.7842180908248144,8.42415173240303,-8.202339358095417,,0.5831866826669635,11.447633318333343
