,MAE,RMSE,NSE,alpha,beta,HFV,HFV10,LFV,FDC,training_time_minutes
1,0.23817660945295863,0.4148747726960217,0.5949037888611033,0.7556306842092309,0.34824251757959346,0.754913872888738,0.6582604980768857,-3.569668684134671,-0.6072205104081625,7.23865166833372
2,0.2914007946030473,0.4183262175743645,0.588135562960207,0.7404496978384771,1.3720406272247918,0.8083078590997761,0.786386295421995,3.6031428018979446,4.191354329675093,7.23865166833372
