,MAE,RMSE,NSE,alpha,beta,HFV,HFV10,LFV,FDC,r2,training_time_minutes
1,0.17272087852181217,0.2873323481850471,0.7299261462208202,0.9427234049605804,0.6490992492071908,-20.001297711148055,3.6212911777014516,-5.227805154065219,,0.3635338106041359,7.23865166833372
2,0.22737685300588803,0.3132250242822854,0.6790581138779546,0.8473061184902977,1.5801360290001276,-18.387815260312955,2.320179093435593,24.69732018232233,-16.047752170770192,0.40280636539207393,7.23865166833372
