,MAE,RMSE,NSE,alpha,beta,HFV,HFV10,LFV,FDC,training_time_minutes
1,0.09618117712276235,0.16607273156600574,0.32487231103408576,0.8358822636178889,0.4498867973482494,0.8512780475210839,0.7260864096508827,-4.439800650837095e-07,2.255094316823214e-12,40.768598764999965
2,0.5333694838856787,0.5485638384120848,-6.3662018053298635,1.10582802450338,-2.6379958086939954,0.300365953282559,0.20847068726666773,-13.280585868491723,-7.736580053268313,40.768598764999965
