,MAE,RMSE,NSE,alpha,beta,HFV,HFV10,LFV,FDC,r2,training_time_minutes
1,0.1169113881565127,0.15335893046651514,0.8364177529339493,1.063490789218979,0.7390416754917726,0.9335807957992511,1.1258850865036565,-6.079418479547996e-14,0.09988952193177238,0.5879461074239172,40.768598764999965
2,1.332904849156726,1.3807661105436342,-12.260450107959608,1.5375844337476088,-4.168883788575929,0.461859839462905,0.29569703339478814,-21.900012245703355,-13.811852726273596,0.6532827787379173,40.768598764999965
