,MAE,RMSE,NSE,alpha,beta,HFV,HFV10,LFV,FDC,training_time_minutes
1,0.5478985279365708,0.9254013545922914,0.529818182314113,0.48074405208050985,1.1483298459338356,0.4238969302245312,0.5400263387685252,2.724927407840761,4.194472713572958,8.736383768333326
2,1.9484616880854126,2.286482356807311,-1.8703924430971268,0.7326671908613819,-1.922724092100558,0.2526948646549203,0.14218742533117848,-36.75954459620038,-11.063674205227128,8.736383768333326
