,MAE,RMSE,NSE,alpha,beta,HFV,HFV10,LFV,FDC,r2,training_time_minutes
1,0.4539102642753024,0.7190676058282989,0.44349456408311805,0.5722220038009136,1.503213067206779,-48.810156265714724,-28.59837232397783,7.06462638978769,-11.882260004552819,0.2024696371287975,8.736383768333326
2,1.0573297789300669,1.3841315787404613,-1.0619812737944776,0.8191447597515217,-1.4114107914368652,-61.068157038423905,-66.92509421446178,-79.58857075082095,,0.21131777130394047,8.736383768333326
