,MAE,RMSE,NSE,alpha,beta,HFV,HFV10,LFV,FDC,training_time_minutes
1,2.8915992235917662,6.210580747264902,0.3897747762972247,1.0947636178789353,1.1065486259443522,0.9830093028918699,1.1649814308497248,0.4818155950387254,0.7324334714023805,11.718577938333814
2,32.098126833741325,124.04693424133977,-242.44328553952428,15.06310642766516,7.3262466865533495,11.868528517087562,12.89657742843811,1.9617002257398684,1.435681017075263,11.718577938333814
