,MAE,RMSE,NSE,alpha,beta,HFV,HFV10,LFV,FDC,r2,training_time_minutes
1,2.249483430882432,4.795535660873935,0.5515417016697769,1.0347737608079293,0.9180431697168091,1.8667029985304793,4.3888797060042615,-1.2687807163422562,53.44033370496105,0.41768031414763307,11.718577938333814
2,2.2610129014404365,5.000311032704281,0.5124245235273254,0.9270688658261377,1.0125935764674412,-10.401382387526763,-2.022406063633193,-0.264344637376835,-46.183025405029845,0.1726185221652783,11.718577938333814
