,MAE,RMSE,NSE,alpha,beta,HFV,HFV10,LFV,FDC,training_time_minutes
1,0.946877237697268,1.9486443250569938,0.13667133961202993,0.7394787368815747,0.9139237419001108,0.7303088735735652,0.9076773914640481,0.5968513728166085,0.780676254476153,18.708028185000877
2,1.2096673552866652,2.2176570168137686,-0.11814921299712333,1.016888115313936,0.8861253814394081,0.7433643150753038,0.8694930145433658,-2.6728410708888997,1.264213136170572,18.708028185000877
