,MAE,RMSE,NSE,alpha,beta,HFV,HFV10,LFV,FDC,r2,training_time_minutes
1,1.065751029010914,2.122058523682345,-0.09287449549203641,0.9013441140496687,1.0002995099200267,-15.839385296515552,2.0471819213029017,7.839580187023147,40.68663966766331,0.3025176263659717,18.708028185000877
2,1.4890969990208511,2.278623627048854,-0.2600876914738559,0.9489412676716519,1.0320062784698525,-35.26513310898845,-4.569985728292552,17.992249017679292,,0.18252319479451418,18.708028185000877
