,MAE,RMSE,NSE,alpha,beta,HFV,HFV10,LFV,FDC,training_length_days,training_time_minutes
1,0.25647942568204607,0.32569195094575787,-0.5624251313096453,1.482532171659288,0.7854747475205662,1.396760317237946,1.19003352325812,0.5210981507399827,0.5211958549627927,500,90.76217948833333
2,0.20798174635392722,0.2588128760206895,0.013364080910067022,1.2250783816705284,0.9385982479845744,1.2560242235643733,1.1736933493383337,0.8611305897515297,0.8437268182761284,500,90.76217948833333
