,MAE,RMSE,NSE,alpha,beta,HFV,HFV10,LFV,FDC,training_time_minutes
1,0.14487529624874873,0.16982901370347658,0.764410082621225,1.329564564073575,0.7934636995022029,1.0795985163980137,1.2084147593551022,3.185707064929618e-05,0.03717881628116386,8.947713678333093
2,0.14557439934705976,0.17092080314408428,0.7613712453401913,1.3369125320596846,0.7945383229507071,1.090069872299586,1.2155575376442997,2.5550855334503783e-05,0.034233000209988595,8.947713678333093
