,MAE,RMSE,NSE,alpha,beta,HFV,HFV10,LFV,FDC,r2,training_time_minutes
1,0.19722004175209143,0.24557521994384213,0.9299096184884945,1.081673933306866,1.0140496903129843,1.4923438650078922,-0.09527729510055584,8.879942306313808,306.92124516284724,0.6064346261230902,8.947713678333093
2,0.19978376241870252,0.24900916133371465,0.927935729990478,1.089575482969904,1.015418192228733,2.695444189712514,0.6434891798593186,9.294595732377417,314.24916090914553,0.6398758904061699,8.947713678333093
