,MAE,RMSE,NSE,alpha,beta,HFV,HFV10,LFV,FDC,training_time_minutes
1,1.895360937320238,3.8586631419134,-0.11016324529196497,1.002444768969824,1.0329494276576348,0.9524621513764089,1.1132236657548744,0.5556409477418017,0.7715243496407295,17.020565713333294
2,1.9591636264266992,3.865921402610994,-0.11434367384295596,1.0139192995735922,0.9769690480230536,0.9508624511316941,1.1047965347589155,-0.8008220200544813,0.7472354835324583,17.020565713333294
