,MAE,RMSE,NSE,alpha,beta,HFV,HFV10,LFV,FDC,r2,training_time_minutes
1,1.6906366510809143,3.8084136837182547,-0.08099697816319318,1.0497130579541285,1.0024533130855378,4.61997331806356,8.064385421283493,7.887524723255001,69.4471511278856,0.4106080442102892,17.020565713333294
2,1.6090380116776313,3.7198817887492726,-0.03132257448737996,1.036883715822404,0.9840078317194374,3.660716832460921,6.4839237276965065,6.500365697069232,117.57492819864174,0.4141379429577674,17.020565713333294
