,MAE,RMSE,NSE,alpha,beta,HFV,HFV10,LFV,FDC,training_time_minutes
1,1.2626767017021148,2.6155057367115253,0.1939879555870403,0.7139603193502413,0.8607528399168163,0.7498903802553559,0.7909542616737252,1.5189283955422288,1.032404143275749,16.86733513666744
2,1.2885936633113804,2.620290878506938,0.1910360140145353,0.659199735322425,0.9330342589455685,0.722033890665737,0.7486604721676527,2.4904566881333037,1.2802918724192176,16.86733513666744
