,MAE,RMSE,NSE,alpha,beta,HFV,HFV10,LFV,FDC,training_time_minutes
1,0.03010810641706164,0.06138160884946095,0.9169769433768117,0.8729574759712088,0.731169969837805,0.9638393982871616,0.8517258949718745,-1.4474204991457524e-11,1.111963048701284e-11,12.953147918333222
2,0.03112805424348582,0.06559967403109522,0.9051744115338539,0.8933582443436785,0.768356712591721,0.9916090269337369,0.8772248410649187,-1.701139139103644e-11,1.4582283842533998e-09,12.953147918333222
