,MAE,RMSE,NSE,alpha,beta,HFV,HFV10,LFV,FDC,r2,training_time_minutes
1,0.05907655986635214,0.11146021498364894,0.939787971873707,1.0153242200098893,0.8656622332869615,3.8914384605271746,4.770765335407793,-8.660034406381353,,0.7732791204486149,12.953147918333222
2,0.06548529778639323,0.12758281826861642,0.9211089228527213,1.0177297599642512,0.9088647376927417,3.24968501491882,6.097500565250003,-5.7261273304918445,,0.8541539705364846,12.953147918333222
