,MAE,RMSE,NSE,alpha,beta,HFV,HFV10,LFV,FDC,training_time_minutes
1,0.22094534635537916,0.3614601078375071,0.4157922055724368,0.8774683147021947,0.4678518206356489,0.9710986131691448,0.7966978032911317,-1.2907145675116809e-13,1.883170628955657e-09,25.474511916666717
2,0.18365330244021028,0.3375528084685907,0.49051658549320587,0.7949427834982248,0.5137244487641761,0.8070682723872513,0.7495627552816776,-1.5868636128942336e-05,0.007117446162207078,25.474511916666717
