,MAE,RMSE,NSE,alpha,beta,HFV,HFV10,LFV,FDC,r2,training_time_minutes
1,0.25451621799894086,0.30605879243267914,0.8721480501504779,1.1491950266914275,0.7558188741773013,3.8532915171568947,14.865179942969755,-3.87782649903142,,0.4078238926098001,25.474511916666717
2,0.17023945940457302,0.2222087289094891,0.9326062123475154,0.9957878127977533,0.8299170286410708,-12.992213373525757,-2.4889600340115168,-1.7493410292301836,426.48018312113464,0.5649432851101748,25.474511916666717
