,MAE,RMSE,NSE,alpha,beta,HFV,HFV10,LFV,FDC,training_time_minutes
1,0.059179404940339325,0.08812609102291312,0.5424929746376795,1.2922362124716682,0.6959818969233256,1.364105134332375,1.1981126598196303,-0.001087356416125226,5.982122443286232e-07,11.609861174999969
2,91640.64291061317,98322.15556567586,-569497125610.1892,273442.31157289556,850793.9995769185,180631.41383327465,251314.88053774726,5673301.428747359,1733006.4147580543,11.609861174999969
