,MAE,RMSE,NSE,alpha,beta,HFV,HFV10,LFV,FDC,r2,training_time_minutes
1,0.1291873807359231,0.17518715764458342,0.4550570260129416,1.1839583459454703,0.6944995971531457,-7.262475301979207,15.363196071858612,1.5343192826447534,,0.24167550814898597,11.609861174999969
2,,,,,,,,,,0.3887079862135967,11.609861174999969
