,MAE,RMSE,NSE,alpha,beta,HFV,HFV10,LFV,FDC,training_time_minutes
1,25392147.284739677,29170236.831292342,-149587741036204.56,6019921.7269321,28431367.094086997,2563774.125594763,6558550.536939066,392210348.4378106,130673178.20773144,47.905549361666395
2,7299282.1018038755,8355637.450191743,-12273693364397.578,1705055.425871024,8172943.576822737,733256.9055207894,1875789.9129785693,118922156.78894836,37370316.7933646,47.905549361666395
