,MAE,RMSE,NSE,alpha,beta,HFV,HFV10,LFV,FDC,training_time_minutes
1,1.4941165700498846,2.0797314000964615,-0.5222689436999901,0.8595433979643706,2.3391250685042335,0.734837519226836,1.2175546223179863,12.436571108799008,5.2016720391794,53.61998471499998
2,1.4040636706246843,2.0306699743373877,-0.4512946161354159,1.1907970390836924,1.0238805569321647,0.769162051007724,1.1694940223434007,-18.999340100224718,1.296060597533818,53.61998471499998
