,MAE,RMSE,NSE,alpha,beta,HFV,HFV10,LFV,FDC,training_time_minutes
1,1.0274586539539239,1.7611329641918025,0.30741078688038515,0.635869984895828,0.8594866585274928,0.5547755078978338,0.6991335005202689,0.7551451845121993,0.8888627147016466,168.10319903666678
2,132077.53044660337,180885.16448562703,-7306297117.851216,58403.301399192416,44433.145252270915,19154.89643076464,34057.738607402935,2.149922567066721,1515.960711550559,168.10319903666678
