,MAE,RMSE,NSE,alpha,beta,HFV,HFV10,LFV,FDC,training_time_minutes
1,0.24064060413278876,0.37938181142095045,-0.33528289137110834,0.31149575582223593,0.06468825526345354,0.38071010480287865,0.22052871917269765,-0.624485347481794,8.769550182182467e-16,99.06765237666647
2,0.2795244388924856,0.44668159849741046,-0.8510425251619138,0.38575552987123873,-0.08457969853922606,0.3534831568204019,0.1687126514423651,-3.3275603767288775,-1.6321587210136447e-07,99.06765237666647
