,MAE,RMSE,NSE,alpha,beta,HFV,HFV10,LFV,FDC,r2,training_time_minutes
1,0.36139216911225885,0.5395042411073345,0.7606340416169733,1.0978190563485803,0.56781904008222,1.2538616641374984,14.616898135563384,-20.74316808573307,,0.29695144579123334,99.06765237666647
2,0.4140875947925371,0.5951399771741376,0.7087198371297423,1.0988944661503637,0.4450316949766555,1.3005958175422376,12.08946030433027,-22.44465846150884,,0.3820975057539022,99.06765237666647
