,MAE,RMSE,NSE,alpha,beta,HFV,HFV10,LFV,FDC,training_time_minutes
1,0.09168836678366188,0.10342993936028376,0.11162099257104974,0.6437435115961896,1.50586936515275,0.9719266053361124,0.9465804805633826,3.630864832061579,1.93475508755495,77.0624443333334
2,1015.1981744697049,1448.5601798391763,-174252424.6815885,9416.931669312407,-7542.020323682416,0.12876289651838682,0.07675618952019693,-46451.92109579544,-9687.587145033838,77.0624443333334
