,MAE,RMSE,NSE,alpha,beta,HFV,HFV10,LFV,FDC,training_time_minutes
1,1.3231957837308208,2.3978598080134033,0.06775526056551773,0.9885748983745823,0.9406124313053013,0.9797428007190219,1.047058506274285,0.7354564454970584,0.8518440450195522,42.222570628333294
2,2.021363254032216,2.525015458427343,-0.03373791951379146,0.7526182283819112,1.6844161747061805,0.8345527568481097,1.0524785117909405,3.154666074144987,2.166220008574555,42.222570628333294
