,MAE,RMSE,NSE,alpha,beta,HFV,HFV10,LFV,FDC,r2,training_time_minutes
1,1.083794348009738,2.0068437992178865,-0.06353561686042286,1.041192036369679,1.104137263967249,12.505326504595642,15.52000263172451,12.96536662768957,-20.275797850604008,0.48821811468871723,42.222570628333294
2,1.9022378133972717,2.3464408118364726,-0.45393203066552457,0.8512539474594943,2.023122999889943,-2.0239303863908176,27.58294052118982,53.255972267860656,-127.17121438099296,0.720150326653624,42.222570628333294
