,MAE,RMSE,NSE,alpha,beta,HFV,HFV10,LFV,FDC,training_time_minutes
1,0.023348677564052282,0.049429069180460465,0.8189369700681327,0.8084388223898112,0.6085135132420043,0.950350183351125,0.7595488488796313,-5.318626958079509e-12,-2.563275915553346e-15,18.51534786666695
2,0.030037886897915995,0.05402720352790137,0.7836833756887736,0.6541381906074114,0.7046712864157075,0.7454558862995383,0.6574264378903034,0.34738016337717853,13.284416524576258,18.51534786666695
