,MAE,RMSE,NSE,alpha,beta,HFV,HFV10,LFV,FDC,r2,training_time_minutes
1,0.04811729515764582,0.0813258341116527,0.8588474999007264,1.046851394807424,0.7700627792342284,12.027872267060019,5.128063573665316,-17.340714905206877,,0.5906962914097738,18.51534786666695
2,0.037709097021660865,0.06143342441418492,0.9194545576457268,0.8230290233503833,0.8917043601490988,-12.512956315541546,-18.373531410510722,-19.04533181484845,-17.14042134879965,0.6866415695352909,18.51534786666695
