,MAE,RMSE,NSE,alpha,beta,HFV,HFV10,LFV,FDC
1,0.9310723707521041,1.7098756166750826,0.05273579618343838,0.656920461748841,1.5209031095841736,0.6015229089320773,0.9937238272407037,2.3996154151210347,2.1741663853947992
2,2.0271854135537,2.3747120349811524,-0.8271070533658316,0.5874082057565031,2.7183992145664746,0.6746268968491653,1.2000947531473307,7.915878989694904,4.513573764839214
