,MAE,RMSE,NSE,alpha,beta,HFV,HFV10,LFV,FDC,training_time_minutes
1,0.033246118379410945,0.0929385847674471,0.4440489655763623,1.5856335388798595,1.1440436134346517,1.8570231155897903,1.489488392716947,-1.631269335912789e-12,-5.146759837831466e-16,11.35222719166665
2,0.6018101406891516,0.6465584967834299,-25.906677883231268,1.936015490633827,10.325974985969438,2.68848323878456,2.76656620744504,237.5715347502648,372.6267197352414,11.35222719166665
