,MAE,RMSE,NSE,alpha,beta,HFV,HFV10,LFV,FDC,r2,training_time_minutes
1,0.07897432918981502,0.18923070853832966,0.8275020623005207,1.0445471582020234,1.0998051438261194,-13.890983553536781,31.391085176321432,22.648312648374425,,0.4601426195166868,11.35222719166665
2,1.6863726049370946,1.7643025916568704,-13.995012094062966,1.1549174570222098,9.662607582408564,11.090708629224446,150.54537213161444,338.6702008119006,-51.77076554709568,0.5519677379266419,11.35222719166665
