,MAE,RMSE,NSE,alpha,beta,HFV,HFV10,LFV,FDC,training_time_minutes
1,0.10785951269788956,0.1544182775283261,0.8486320375993082,1.003108690987942,0.9312095295059255,0.9753497453158229,1.0410215412992947,1.5134505699077625,0.7170508820543485,159.67143251000005
2,0.3735278576288946,0.48728031087957685,-0.507281207302902,0.3160603680234315,0.18943381100986856,0.424209359709953,0.30158538491338766,0.46871875696437937,0.1379253910860434,159.67143251000005
