,MAE,RMSE,NSE,alpha,beta,HFV,HFV10,LFV,FDC,r2,training_time_minutes
1,0.12211812349053393,0.1655879261892998,0.93839992803363,1.0316754538823671,0.9370679112677175,0.9032018624857566,0.9894903489887514,0.6861730352260469,0.8987836350986718,0.24079947721966455,159.67143251000005
2,0.26225197171516523,0.3158041694128953,0.775942438891646,0.6517369161587729,0.9832664839658073,0.7862781076238375,0.807979361940869,1.9955407983648115,1.107780191679775,0.280196505837932,159.67143251000005
