,MAE,RMSE,NSE,alpha,beta,HFV,HFV10,LFV,FDC,training_length_days,training_time_minutes
1,0.14064656878638282,0.21394466153080124,0.416516151103576,1.0548939500635506,0.6977297910709441,1.0257790318721387,0.9958940204918182,0.3026205320381884,0.4018132963660177,401,50.886922895
2,0.09834794205749621,0.17703530902018227,0.6004733833968431,0.9244413089336508,0.8380324600705422,0.8860637595731344,0.9647897949632656,0.5592985268059899,0.6877369504780309,401,50.886922895
