,MAE,RMSE,NSE,alpha,beta,HFV,HFV10,LFV,FDC,training_time_minutes
1,,,,,,,,,,25.807223319999988
2,12.058004294267,12.469193296601695,-10.397016372328059,0.7859886555557221,6.507513831955563,1.1166450900586313,1.8814718111448125,63.19616806211886,15.724986059834716,25.807223319999988
