,MAE,RMSE,NSE,alpha,beta,HFV,HFV10,LFV,FDC,r2,training_time_minutes
1,,,,,,,,,,0.3176717838073978,25.807223319999988
2,11.647075165253606,12.194190728673481,-7.826724732033707,0.9032433761301082,5.773006387445252,5.13496101244002,64.21615479065466,185.29768668793477,-169.3259755139568,0.418684837396065,25.807223319999988
