,MAE,RMSE,NSE,alpha,beta,HFV,HFV10,LFV,FDC,training_time_minutes
1,1.6321570208657838,2.8994195007323773,0.24778561595969462,0.7920574766147388,1.039002777896577,0.699662024015844,0.9283299523475456,0.9443520403543816,1.09640713772449,23.815692175000247
2,2.511147750669241,3.2697769334877904,0.04334405573270994,0.6658529870855485,1.63115070658385,0.7372362191192785,1.0240799644537,3.0449038948038583,2.0476885149369273,23.815692175000247
