,MAE,RMSE,NSE,alpha,beta,HFV,HFV10,LFV,FDC,r2,training_time_minutes
1,1.53952194886389,2.661972105231848,0.06111388400141737,0.8744511429422186,1.2778146586425778,-14.814078959025831,13.764492387430655,27.27447747880667,204.94167717781346,0.3778949422170631,23.815692175000247
2,2.4664300744593666,3.1621557594662053,-0.3248674587530167,0.7816033614303215,1.9485422286867013,-11.964579729977201,27.31328907374237,55.961797680395875,-569.4589860515663,0.5822464033661203,23.815692175000247
