,MAE,RMSE,NSE,alpha,beta,HFV,HFV10,LFV,FDC,training_time_minutes
1,0.2097386207433744,0.24882733178485478,0.009504857838888103,0.7830670490216309,0.4358680122964319,0.6712676444157545,0.6594265898458844,0.05144669642901678,0.2765119938859838,24.443291051666407
2,0.23511071199105155,0.29092201299682513,-0.3539709692486641,0.5551744591441983,0.36737447315484945,0.49010000789390906,0.4795273798364952,0.12504072219155277,0.26999181433213415,24.443291051666407
