,MAE,RMSE,NSE,alpha,beta,HFV,HFV10,LFV,FDC,r2,training_time_minutes
1,0.15250079337377534,0.18243295553601918,0.8662104295142806,1.054687900425274,0.9584730370651086,-22.744415318682492,-12.937138692431873,3.0508406886927744,102.94605833306221,0.07356797326871178,24.443291051666407
2,0.08515775186656745,0.1051044104054473,0.9555923744766242,1.0439313828573238,0.9226097757650578,-6.6695413220912165,-5.088679753624904,0.3361856680401312,54.93481511556068,0.08123711048623405,24.443291051666407
