,MAE,RMSE,NSE,alpha,beta,HFV,HFV10,LFV,FDC,training_time_minutes
1,2.5407772144161935,3.3285521396322912,-0.7742911432241282,0.8127922336495603,3.0201089601249915,0.7691999646694758,1.3462770999374545,15.500466170539612,7.24089124799816,17.03469888999971
2,4.554481277350632,4.981307711682656,-2.973753256318637,0.7548617021317313,5.045934416264198,0.8437473506546644,1.6374264680228068,40.336458965529694,13.613095814276335,17.03469888999971
