,MAE,RMSE,NSE,alpha,beta,HFV,HFV10,LFV,FDC,training_time_minutes
1,0.48922353399378377,1.2494474643074065,0.10881342031259011,0.6634995441049696,0.7167359296097238,0.7795367485233512,0.6624954402473682,-2.9007902234757252,1.5784831488420565,11.55264821833407
2,0.48922487026879513,1.249445085398225,0.10881681389251896,0.6635006625432951,0.7167454540605429,0.7795379050559829,0.6624991479430108,-2.9008012152649645,1.578542112093087,11.55264821833407
