,MAE,RMSE,NSE,alpha,beta,HFV,HFV10,LFV,FDC,r2,training_time_minutes
1,0.39527476103437065,2.2711577369120435,0.11544509484064647,0.31380184858468635,0.7877910152466152,-40.60553374239115,-36.86117009887307,-24.89390478236455,25.405810079580807,0.17766996524973122,11.55264821833407
2,0.39527576138129056,2.271157637866401,0.11544517199187676,0.3138024104161949,0.7878018870444714,-40.605412758874294,-36.860821500134925,-24.893228544293457,25.40165149893002,0.1776709850366106,11.55264821833407
