,MAE,RMSE,NSE,alpha,beta,HFV,HFV10,LFV,FDC,training_time_minutes
1,1.877151373344251,2.694528636802073,0.029356155052841726,0.698632388898939,1.7182543367913035,0.620257490701479,0.9384483504504829,6.320734594767042,3.070274379313996,11.313778323332857
2,2.921868292942175,3.4676361183450184,-0.6075383172658391,0.6378503171096827,2.4768332229793932,0.6600592942730132,1.0248416642779667,14.211538400246871,4.768641176860305,11.313778323332857
