,MAE,RMSE,NSE,alpha,beta,HFV,HFV10,LFV,FDC,r2,training_time_minutes
1,1.845894362780101,2.4793532130102327,-0.14042194740558167,0.7984185254729301,1.8169348648730115,-22.584801136215585,4.176341825953061,34.23446124705269,-85.11792653380478,0.27021087896123375,11.313778323332857
2,2.905704737347491,3.3750813950712666,-1.1132810833292366,0.7961129489126664,2.5899641339802844,-16.75632836338721,19.229164926091773,65.19084608603994,-114.35171777275784,0.39715388125631956,11.313778323332857
