,MAE,RMSE,NSE,alpha,beta,HFV,HFV10,LFV,FDC,training_time_minutes
1,0.20375057607257577,0.49019627947250366,0.3921693458070289,1.1529230970675912,1.5966987299228657,1.003119042508384,1.1291557064000792,4.789721730102285e-08,0.7048307501247011,19.285386391666666
2,0.17966515552753023,0.42294275968273903,0.5475133538817458,1.2528514985601407,1.6263787329721926,1.2278961070047465,1.248017831345199,-1.665035771212575e-11,0.007147010575169222,19.285386391666666
