,MAE,RMSE,NSE,alpha,beta,HFV,HFV10,LFV,FDC,r2,training_time_minutes
1,0.21196368405077115,0.40514993353001844,0.8909533332884457,0.9236554296732127,1.057527066203513,-8.270405424435912,-4.165866085612359,-4.81428365493677,126.45161378002354,0.11610219416234657,19.285386391666666
2,0.1937378283856924,0.34595310551354624,0.9204911782244197,0.9382316178848296,0.9739884323830394,-0.43196426827406936,2.4499861142498727,-7.2529755128413935,245.68226608353754,0.18330872135657372,19.285386391666666
