,MAE,RMSE,NSE,alpha,beta,HFV,HFV10,LFV,FDC,training_time_minutes
1,0.8445307181333717,1.8275827854034223,0.37809493387086357,0.8079877106722954,0.8630562618141495,0.741986228501972,0.897031950763688,-0.22666195166970682,0.5125912626641262,23.10986176833297
2,0.8315242491184371,1.736253014737377,0.4386987582023568,0.6192429370404032,0.9734625303214919,0.5595391726170085,0.7193127336066771,0.4027195980835721,1.5831321613778733,23.10986176833297
