,MAE,RMSE,NSE,alpha,beta,HFV,HFV10,LFV,FDC,r2,training_time_minutes
1,0.7319595467785798,1.565109225628876,0.4148633869986168,0.845601796054134,0.9843037650958069,-21.515589287139026,-4.750850967761181,6.7403823692700335,,0.2947566452916134,23.10986176833297
2,0.7397882806290105,1.493979963442318,0.4668400524150882,0.6672270995368261,1.1633678636351183,-38.81527294171985,-20.753109681770354,4.706277249989659,44.01827277897279,0.38983353906801466,23.10986176833297
