,MAE,RMSE,NSE,alpha,beta,HFV,HFV10,LFV,FDC,training_time_minutes
1,221700848.6799943,227630298.5131269,-7868642015584918.0,20114548.427820187,140881692.38035083,17607612.76082389,35615553.136791304,1123479132.8469877,298704368.9063779,12.185818714999975
2,1.683783900835033,2.48921049238166,0.059057906115942305,0.9750427819049483,1.7704405597982829,1.0040448552421446,1.034785812576142,8.387723140343715,2.8626091072739883,12.185818714999975
