,MAE,RMSE,NSE,alpha,beta,HFV,HFV10,LFV,FDC,r2,training_time_minutes
1,219277041.79493806,226343924.97555324,-4990275191936280.0,17514194.539114624,123989569.44778767,1450321649.2549953,2973373299.298322,5513952575.979122,-154.77464982087534,0.6748018431307254,12.185818714999975
2,1.9331026048717905,2.8304809638023323,0.219617921348768,0.7606020183587912,1.7386998646651175,-14.227311892425421,-4.821804482998807,19.48506029377232,-97.50015981816412,0.7438885638749725,12.185818714999975
