,MAE,RMSE,NSE,alpha,beta,HFV,HFV10,LFV,FDC,training_time_minutes
1,38.607842961401914,44.52973933121791,-4191.107873188224,32.15644099409423,-79.28097597787686,-0.11081593539075711,-1.7514543580338433,-401.1506241374239,-133.60562017343872,19.137623063333255
2,0.4316719167146363,0.7311345897187737,-0.1301258405787289,0.8046583647177263,1.5478998388816552,0.7824740114338221,1.1664282404376864,1.6366950280542034,1.8249816680889621,19.137623063333255
