,MAE,RMSE,NSE,alpha,beta,HFV,HFV10,LFV,FDC,r2,training_time_minutes
1,33.21354087768047,38.83529102377241,-1386.9296958860768,19.107147551802523,-58.38686469369755,-95.58591708128361,-195.52478685212017,-943.2755135295614,,0.19308264085703863,19.137623063333255
2,0.44207627235960106,0.9531096632628141,0.16401191937538329,0.6228434621285296,1.3839238549694848,-31.89104076414551,2.2198046602125947,28.30849502028489,13.033694059508015,0.33535308380673223,19.137623063333255
