,MAE,RMSE,NSE,alpha,beta,HFV,HFV10,LFV,FDC,training_time_minutes
1,96.96722319414447,97.50116659615291,-726.4825555443508,2.7267259967904685,75.04654124286674,5.186934033174681,12.215583625839688,2314.152672803214,369.7722518832324,12.225837603333154
2,69.83647693051499,76.35444500007976,-445.14045835355955,8.558570964960728,54.21540263599268,4.650248556249273,10.72942087182312,951.0014972819915,316.8619267964983,12.225837603333154
