,MAE,RMSE,NSE,alpha,beta,HFV,HFV10,LFV,FDC,r2,training_time_minutes
1,96.77702073333131,97.27281816288166,-582.8913068823384,2.3287353920592877,68.25686074896532,356.00852142607295,1047.8755753634177,2493.240330441946,-103.79497308797173,0.3619927630686488,12.225837603333154
2,71.93102644547103,77.34606184267754,-368.1691697410599,7.109164466087702,50.95547693935717,311.9253576267482,912.2729694947145,2156.1221168995476,-102.90261935155344,0.3200667398804794,12.225837603333154
