,MAE,RMSE,NSE,alpha,beta,HFV,HFV10,LFV,FDC,training_time_minutes
1,16.36514798326641,19.122685472167902,-520.1290024546095,11.923786013869456,40.650686484436136,9.067181329727942,21.66073539897271,40.408582992124444,56.70269838696198,32.96217354499992
2,1.1220544727963533,1.3223301776762242,-1.491880999542194,0.5772606875429483,3.525952813287798,0.7311506550929916,1.5175108347618502,8.074441881459265,5.03302850875061,32.96217354499992
