,MAE,RMSE,NSE,alpha,beta,HFV,HFV10,LFV,FDC,r2,training_time_minutes
1,13.513802771779442,15.787390675317015,-684.1670357613115,13.596949679260065,48.57994053079549,1133.9538079775796,2830.33090944262,4248.75102735494,15.842952621687598,0.12890331555992307,32.96217354499992
2,1.101182854235811,1.2476593711674777,-3.2792515227023653,0.7152101629265579,4.721724807032389,11.347467518459913,125.36753127857948,228.99043556492316,-24.06218907255777,0.1400729675801501,32.96217354499992
