,MAE,RMSE,NSE,alpha,beta,HFV,HFV10,LFV,FDC,training_time_minutes
1,0.14849979357483276,0.1896842234903543,-0.45576100273484776,0.9915058345789596,0.40646721399362296,0.8130561648663039,0.8038557974411901,-7.429914447351136e-07,0.0005518171567215196,41.82725174333343
2,0.12355783358187991,0.17797958862401855,-0.28164591133823413,0.9536789831533926,0.6033003555468458,0.7629462082112066,0.7631899203662726,0.04308199363621379,0.39148725697547604,41.82725174333343
