,MAE,RMSE,NSE,alpha,beta,HFV,HFV10,LFV,FDC,r2,training_time_minutes
1,0.16699120439955634,0.19562366904308298,0.31720339883799076,1.4979930677064064,0.7355770470927818,20.08059382002943,21.89540403474602,17.63685210503072,848.2703055855221,0.4865277193621528,41.82725174333343
2,0.16174363080788642,0.18679073444293762,0.3774715413747576,1.3476565519008474,1.0905246089564893,-3.707718603461233,7.018617503046491,35.384138480848726,143.16815310629332,0.8273784552922151,41.82725174333343
