,MAE,RMSE,NSE,alpha,beta,HFV,HFV10,LFV,FDC,training_time_minutes
1,0.025896675326485628,0.059608501085617625,0.8588105883892294,1.1995722114678626,0.9272825453537966,1.3635906530103141,1.1292781094177475,-0.0001932517469591978,-5.743674144585372e-15,61.38640970166671
2,0.14492198898834577,0.15776246461350477,0.011007289429175948,1.1533240616403786,2.778706290951753,1.554550692149381,1.3504116097809966,1223.4823961364336,976.4435089123166,61.38640970166671
