,MAE,RMSE,NSE,alpha,beta,HFV,HFV10,LFV,FDC,r2,training_time_minutes
1,0.056502476355987104,0.12908529441784747,0.917823438371214,1.0326146691177787,1.003722452018231,0.9505360801709076,1.187009840168261,-3.648881655555886e-05,0.15794166424942802,0.6084832227142805,61.38640970166671
2,0.3873458610184913,0.41843763769022874,0.1365127887226638,0.9819145397534741,2.942182301995969,1.0707047765445568,1.4290422847588478,3855.383911751966,25.814971001023874,0.6973904145078228,61.38640970166671
