,MAE,RMSE,NSE,alpha,beta,HFV,HFV10,LFV,FDC,training_time_minutes
1,0.32351509425881075,0.47613115894517044,0.7004823685623196,0.8605392356297267,1.1292783078419615,0.6275795912874579,0.8381519313406781,0.46338528907219817,1.476866364195138,31.498950096666672
2,0.5708663995084419,0.7177825447185396,0.319301221364776,0.7914672220694668,1.6330175355409617,0.6828734472867913,0.8922615779122578,1.9412220325814884,2.984742494275315,31.498950096666672
