,MAE,RMSE,NSE,alpha,beta,HFV,HFV10,LFV,FDC,r2,training_time_minutes
1,0.3530779861405405,0.5281947306472701,0.566563094637113,0.84987801566234,1.3203673861205523,-38.65594475911685,-6.990743235226044,28.366365998439687,71.29660465896191,0.3026448807901273,31.498950096666672
2,0.6587199016078217,0.7920076069755384,0.025467192703598762,0.8146871622126731,2.0485909630379133,-31.08223848833239,2.160562074368399,56.234121697121815,10.019797370919196,0.3292585669087339,31.498950096666672
