,MAE,RMSE,NSE,alpha,beta,HFV,HFV10,LFV,FDC,training_time_minutes
1,0.03211611678633791,0.08352141945819203,0.8334841286114996,1.2630200396492797,1.0076918273671098,1.4296853544343444,1.1949256508976616,-1.1124620773100899e-11,-6.1297032223909865e-15,43.472682261666705
2,0.02955242122523303,0.08029157985570817,0.8461137176357307,1.2600157717374842,1.0477699677581827,1.4027021501836827,1.206416116057632,-1.388801667803236e-11,-1.2628951320845837e-14,43.472682261666705
