,MAE,RMSE,NSE,alpha,beta,HFV,HFV10,LFV,FDC,training_time_minutes
1,0.13194016113607512,0.18583209282183843,0.05719719044045346,1.0857388238420649,1.9026283114609952,0.7165059805197839,1.1689747110126076,3.3439011776448764,4.4963330459006965,17.58936002333333
2,0.08985736047378697,0.1473982017414465,0.4068509999740534,0.9191404823576326,1.347594003504641,0.6003246752171145,0.968492544176708,0.818474102168363,2.1635061996423945,17.58936002333333
