,MAE,RMSE,NSE,alpha,beta,HFV,HFV10,LFV,FDC,r2,training_time_minutes
1,0.24284353853256982,0.31635539089297515,0.8088425505681809,0.945889835767533,1.3691239691729324,7.437212565572207,-2.450513781938616,8.245476563395487,-22.8424994665415,0.4203073260399651,17.58936002333333
2,0.20181905096650704,0.2883961430544331,0.8411381396498707,0.962640806332767,1.2624861030901882,5.419123695410197,-2.0952773386447237,6.3691451256699105,-3.536984022890269,0.4688560207206708,17.58936002333333
