,MAE,RMSE,NSE,alpha,beta,HFV,HFV10,LFV,FDC,training_time_minutes
1,0.22613184367975397,0.3531848226654231,-0.12062888012023465,0.37192287226162063,0.14425806816783676,0.438140404772723,0.31263260525681935,-0.0005719965401276573,1.255358923474055e-08,39.01576719166666
2,0.22680021494306424,0.3404632170993398,-0.04135340836163559,0.7478494467718076,1.1229387025274467,0.6159431633699574,0.7282101748562556,1.3255557452122047,1.5983141586221103,39.01576719166666
