,MAE,RMSE,NSE,alpha,beta,HFV,HFV10,LFV,FDC,training_time_minutes
1,38.48167984205959,38.71344926740294,-216.81023368295206,1.3122506742345348,-20.314232525255036,-1.3429441056672713,-4.171952613141883,-198.60098178288087,-42.07720489275411,25.503097024999988
2,423.53414111960706,429.8598440157801,-26852.957631915848,27.9922818894133,-233.58646252827137,-0.10483139109693153,-40.72809317746982,-2256.4759564560154,-494.61771235073974,25.503097024999988
