,MAE,RMSE,NSE,alpha,beta,HFV,HFV10,LFV,FDC,training_time_minutes
1,2.269963813167181,4.0571386934683495,-0.2273058947776896,0.9744564927896698,1.5398469465164981,0.9093951080674257,1.1588259586633278,3.330936301115547,2.180222248486524,15.546404688333375
2,2.4002826152688477,3.6789481943624947,-0.009160994487236396,0.7617390867286079,1.7124184427495628,0.7407255259631527,0.9902710922541405,6.971092281548046,3.0310915970746186,15.546404688333375
