,MAE,RMSE,NSE,alpha,beta,HFV,HFV10,LFV,FDC,r2,training_time_minutes
1,2.133193277120957,3.7780607853747195,-0.06383464161524932,0.9502216855485552,1.5325875786170777,-7.265317829456507,11.086618667012946,33.49859160347589,-42.442839432169535,0.35826643097275745,15.546404688333375
2,2.350713746355513,3.542265571575527,0.06481295433044665,0.7481423845267979,1.7412207788405754,-25.604114108766986,-2.212616121052898,29.16524836791177,-90.2004067192587,0.5565348333707181,15.546404688333375
