,MAE,RMSE,NSE,alpha,beta,HFV,HFV10,LFV,FDC,training_time_minutes
1,1.2791410392791438,2.137011131185939,0.1735958269704314,0.8680722566194993,0.8002845816754602,0.8430158619352514,0.886500805344055,0.6482789931081604,0.7372294002838126,30.58232819666737
2,1.055966609368835,1.7667042902572754,0.43518442988493433,0.6297414286105684,1.1217928859284771,0.6965239902577399,0.7928063123081761,1.8542889057093628,1.3409192981083127,30.58232819666737
