,MAE,RMSE,NSE,alpha,beta,HFV,HFV10,LFV,FDC,r2,training_time_minutes
1,1.0526087437449596,1.913356618297087,-0.08338275779450366,1.1030941865688892,0.9341201850563403,19.798702752046385,8.261382554296626,0.18425571522957182,16.177017037320734,0.55300162596536,30.58232819666737
2,0.9536073488977179,1.5581560648182335,0.2815244683712952,0.8084435754194769,1.3167913700251717,-7.450735294476365,0.82704615869949,9.73852923982443,-166.56557855714553,0.8248969258408007,30.58232819666737
