,MAE,RMSE,NSE,alpha,beta,HFV,HFV10,LFV,FDC,training_time_minutes
1,0.06669923107062882,0.09273892842718094,0.49334433745476347,0.8824529141999069,0.4400964206649309,0.9722703684665451,0.8152171575516272,-0.00199927211155323,7.459433446115632e-09,10.170970881666774
2,2.081093267886776,2.186702039101193,-280.68775840542077,5.561574537795634,-18.320899802967755,-0.08459283820578811,-0.49965519847304524,-232.7051974211455,-37.97135496947854,10.170970881666774
