,MAE,RMSE,NSE,alpha,beta,HFV,HFV10,LFV,FDC,r2,training_time_minutes
1,0.16194278036337878,0.2081588659623818,0.23062804546062243,1.1524881102654232,0.5514193159851436,1.5708469643033414,8.926850487084325,-16.16949354080578,,0.22482553860699783,10.170970881666774
2,5.757203935186867,6.024373840070028,-643.4219915656621,7.90923296980941,-22.17990217755897,-101.52473685861081,-258.8235918946704,-709.5468579380915,,0.33139429556397326,10.170970881666774
