,MAE,RMSE,NSE,alpha,beta,HFV,HFV10,LFV,FDC,training_time_minutes
1,1.4069182798356952,2.5906176431723864,-0.11762933083282467,1.3296646014624138,1.251508338696691,1.3373670765366579,1.299484009750919,0.8118896653284494,1.2346258274383097,23.661997066666665
2,2.472550502936651,2.921258187336219,-0.421120937907981,0.9670129647016643,2.2481887291526355,1.0674345913769956,1.1727819497486487,7.105261198179471,4.109449660362622,23.661997066666665
