,MAE,RMSE,NSE,alpha,beta,HFV,HFV10,LFV,FDC,r2,training_time_minutes
1,1.2604904759088251,2.3158197069039645,0.27368969652183295,0.9856128551599768,1.0973868177479447,3.401763655920388,3.2009013889594833,6.458055178043743,7.007288188382705,0.35665578837893375,23.661997066666665
2,2.1886751707651055,2.7372621318170665,-0.014718300687998065,0.7738467145973537,1.9671815741485406,-14.489705674053411,1.8699065113267703,34.41967500216008,-99.37377906423532,0.5404020947968559,23.661997066666665
