,MAE,RMSE,NSE,alpha,beta,HFV,HFV10,LFV,FDC,training_time_minutes
1,0.042296879278727245,0.09058187831205879,0.6287596184875863,1.4267206177743734,0.9553067678443742,1.669614973414653,1.3545061455357912,-2.7037259985949485e-12,3.575832732296131e-12,11.584693966667206
2,0.22093377909685424,0.2357413323133129,-1.514455960854138,1.1370988149206844,3.376868296543004,1.7313948860792845,1.4945507707459633,130.01946321493276,23.88610241481517,11.584693966667206
