,MAE,RMSE,NSE,alpha,beta,HFV,HFV10,LFV,FDC,r2,training_time_minutes
1,0.08088615619282348,0.18616288790823748,0.8526573235801952,1.0447787336789376,1.0721474399303366,-11.5058828073198,27.93760093054703,17.044265863527492,,0.4040412455346525,11.584693966667206
2,0.6198150949813177,0.6579164328928613,-0.8402795811409935,0.800683002593272,3.6949479419526314,-11.6621762032454,43.24984864311356,81.98716819643032,-74.0076160590401,0.4428972363721453,11.584693966667206
