,MAE,RMSE,NSE,alpha,beta,HFV,HFV10,LFV,FDC,training_length_days,training_time_minutes
1,0.1400971900758547,0.1933481444383864,0.2859550492979338,1.3819486450835503,1.361801273093078,1.2934724736108179,1.393681305872423,1.1045753164584151,1.0945185755018527,394,33.75808174333336
2,0.1943678231727289,0.2498680556661049,-0.19252367608588328,1.0693766991477927,1.6483115802815655,1.045395611183934,1.2646202461379845,1.9550105403479485,1.5076335327920418,394,33.75808174333336
