,MAE,RMSE,NSE,alpha,beta,HFV,HFV10,LFV,FDC,r2,training_length_days,training_time_minutes
1,0.168485894490797,0.2117935478838439,0.3697232285766825,1.1238302780598655,0.9481789487717178,8.315388765271823,7.768677148995146,3.067352634628059,55.55171439137527,0.2514629212431162,394,33.75808174333336
2,0.15132226198139934,0.17934886269939773,0.5480367690040504,0.9259867498491571,1.1550213896447723,-5.7776315220032695,0.22783079470110137,6.3498932653469025,-1.7034299612058612,0.25574259257379894,394,33.75808174333336
