,MAE,RMSE,NSE,alpha,beta,HFV,HFV10,LFV,FDC,training_time_minutes
1,,,,,,,,,,18.061219439999938
2,0.04861789507974706,0.10174937514873315,0.2557384209445467,0.35358331823938255,0.17090214297536746,0.44578696322035105,0.3101867911682351,-29.63899740025123,0.04765720877109112,18.061219439999938
