,MAE,RMSE,NSE,alpha,beta,HFV,HFV10,LFV,FDC,r2,training_time_minutes
1,,,,,,,,,,0.24046515047096373,18.061219439999938
2,0.07739850659261205,0.1292821998921562,0.7643265213740322,0.9488336461741396,0.6635430445261081,-2.532340217211734,-6.856657494718624,-26.200781915279098,26.075073969868694,0.6655675437280417,18.061219439999938
