,MAE,RMSE,NSE,alpha,beta,HFV,HFV10,LFV,FDC,training_time_minutes
1,0.12797006030561114,0.3814746439989994,0.02258137231318258,0.4489030040578303,0.4343629301563117,0.3898733685251636,0.5613315167104692,-265.68339716347566,-5.387624670256114,29.67305335000007
2,0.12339046247930077,0.36377896336575055,0.11115830096636092,0.3403838164426868,0.5440516535714262,0.2845111825157076,0.4393160785309623,-211.2834285398303,1.2406104381593555,29.67305335000007
