,MAE,RMSE,NSE,alpha,beta,HFV,HFV10,LFV,FDC,training_time_minutes
1,0.022179380432149995,0.04823469759892031,0.8341047128815995,0.8475883807545773,0.6476109412341708,1.0129760778751422,0.8009775193704947,-1.8953608487325698e-11,-6.6388486206765575e-15,15.79652326333356
2,0.02051689214661991,0.044709657854460474,0.857466279669917,0.7351088231405797,0.6550586140475649,0.8495305509814861,0.720835177745729,-4.423841024509363e-11,0.00022291859415969273,15.79652326333356
