,MAE,RMSE,NSE,alpha,beta,HFV,HFV10,LFV,FDC,r2,training_time_minutes
1,0.04865557425508989,0.08668969078058678,0.8948684846165023,1.0421640015174554,0.83217904959321,3.2776861133138806,10.830967780236906,-11.541935747501624,,0.7227627435361568,15.79652326333356
2,6193.362309486793,6464.772698715399,-584661552.466227,6932.210527716368,44112.975449647405,428132.8514427506,936617.2508800762,1636928.8471958041,-79.87457252807714,0.8061366466281539,15.79652326333356
