,MAE,RMSE,NSE,alpha,beta,HFV,HFV10,LFV,FDC
1,0.3049743189618328,0.409278772946432,0.365817650950758,0.8066631098605573,0.8245941853966772,0.5927464689153709,0.7428429313017888,0.32072146830684134,0.9680984019129835
2,1.063847606566045,1.185574728762194,-4.32149398734908,1.0501752075016437,-0.6580973384819367,0.2984887633979183,0.25539532572853224,-4.088600154634804,-0.9115319917933195
