,MAE,RMSE,NSE,alpha,beta,HFV,HFV10,LFV,FDC,training_time_minutes
1,1.5751760928323888,2.544683955674753,0.019513488859458583,0.44766687885112305,0.7956678194920818,0.4049518624661719,0.4942568586495171,1.9706098658630802,1.4345733702732633,18.516472901666567
2,1.2200282573110297,2.154300829331736,0.29727303683744966,0.6010573234284727,0.837039805341653,0.6505905700956285,0.6690362722187728,2.621323965642993,1.126408106883251,18.516472901666567
