,MAE,RMSE,NSE,alpha,beta,HFV,HFV10,LFV,FDC,r2,training_time_minutes
1,1.5003355220901515,2.4338806805074884,0.10421088129571154,0.4542939324239006,0.8212124424498863,-61.243176768521145,-48.715520554075006,-34.458543843676956,-73.00038700853518,0.26998912029953037,18.516472901666567
2,1.2035634546712048,2.2134880221998974,0.2590966330896727,0.5674977348450948,0.8389973148524564,-44.574563178117835,-35.69562708012821,-29.064660630046596,-68.75745173140247,0.37855103790144284,18.516472901666567
