,MAE,RMSE,NSE,alpha,beta,HFV,HFV10,LFV,FDC,training_length_days,training_time_minutes
1,0.19695308489415567,0.3281016965670187,0.5125533393651037,1.0574769301379172,0.8132798615538593,0.9389728232337065,1.2025745082063255,0.06901620393219773,0.14858421031555488,396,41.00368690500036
2,0.11786714203580707,0.2404385210594577,0.7382309823087383,0.7515219786885653,0.9645996456944943,0.7096566438750341,0.9075155907099075,0.8707441132540524,1.0183875157009663,396,41.00368690500036
