,MAE,RMSE,NSE,alpha,beta,HFV,HFV10,LFV,FDC,training_time_minutes
1,0.05015099560303645,0.05970811624420906,0.8101390657541608,0.9292196682596106,1.116700342926834,1.1988159559857248,1.0783101741295287,2.4966870812964035,1.0963952585522379,18.69253782166682
2,0.23187524453964703,0.29189067003760477,-3.5374233451974293,0.5526612742918628,-0.45260967560163096,0.10355236697563998,0.048806775776659504,-3.914460759894308,-0.4467788206921657,18.69253782166682
