,MAE,RMSE,NSE,alpha,beta,HFV,HFV10,LFV,FDC,r2,training_time_minutes
1,0.07012806104641224,0.09970291580630357,0.8645215767468432,0.9954214555575204,0.9578038299063893,2.4484065033981635,7.498216009392271,-4.788408202311233,-21.531216875394158,0.7884444908831615,18.69253782166682
2,0.07492875392588624,0.09929663870003413,0.8656234429676074,0.8831314271348668,0.7551949016601127,-19.59418299003088,-15.306427961394979,-13.843960020915157,20.075894039974656,0.8957037320336446,18.69253782166682
