,MAE,RMSE,NSE,alpha,beta,HFV,HFV10,LFV,FDC,training_length_days,training_time_minutes
1,0.9472034213542092,0.9864038243078446,-14.482855434045012,0.6936367078991237,2.8462766112908815,1.7879648189831492,1.856479161428696,3.9836127609530165,5.228096244812959,371,21.932879785000008
2,0.9113244157517997,0.9506627811959959,-13.381180821612158,0.762322089559393,2.776341719390473,1.8436733290159426,1.844797019990251,3.8645022635828066,5.1678814254656,371,21.932879785000008
