,MAE,RMSE,NSE,alpha,beta,HFV,HFV10,LFV,FDC,r2,training_length_days,training_time_minutes
1,,,,,,,,,,0.07015543639848443,371,21.932879785000008
2,,,,,,,,,,0.11005408746884293,371,21.932879785000008
