,MAE,RMSE,NSE,alpha,beta,HFV,HFV10,LFV,FDC,training_time_minutes
1,0.3521832165488787,0.4258457026471755,0.3274901936741157,0.9827409613575738,0.5128190341612524,0.8254183858884762,0.8458704710118395,0.012423589411124683,0.2332586649524136,26.94709629166658
2,0.3133025316242739,0.39342880639631844,0.4259808330880748,0.897719240159234,0.5638130665484143,0.8057911115715406,0.8285902172926151,0.30978125795144895,0.32302186280485,26.94709629166658
