,MAE,RMSE,NSE,alpha,beta,HFV,HFV10,LFV,FDC,training_length_days,training_time_minutes
1,0.39514284270007977,0.4762460122235471,0.3677388180703841,0.7328362012831395,1.2716209850663114,1.012643762040869,1.0156512008607652,3.2199273296396163,2.0555396144997427,404,62.60280056833338
2,0.5317993773984367,0.716831839224144,-0.43241344374656476,1.4631043425434596,1.5373827013704955,1.2525147232435534,1.5583244523207058,1.515147428852796,1.606250518265951,404,62.60280056833338
