,MAE,RMSE,NSE,alpha,beta,HFV,HFV10,LFV,FDC,r2,training_length_days,training_time_minutes
1,0.3939465924267365,0.477262624418971,0.05655958103452752,0.6698830775345891,1.3168367284260731,12.616067641699269,6.918456631475148,-4.141715700109199,-82.68497916577175,0.2915494553012101,404,62.60280056833338
2,0.5030055172828582,0.6168729416801041,-0.5761264965304738,0.9675079280691936,1.080466688161784,12.620374996322898,22.034742197162466,3.182887103860755,-28.879878968242924,0.3547955923713221,404,62.60280056833338
