,MAE,RMSE,NSE,alpha,beta,HFV,HFV10,LFV,FDC,r2,training_time_minutes
1,,,,,,,,,,0.19137629292226,27.903142681667426
2,,,,,,,,,,0.2038126208552251,27.903142681667426
