,MAE,RMSE,NSE,alpha,beta,HFV,HFV10,LFV,FDC,training_time_minutes
1,1.2364592013685154,1.4308706432647398,-11.723654238034554,0.9806960301490715,-2.850768521623459,-0.06730902121979092,-0.3820315215569899,-18.47342300531165,-4.652232768816637,8.098512796666666
2,0.22133406283820106,0.3578909121101931,0.2040011269938602,1.1835677963049114,1.3559287837631444,1.2070707046494513,1.2219970953467845,2.1932057919111596,1.5395557396949655,8.098512796666666
