,MAE,RMSE,NSE,alpha,beta,HFV,HFV10,LFV,FDC,r2,training_time_minutes
1,1.1498044117591388,1.361734686580667,-6.631336823359359,0.7369455465965027,-2.7420290084070977,-92.08519953747147,-121.73356102438306,-186.3689169365151,,0.19357149443815602,8.098512796666666
2,0.15243458802509208,0.23338892789800936,0.7758307079778604,0.9134829926568604,1.240685459143207,-10.222611225014212,2.2212184899879115,14.068383809527445,-3.6681367904030546,0.3960276622864838,8.098512796666666
