,MAE,RMSE,NSE,alpha,beta,HFV,HFV10,LFV,FDC,training_time_minutes
1,0.10414662011919312,0.12414480952877999,0.5775590459600115,1.0936628319875572,0.7535478413408642,0.874323194257321,0.9410660373635289,0.44028576288967297,0.6282755809584818,30.424387370000478
2,0.13805676632397876,0.15400768636691617,0.34987977811644977,1.2398776359289954,0.6666934035078794,0.9067252521547158,0.9797895827921612,0.16331535667360025,0.46277027566275875,30.424387370000478
