,MAE,RMSE,NSE,alpha,beta,HFV,HFV10,LFV,FDC,r2,training_time_minutes
1,0.08433310658262518,0.09897571030376871,0.9124546784651942,1.049897638614154,0.9642411916384874,-0.8586299389268578,-4.632890003125707,-1.1808992371052067,37.23673831348564,0.8207347723189293,30.424387370000478
2,0.11088926910264256,0.12417401681304648,0.8622038296324835,1.105279423229988,0.9326580942262463,-8.834478216727597,-8.104290632497374,0.028438015409556757,77.90972925812288,0.8593526724815106,30.424387370000478
