,MAE,RMSE,NSE,alpha,beta,HFV,HFV10,LFV,FDC,training_time_minutes
1,2.077771497456627,3.206045502619373,-0.32745985897144436,0.7659877183130861,2.739908503478142,0.7153411755443639,1.361802202034359,15.295482406634543,5.956818026627416,10.404972173333226
2,4.239288992169585,4.831767517830391,-2.015047047133758,0.7732828961117589,5.1381883566446716,0.8408766347098494,1.7390009894557457,56.070932385243395,13.786467814625768,10.404972173333226
