,MAE,RMSE,NSE,alpha,beta,HFV,HFV10,LFV,FDC,r2,training_time_minutes
1,2.264441949995753,3.240941623230706,-0.29801041157121677,0.8020722634169682,2.4916441472341253,-26.541556860183515,20.82657345286415,76.9643309916528,-54.83189710854447,0.278610489560433,10.404972173333226
2,4.518247998329194,5.00598058308553,-2.0968065766405997,0.7919444724921189,4.616786236371228,-20.331586461381136,54.68081604344079,156.79187471272473,-83.3076754097166,0.4618459497609708,10.404972173333226
