,MAE,RMSE,NSE,alpha,beta,HFV,HFV10,LFV,FDC,training_time_minutes
1,0.7131776712334261,1.4475130389036401,0.3177109973554031,0.8803168990776655,1.080708730036593,0.8637104854794895,0.950668672154096,0.32853822858475273,1.3274872853527442,22.295728520000313
2,17.12731823591066,17.384656285666136,-97.41371349025628,1.6609143064929115,20.72611422689326,2.337696214490962,4.486281448240969,150.77547538340085,62.16646292801462,22.295728520000313
