,MAE,RMSE,NSE,alpha,beta,HFV,HFV10,LFV,FDC,r2,training_time_minutes
1,0.6323038076189005,1.3143506880080176,0.3881094815574695,0.908282179755365,1.2840169791814127,-13.887040160453344,2.952032723979724,22.354349763060025,53.20287173111858,0.43966404814159077,22.295728520000313
2,17.32597763908663,17.587175514735947,-108.55782592339487,1.7220694815200717,24.639141857638627,145.3992882471541,375.02703162270836,895.5307738118993,-76.44430826713666,0.554410842464958,22.295728520000313
