,MAE,RMSE,NSE,alpha,beta,HFV,HFV10,LFV,FDC,training_time_minutes
1,2.301365959000438,3.610585922373179,0.06316434013079808,0.6719946992207441,1.5371352129108795,0.6397847790985659,0.9066785983241781,4.939566974277818,2.450704353475149,51.03097917666673
2,7.3782548360368105,8.00824899709696,-3.608750316577635,0.7722816221297227,3.97449947154797,0.9618663606278511,1.5344559049929571,24.10065938848203,7.429911268611837,51.03097917666673
