,MAE,RMSE,NSE,alpha,beta,HFV,HFV10,LFV,FDC,training_time_minutes
1,0.2672020627446081,0.4331844833954303,0.1962961500220468,0.5698742790833203,0.27760201681637875,0.6359747547055815,0.503019347116882,-0.00036135444244178886,7.302303064316799e-09,18.22853945500101
2,0.2942534074309279,0.47240000920932573,0.04419332353605121,0.47652039340418517,0.2049140882140769,0.5426478600778638,0.4187324275852375,-0.02016529007035953,4.806126488150873e-07,18.22853945500101
