,MAE,RMSE,NSE,alpha,beta,HFV,HFV10,LFV,FDC,r2,training_time_minutes
1,0.3619449797641503,0.5039281010949073,0.825507819043195,1.056606143335331,0.6649444029208408,-3.0787140238167687,9.640107898529779,-14.710154679048943,,0.15445329348964265,18.22853945500101
2,0.39929001172535966,0.5355253025263804,0.8029398508436962,1.0679167871566315,0.6098635525652869,-0.9792242535954456,7.825776274646524,-18.793991114305932,1291.0732009042104,0.17675479535535532,18.22853945500101
