,MAE,RMSE,NSE,alpha,beta,HFV,HFV10,LFV,FDC,training_time_minutes
1,1.6582528978730424,2.877305442034661,0.32445627356822704,0.5536411947110043,1.320018661170275,0.5711246205997084,0.6946671434958178,13.88589626748209,6.052059129705106,30.33112552666668
2,29.172803910652387,29.63417235377199,-70.65840476049426,1.2966683294208021,18.14969719696386,1.8835475866666747,3.6297731696057234,468.13312551577667,113.62692870406708,30.33112552666668
