,MAE,RMSE,NSE,alpha,beta,HFV,HFV10,LFV,FDC,r2,training_time_minutes
1,1.6801757095336871,2.6638142093604156,0.19054556379840626,0.8219930563197311,1.9238564387328685,-13.771855473496109,5.7303633156740155,34.455985943172635,-68.59321235194408,0.21209487311581787,30.33112552666668
2,29.49219717754841,29.944672635070752,-101.28776382232444,1.641268943186294,25.025173559679168,130.52079079558337,360.7893126674159,844.8509871591152,-101.31303783186736,0.298801170785852,30.33112552666668
