,MAE,RMSE,NSE,alpha,beta,HFV,HFV10,LFV,FDC,training_time_minutes
1,313.4285310323453,314.9609673963868,-10785.913341756499,10.2228090948441,392.8849218969692,17.920572230115706,52.640432275782565,36738.33570807507,3618.6863245376367,22.14499098000039
2,278.66079315415425,280.43636831108216,-8550.69861906634,10.38560189371334,349.4134748608962,16.011878388977113,47.00734805118492,32435.919906828032,3227.5376862998824,22.14499098000039
