,MAE,RMSE,NSE,alpha,beta,HFV,HFV10,LFV,FDC,r2,training_time_minutes
1,312.90257179530687,314.5040202668189,-7808.458484413091,8.888883957471332,374.6617449036935,1470.0784630482988,4790.833557909485,12826.355853670582,-76.1672396349691,0.3314491414010392,22.14499098000039
2,279.14875644810775,280.50334134807235,-6211.188076045763,7.712107976984615,334.3536404754491,1303.3514954757698,4268.008131241848,11439.376398338085,-76.14135777104775,0.33417883178070074,22.14499098000039
