,MAE,RMSE,NSE,alpha,beta,HFV,HFV10,LFV,FDC,training_time_minutes
1,0.15233583781350798,0.3574268565535722,0.5142900197085916,0.7130872888196417,0.5072002451735302,0.7972723536375125,0.6596793073141058,-3.4526707991226465e-13,1.8335136634549083e-08,50.15137890333329
2,0.15781781095337288,0.36604116939893694,0.4905957871906984,0.6670689843160961,0.46410264371105864,0.7523508070058536,0.6149114363854892,-3.458649456528921e-13,1.4531053271200744e-08,50.15137890333329
