,MAE,RMSE,NSE,alpha,beta,HFV,HFV10,LFV,FDC,r2,training_time_minutes
1,0.19786078574354424,0.30588437590921014,0.9292992614213849,1.0094521536617105,0.8195629811706591,0.9433424578989941,1.0509393358368813,-4.5478551743260927e-07,0.2344299518478257,0.3849442518523686,50.15137890333329
2,0.205953292076539,0.3141743939922302,0.9254150962113319,1.0616873447747064,0.8143877183249276,1.0073060824083901,1.0837370300871416,-6.460746678176722e-07,0.2054064133998161,0.43440693481418613,50.15137890333329
