,MAE,RMSE,NSE,alpha,beta,HFV,HFV10,LFV,FDC
1,0.03511032695430603,0.08147851897678449,0.6703448391825888,0.6968476350230213,0.5938479871096565,0.8140436628177693,0.6886904457141995,-0.1384206701307205,9.821072104201663e-06
2,1.8119805827904685,1.898772371222379,-178.0273709346665,4.517518056988248,-25.09803802452033,-0.07042494373532664,-0.4281376643786658,-20226.960954129794,-16123.942305142988
