,MAE,RMSE,NSE,alpha,beta,HFV,HFV10,LFV,FDC,training_time_minutes
1,8.419285138356763,21.172481963064214,-12.79621687287197,3.8868491822932665,1.4144635222873565,3.8577461408165443,2.6174937438746575,-0.43301970973214754,0.2137989560396347,248.268107495
2,65.39534459921045,88.76818631037925,-241.51084382626624,15.322831824432994,3.502714955114702,5.501767821529354,8.249184848437359,-21.40401058253309,-1.820545405673153,248.268107495
