,MAE,RMSE,NSE,alpha,beta,HFV,HFV10,LFV,FDC,training_time_minutes
1,0.19873432814500538,0.3916297130250961,0.6120338401827956,0.7635499663905907,1.231794759720852,0.671777323680187,0.7492764013530641,0.06220843656031903,30.031834285630545,26.190356771666664
2,0.2583675642661817,0.40756837277519625,0.5798121133144851,0.4203954054858967,1.16951607722691,0.5358230474307943,0.4684000521357804,197.02558876604311,299.42208434381354,26.190356771666664
