,MAE,RMSE,NSE,alpha,beta,HFV,HFV10,LFV,FDC,r2,training_time_minutes
1,0.3126547989157267,0.48308263002682866,0.8449671628213317,0.8273189317577868,0.9174971045886589,-9.27015572824519,-6.792244595828317,-17.807610251831008,-16.50596321140032,0.09064095543515038,26.190356771666664
2,0.6731515935579858,0.7879389490551002,0.5875550517988898,0.48553613738450535,0.8603066554904818,-28.300657519589585,-32.84699673928459,-44.513429289931565,-96.74591331114213,0.10141081861418921,26.190356771666664
