,MAE,RMSE,NSE,alpha,beta,HFV,HFV10,LFV,FDC,training_length_days,training_time_minutes
1,0.959151094685133,1.1532085515274892,-2.2450177886814817,0.0008058845589551846,5.588182934856296e-05,0.0008347148815234791,0.00020010880358657353,-8.543003603545822e-15,-1.5440555141327628e-16,423,33.73290947666668
2,1.444037371525264,1.6631249439323716,-5.7491818196104925,0.5723222867999643,-0.5053731553826445,0.2130577610384784,0.05458516740006296,-1.7293995400933821,-1.1817417622399615,423,33.73290947666668
