,MAE,RMSE,NSE,alpha,beta,HFV,HFV10,LFV,FDC,training_time_minutes
1,0.10365882739292806,0.38303054603416004,0.014592013143975735,0.3667872229489416,0.43888493151531965,0.3380396057706167,0.4018717546094279,-39.875898265957346,-0.017935624203321454,31.095784623333262
2,0.09858932304324808,0.3583125265856355,0.1376705038999524,0.31282052367127033,0.5238058625702089,0.29992086596055273,0.41421440892626865,-33.72168653345682,4.83542646073067,31.095784623333262
