,MAE,RMSE,NSE,alpha,beta,HFV,HFV10,LFV,FDC,r2,training_time_minutes
1,0.04662339650274748,0.18540665153654484,0.24235956975312312,0.7712288321972616,1.0869213647643676,-23.796869511825218,1.8681492618151454,15.882742288593757,,0.37240582839538994,31.095784623333262
2,0.04828554678552646,0.15168604063806798,0.4928881587121764,0.7135931654066757,1.2356628385622352,-26.66326662591088,-1.1305221718115495,19.72395355612914,-2.4976627786455627,0.5129644839649661,31.095784623333262
