,MAE,RMSE,NSE,alpha,beta,HFV,HFV10,LFV,FDC
1,0.03257855113829338,0.0928687454233703,0.6871642115121693,1.206818962344482,1.4330123221359525,1.0880380268002372,1.3094098001296874,-5.199823762399136e-11,4.566248644210966e-07
2,,,,,,,,,
