,MAE,RMSE,NSE,alpha,beta,HFV,HFV10,LFV,FDC,training_time_minutes
1,0.06738706215157556,0.1353515692352879,0.8106240446505694,0.8577592318034345,0.667600469032472,0.9742143448123888,0.848233894433481,-5.301475126973641e-12,1.6608472484661651e-06,65.71866476499993
2,0.09126843547016718,0.17114408051979269,0.697223606765218,0.6740404161322503,0.43699400908187946,0.7934511383745457,0.6398272739431231,-3.299529812762936,0.00021748173652038795,65.71866476499993
