,MAE,RMSE,NSE,alpha,beta,HFV,HFV10,LFV,FDC,r2,training_time_minutes
1,0.150506571498411,0.2643676032034109,0.9022680280681742,1.0514981976350137,0.8894529416008851,1.0379495407421273,1.0738057646420247,-3.693483456556936e-05,0.36050094440029873,0.5651141048810066,65.71866476499993
2,0.1555680374650636,0.2729917197439555,0.8957876611099742,1.021940190862398,0.8341562797256626,1.0119651368337987,1.020247961274668,-1.43077008767428,0.2011981528290667,0.6214442199881722,65.71866476499993
