,MAE,RMSE,NSE,alpha,beta,HFV,HFV10,LFV,FDC,training_time_minutes
1,0.06598014503957796,0.137492316820536,-0.06032063829531631,0.24281118887565867,0.01941269075434708,0.30956819061093044,0.15365429909431616,-71.2251699080131,1.9002552681021796e-15,49.04165834833329
2,,,,,,,,,,49.04165834833329
