,MAE,RMSE,NSE,alpha,beta,HFV,HFV10,LFV,FDC,training_time_minutes
1,87.34357005592715,101.52923072045661,-717.3506353780228,13.642402646929964,96.85184154203547,8.373258955404863,24.405402293064874,14414.815752898581,1437.4580175457165,34.77178193833291
2,67.5358480698832,78.50319327969625,-428.4661460246132,10.544322356275897,75.08529131435128,6.482896041870227,18.89441211752573,11253.43550054708,1114.6567065868903,34.77178193833291
