,MAE,RMSE,NSE,alpha,beta,HFV,HFV10,LFV,FDC,training_time_minutes
1,11.553632110478494,13.497081331175634,-12.907051502132997,2.0172658317270136,6.068056069224796,1.4457113965278527,2.5088797175288278,12.570816480928944,13.151728436177933,17.437231748333335
2,2.9160816029809022,3.6312387576888896,-0.006618582956487984,0.7932961879382607,2.014000387420452,0.8182188692967728,1.0294295134315041,5.090091378158973,3.985806249304652,17.437231748333335
