,MAE,RMSE,NSE,alpha,beta,HFV,HFV10,LFV,FDC,r2,training_time_minutes
1,11.213496901222767,12.996607190691305,-9.756295227458432,1.816899094375589,5.641492438524886,33.965004175243735,128.64631563449572,281.40837958847976,-75.19877947010399,0.41513280898174376,17.437231748333335
2,3.109164235303157,3.8084743823234737,0.07635559241347312,0.7569562583029706,2.0089754897431953,-23.191343504841736,0.1850504155043403,36.32200625413815,-113.56681623465212,0.5387426591100404,17.437231748333335
