,MAE,RMSE,NSE,alpha,beta,HFV,HFV10,LFV,FDC,training_time_minutes
1,5.095481378588773,6.2227312716363175,-13.898323305319016,1.6202590849582317,-0.8160439029145967,0.3088872360529944,0.2565855761901296,-3.2024929673907794,-1.9598237625701544,155.66995125833347
2,5.763611536055141,6.819024070596884,-16.890387556148237,1.4698218176860107,-1.0630440776253838,0.23360698063252938,0.04916207073196363,-3.471683357694863,-1.9766038632870773,155.66995125833347
