,MAE,RMSE,NSE,alpha,beta,HFV,HFV10,LFV,FDC,training_length_days,training_time_minutes
1,0.2886757036541786,0.3138543787728642,-5.863855648105586,0.6358071600443985,-0.07138696382600507,0.49057348315452853,0.3123926845583003,-0.34600962731929064,-0.13742544069891874,2062,89.00771837499997
2,202.96225700562394,210.4150336326665,-3085070.891393774,463.2706628140902,754.9396242749757,399.60816826689967,645.5963167156659,794.6268037961036,788.3057399691371,2062,89.00771837499997
