,MAE,RMSE,NSE,alpha,beta,HFV,HFV10,LFV,FDC,training_time_minutes
1,0.5792241236928216,2.1784637042482675,-0.07607371939778806,0.0,0.0,0.0,0.0,0.0,0.0,3.351124696666375
2,0.5792241236928216,2.1784637042482675,-0.07607371939778806,0.0,0.0,0.0,0.0,0.0,0.0,3.351124696666375
