,MAE,RMSE,NSE,alpha,beta,HFV,HFV10,LFV,FDC,r2,training_time_minutes
1,1.2906150825733707,3.3973113573755533,-0.16865947981976226,0.0,0.0,-100.0,-100.0,-100.0,,-1.4077627952246985e-13,3.351124696666375
2,1.2906150825733707,3.3973113573755533,-0.16865947981976226,0.0,0.0,-100.0,-100.0,-100.0,,-1.4077627952246985e-13,3.351124696666375
