,MAE,RMSE,NSE,alpha,beta,HFV,HFV10,LFV,FDC,training_time_minutes
1,11775737.51671337,12371388.791150805,-11684018724247.795,1047867.6621241408,5284050.382356061,642067.3522041544,1294824.0378492326,22378172.55911222,13524403.555495687,39.523756156666664
2,2.811312534314795,3.605978187343854,0.007337709983270657,0.8453249022823885,1.8788710762123357,0.8574397451932709,0.9735539629036094,4.034613982192404,3.8891539080233923,39.523756156666664
