,MAE,RMSE,NSE,alpha,beta,HFV,HFV10,LFV,FDC,r2,training_time_minutes
1,11933227.645900084,12450602.547408158,-9871507208724.7,896303.2733659062,5061437.692759826,57894784.09201197,117513663.56915754,227499776.92821345,-218.0711362267528,0.44529517526056994,39.523756156666664
2,2.9525111738543717,3.715717306876589,0.12079923294031114,0.7808820566302129,1.8801332619477773,-21.62109251101347,-5.008009618871939,29.909829057812697,-89.24819651479834,0.578352089652578,39.523756156666664
