,MAE,RMSE,NSE,alpha,beta,HFV,HFV10,LFV,FDC,training_time_minutes
1,0.007581149060542625,0.011298304761657487,0.994590502791681,0.9594789769882458,1.011472676894444,0.9750237147473766,0.984095074729082,1.2011168621256796,1.0234521798761478,13.456233316666658
2,0.008350281820056628,0.013302547344109277,0.9925010586490478,0.9517099815466529,0.970763241417349,0.9540198248056716,0.9639854517076551,1.0769128862587534,0.9662263569719143,13.456233316666658
