,MAE,RMSE,NSE,alpha,beta,HFV,HFV10,LFV,FDC,r2,training_time_minutes
1,0.008269228990425162,0.012702596275381669,0.9977474843813513,0.9880399555797049,1.0062672423871897,-2.5409413931514653,-0.4123273618021673,0.428111618058467,-2.1259939905152945,0.929609944390565,13.456233316666658
2,0.008825462647865321,0.0125420783459277,0.9978040530746756,0.9998896075250565,0.9923351883164355,-1.5363446282645994,0.17521284980902052,0.27428330100081094,0.45524123931644944,0.9831693433279013,13.456233316666658
