,MAE,RMSE,NSE,alpha,beta,HFV,HFV10,LFV,FDC,training_time_minutes
1,1.2809476813458855,2.230878901586583,0.24354412546522763,0.8265741687867898,1.0728713070553546,0.8277593079438552,0.9102111942238298,1.769904994282121,1.2878149737279,38.5396916166667
2,1.1809039674366841,2.051028226853676,0.3605966871156705,0.5763751514169111,0.9795196503217052,0.5966917345739103,0.6870389343759912,2.483862842392485,1.3822103614838548,38.5396916166667
