,MAE,RMSE,NSE,alpha,beta,HFV,HFV10,LFV,FDC,r2,training_time_minutes
1,1.319532461142897,2.2352300195489896,0.1865525075012916,0.849055508155832,1.0406665852017982,-14.317566612625155,-8.591232969846217,-4.056112298778233,-43.28887202569939,0.40328528680890807,38.5396916166667
2,1.2241170943365391,2.023183585290385,0.3335682685036807,0.6130051471184864,0.9284192836490242,-37.38693744163463,-31.487375935472375,-22.960251443174904,-84.57469850888506,0.5262352491232487,38.5396916166667
