,MAE,RMSE,NSE,alpha,beta,HFV,HFV10,LFV,FDC,training_time_minutes
1,0.03860106980935459,0.06846247240087987,0.803237826891265,0.79486066548596,0.5369390754128536,0.9182076033472049,0.7394158283911466,-2.058405121776625e-12,-2.1621938900287654e-16,77.92124468166669
2,0.05717866745875135,0.10437777153350991,0.5426459875917379,0.5650020800172122,0.313100165593038,0.6830808564962775,0.5055233269376284,-0.7221013308889856,3.914965340852228e-14,77.92124468166669
