,MAE,RMSE,NSE,alpha,beta,HFV,HFV10,LFV,FDC,r2,training_time_minutes
1,0.08107903141535532,0.15276608516772008,0.9268267937417118,0.9975598522486425,0.8439820391377514,0.9337774409209311,1.082093437727217,-1.3690027440709734e-12,0.10018636558191989,0.7914784537715036,77.92124468166669
2,0.1029736591374682,0.1764926815393172,0.9023321585518623,1.027101716182236,0.7977221183191177,0.9564183799608615,1.1127954141349814,-0.08228452533699974,0.01976729637815641,0.8298759568414547,77.92124468166669
