,MAE,RMSE,NSE,alpha,beta,HFV,HFV10,LFV,FDC,training_time_minutes
1,79.57737203710346,92.48608292834349,-1502.7265431738392,19.777108873913225,90.08247230848696,11.927225291710597,29.28570656936906,1410.364798998371,289.0931975493928,43.13170031333381
2,8.545583013422156,8.899044614112363,-12.922039500774178,1.0927245344070453,10.44960624290357,1.2255415902115856,2.6413983432809514,385.4836499921762,35.23270387502966,43.13170031333381
