,MAE,RMSE,NSE,alpha,beta,HFV,HFV10,LFV,FDC,r2,training_time_minutes
1,71.58828423936907,83.22985933321671,-936.3864066046017,15.651052803156423,76.95564297274277,873.1809129591845,2257.070924776256,4560.4258663767305,-66.38541491035211,0.3023412758079491,43.13170031333381
2,8.695212993300718,9.090596544938,-10.182659392632127,1.0615345303521675,10.058465677850865,16.149355439081425,147.31364641140885,372.5428566682879,-87.59740943289489,0.3083276932782991,43.13170031333381
