,MAE,RMSE,NSE,alpha,beta,HFV,HFV10,LFV,FDC,training_time_minutes
1,1.2735984512266239,2.26949825890256,0.21109890877705484,0.6363149386715378,1.1931424013100123,0.560191182865356,0.81756515454254,1.7161733148482965,1.4660000518384704,17.570946625000214
2,1.8419563815782334,2.5227005794592596,0.02524771282415017,0.5407410943635746,1.5916643338786667,0.5701085500642158,0.8534277485552892,3.446938526591013,2.149755528600179,17.570946625000214
