,MAE,RMSE,NSE,alpha,beta,HFV,HFV10,LFV,FDC,r2,training_time_minutes
1,1.1257805353672132,1.7505391184542751,0.06385028441882545,0.7745568613202506,1.404571602827908,-29.438583000077408,1.7950847795113447,24.60854501523079,-37.12127293010398,0.3043663310126633,17.570946625000214
2,1.605434035708491,2.0833004164182025,-0.32588381937353006,0.6933540563679952,1.8430952337398296,-26.894341291917186,9.092296074462078,41.53640542111219,-112.63873874054718,0.4338064520339415,17.570946625000214
