,MAE,RMSE,NSE,alpha,beta,HFV,HFV10,LFV,FDC
1,0.08180440300956283,0.09692457704588292,0.6923895614050686,0.8989895065988278,0.5276212938438067,0.8960620115220258,0.8735836018434797,0.00019217037990399742,0.056692900886269826
2,0.08251583260288795,0.09853082323257717,0.6821095635592734,0.9239414337891028,0.5247298403604733,0.946539021800599,0.901180275707501,4.192972213147721e-05,0.032176897340415546
