,MAE,RMSE,NSE,alpha,beta,HFV,HFV10,LFV,FDC,training_length_days,training_time_minutes
1,0.14502688901786026,0.22383359868206362,0.35967617927393547,0.5762568108800851,0.843325171049722,0.6919542270012077,0.7854363066092865,0.9632317371795129,0.9227272005479396,521,125.31373814000011
2,0.1452053050196511,0.21412472852921935,0.41402005209558523,0.710545570299355,0.8264815629785333,0.7594684687743422,0.843555758007798,0.8682825924991155,0.8424259224013829,521,125.31373814000011
