,MAE,RMSE,NSE,alpha,beta,HFV,HFV10,LFV,FDC,r2,training_length_days,training_time_minutes
1,0.12043990034398623,0.16340151693690252,0.34555658026782754,0.7148267880816566,1.1407735387232283,-1.1183109812148366,-3.9937141599206667,-3.180975670865644,-35.774263941419306,0.2795512572257346,521,125.31373814000011
2,0.10220957649358854,0.13703486296408007,0.5397200290230739,0.8125022721658435,1.0779080170875859,1.531009570815776,0.12245764326353498,-1.7123561979600201,-21.14330208255898,0.5459554931575159,521,125.31373814000011
