,MAE,RMSE,NSE,alpha,beta,HFV,HFV10,LFV,FDC,training_time_minutes
1,1.38672232779929,2.671305054101607,0.12070125473614424,0.9100529940914541,0.9926858579024073,0.8250553649715805,0.9905296797873904,0.07257488066953427,0.8500394590850684,15.842889593333044
2,1.3542139718930213,2.6905429350175907,0.10799079640474152,0.9066884722220709,0.9840024436853144,0.841088149313211,0.9844103837796455,0.76344321863277,0.8551135613493942,15.842889593333044
