,MAE,RMSE,NSE,alpha,beta,HFV,HFV10,LFV,FDC,r2,training_time_minutes
1,1.2838526916149915,2.5787048472028937,0.0580019799164877,0.9319791574408542,1.051180855712918,-13.177813188757584,6.580588619520333,10.771593874185173,206.0000461601708,0.4093795557177502,15.842889593333044
2,1.245063984279205,2.586045643398783,0.052631176838125016,0.9357214416208489,1.0552754573554712,-10.877815555437698,6.604525884832683,8.23497458730339,6.253058071952497,0.41170892794930336,15.842889593333044
