,MAE,RMSE,NSE,alpha,beta,HFV,HFV10,LFV,FDC,training_time_minutes
1,0.7342933803311412,1.622203491641455,0.7421476025544561,0.9657187809331439,0.7847065502423998,0.8740684331213673,0.9916507105746678,-2.2770703958678333,-0.08106883642961962,14.2224724
2,0.8535565596714846,1.7014936895583348,0.7163249137966192,1.0231235434086043,0.7587219955468127,0.9049794889469375,1.0460724475686647,-5.836430690216375,-0.1812420272251393,14.2224724
