,MAE,RMSE,NSE,alpha,beta,HFV,HFV10,LFV,FDC,r2,training_time_minutes
1,0.6348937045032802,1.5235042161743517,0.6952193912517284,1.0371763631233597,0.9070083200244695,-9.82794923700948,13.579228685354716,5.214427257781556,,0.3388681456234788,14.2224724
2,0.7235610107848245,1.5192555818166973,0.6969169196080194,1.0482736375248132,0.8122434838722875,-10.020096782004762,13.323327238305867,4.399115974109687,,0.388064835617121,14.2224724
