,MAE,RMSE,NSE,alpha,beta,HFV,HFV10,LFV,FDC,training_time_minutes
1,176.3415545860865,202.84377988330002,-2373.760535223084,24.144301076848986,-246.00125030231615,-0.036789232081404534,-3.006179491005393,-inf,-7378.271204528998,7.968779614999948
2,0.8631187358889536,3.8257176920478093,0.15526153113125263,0.30110563541790136,0.7705246114387114,0.31078041109358917,0.5806760293242852,-inf,0.32247034808726566,7.968779614999948
