,MAE,RMSE,NSE,alpha,beta,HFV,HFV10,LFV,FDC,r2,training_time_minutes
1,132.95239179687724,154.32650857411073,-3012.6258951669797,27.84742427590726,-470.6553080207773,-109.88364490510205,-530.1835559115821,-4834.204498249739,,0.14860100207209814,7.968779614999948
2,0.5877437830373846,2.732599837782483,0.05515546934682658,0.4332372577158646,1.7641300104326927,-31.924456498063456,36.71849442840474,80.35522501503598,,0.24039557242729748,7.968779614999948
