,MAE,RMSE,NSE,alpha,beta,HFV,HFV10,LFV,FDC
1,0.13564731819696083,0.20537187835532517,-1.037842698083256,0.08960191979240242,-0.1811594989591289,-0.006447076041831586,-0.010441269575707542,-2.6283010767072743,-0.4460562718115907
2,0.052821749132128476,0.09612176085622048,0.5535918208202195,0.5458944793610262,0.5407130957011724,0.5002903732446538,0.5254135978723715,0.17986785713035736,0.6274014160055729
