,MAE,RMSE,NSE,alpha,beta,HFV,HFV10,LFV,FDC,training_time_minutes
1,0.0247289253473204,0.05409908825948547,0.8084125502128657,0.9042862568793042,0.7426112106785393,1.0343722920893261,0.8831941410756663,-3.1330522124721424e-12,9.346432773107357e-08,11.026731263333932
2,0.024343804816254595,0.05429115242473366,0.8070497766858973,0.9007530366622364,0.7610552465784822,1.0206504546525716,0.8895103034307045,-4.05306797144307e-12,2.1399543649864477e-06,11.026731263333932
