,MAE,RMSE,NSE,alpha,beta,HFV,HFV10,LFV,FDC,r2,training_time_minutes
1,0.04417962599049472,0.0774297744061161,0.9114391268413606,1.0195543247606424,0.8775356701552885,3.3380256934839974,3.795641183305472,-9.794126562496515,,0.5295439997734184,11.026731263333932
2,0.04427912569855095,0.07932774666487026,0.9070442759053771,1.0134235038714339,0.8993439984271633,1.882921193480968,3.205758785757897,-8.28420121771537,,0.5669873812818068,11.026731263333932
