,MAE,RMSE,NSE,alpha,beta,HFV,HFV10,LFV,FDC,training_time_minutes
1,0.036668765680955985,0.11757764464464167,0.004288349244010337,0.11205987128362195,0.12784281664245492,0.06123658027170902,0.10833658199568552,-3.4432499924418996,1.4048967164604903e-06,30.882015243333324
2,0.03731389078488154,0.11862821759144457,-0.013584795061300392,0.09601604550256933,0.09328079418344634,0.04766716293459606,0.08663253595060502,-3.8675426928196663,1.069600678045008e-05,30.882015243333324
