,MAE,RMSE,NSE,alpha,beta,HFV,HFV10,LFV,FDC,r2,training_time_minutes
1,0.012587656690938528,0.020905702125347692,0.9739036303016352,0.9906325897654674,1.113191336101319,-0.6121125940774026,0.9563918365945459,14.299561162002055,,0.9177634779546304,30.882015243333324
2,0.010947658563269699,0.018676789506364352,0.979171642254912,0.9859118331050603,1.0923422233944085,-0.7182791090050827,0.7518456627915758,11.458083721683757,323.73417052117264,0.9334509831991329,30.882015243333324
