,MAE,RMSE,NSE,alpha,beta,HFV,HFV10,LFV,FDC,training_time_minutes
1,0.5880829914088417,1.006790827511614,0.44347578050228253,0.46287570714911414,1.1212852932353212,0.45153772160645955,0.5090389065983724,2.6455760555361905,4.437448964971839,20.04879209000004
2,0.42795829630955956,0.9976560507482589,0.4535288354983843,0.4711972205186453,0.6270242279567878,0.4313600633145656,0.4799116584551066,0.011960152567039412,0.9381584775214606,20.04879209000004
