,MAE,RMSE,NSE,alpha,beta,HFV,HFV10,LFV,FDC,r2,training_time_minutes
1,0.5545023367916794,0.7741572480014174,0.3549574984822036,0.699716441764972,1.8575066052028726,-37.06118503583087,-14.824425629321988,30.8369488435314,-6.6703484702172275,0.2418922527115892,20.04879209000004
2,0.3042264331095946,0.6128992102532447,0.5956959552780721,0.7469208439042856,1.138819093822194,-34.532557448232325,-16.754250249119558,7.545260690069655,88.01253644800103,0.2574608512174227,20.04879209000004
