,MAE,RMSE,NSE,alpha,beta,HFV,HFV10,LFV,FDC,training_time_minutes
1,1.439859168419532,1.504230968344406,-175.09656093043756,4.485457819384502,-23.66599156759836,-0.07332692474462192,-0.4209635940058665,-4257.812216108821,-2570.4120828502105,10.841763056666727
2,0.027470956806623214,0.0682430901445621,0.6375574379219568,0.7918608106020376,0.5922835009955792,1.0059433736822554,0.7511899626090119,-4.2940478119830205e-05,1.9495970168277552e-08,10.841763056666727
