,MAE,RMSE,NSE,alpha,beta,HFV,HFV10,LFV,FDC,r2,training_time_minutes
1,3.976674819499626,4.15583819773203,-359.23616811624396,6.01678936408011,-32.034924642152326,-101.15392083582493,-237.78082112280643,-696.3789313849871,,0.10477355171245473,10.841763056666727
2,0.0345160237015949,0.05701386000419336,0.9321998049438045,0.9970006112180814,0.8298650801269372,-2.3876492373220266,5.2980655833584915,-12.533447183786285,,0.7956604897107286,10.841763056666727
