,MAE,RMSE,NSE,alpha,beta,HFV,HFV10,LFV,FDC,training_time_minutes
1,0.15114005621411847,0.18288126669174248,0.5021718986367045,0.8911660153935181,0.45004947234051007,0.8976236458534038,0.8367012903324534,-1.2794762632864767e-07,0.0016969667504574551,26.48670270166664
2,0.12235247568193734,0.16773656115117255,0.581209871727967,0.6995427438783619,0.538079421951911,0.6997942107525524,0.6455753404197142,0.10016305909350082,0.41954421071017495,26.48670270166664
