,MAE,RMSE,NSE,alpha,beta,HFV,HFV10,LFV,FDC,r2,training_time_minutes
1,0.219360204476373,0.27486403748834903,0.564875728596729,1.248351325353003,0.7031784165839456,27.884485424063094,19.7205493927989,-5.591163217384314,469.5735986407307,0.4790307775978563,26.48670270166664
2,0.09303832277378532,0.1272297348440993,0.9067702091153879,0.9254261737305347,0.8397244657738296,-14.137006382031677,-13.832499518798274,-12.06561197128834,36.96148218722611,0.8011427100613935,26.48670270166664
