,MAE,RMSE,NSE,alpha,beta,HFV,HFV10,LFV,FDC,training_length_days,training_time_minutes
1,0.16954918886890577,0.2783305304373372,0.31209611874637033,1.1130356562671184,0.49122804646893437,1.2804137566647844,1.0687723845990094,-3.6315381179550134e-07,2.630877520683562e-05,1457,625.9592219633331
2,0.16454843020870302,0.2704866002611707,0.350322874639574,1.1067167681413737,0.5322275416632166,1.2853892056544953,1.1163677816345983,-9.656168245502278e-06,0.0001303110743914414,1457,625.9592219633331
