,MAE,RMSE,NSE,alpha,beta,HFV,HFV10,LFV,FDC,r2,training_length_days,training_time_minutes
1,0.20532346468516746,0.27096247162537834,0.19063414573437154,1.2155281955382768,0.5413926177837335,14.394340984124776,15.822545891401244,-12.073080822350121,203.36729661988778,0.5689657161205126,1457,625.9592219633331
2,0.19151102159730005,0.25410566593193934,0.28820442181065486,1.1802786361795026,0.5909361098304995,8.622549220092571,16.17984583282763,-6.875226473611637,163.74583411268395,0.6705440833461331,1457,625.9592219633331
