,MAE,RMSE,NSE,alpha,beta,HFV,HFV10,LFV,FDC,training_time_minutes
1,0.1918653315583117,0.2076825392838437,0.7924607667085914,1.0023439273294528,1.2855236494814164,1.1167430998604735,1.145017460051004,1.8939915111791286,1.2520219281308405,24.74554036000045
2,0.2013332811571519,0.21738064591940753,0.7726253793981032,0.9999961000426336,1.3036943118056075,1.1274015286006924,1.1491922153346439,1.94512609730163,1.2763153827947369,24.74554036000045
