,MAE,RMSE,NSE,alpha,beta,HFV,HFV10,LFV,FDC,r2,training_time_minutes
1,0.0722896108466123,0.09098318288481023,0.9834460704775622,0.9484888498267998,1.0301861222926603,-1.737751424040877,0.28673299601046986,0.44019324307637026,-28.924798332017982,0.7919073056834784,24.74554036000045
2,0.07583367499283926,0.09598205356304561,0.9815770605206414,0.9419924656173659,1.033444026222389,-1.4033727352713063,0.31483625880077587,0.26656085247309086,-31.736346422855124,0.809589621317029,24.74554036000045
