,MAE,RMSE,NSE,alpha,beta,HFV,HFV10,LFV,FDC,training_time_minutes
1,0.01337482049194246,0.028962115130467706,0.9378379296428385,1.008957287249423,0.9112183430244638,1.0927937560221792,0.9866351407400172,-1.3787184670642685e-11,2.078456527040209e-06,14.167328586666553
2,0.015832877876197846,0.031788125373669644,0.9251150138559089,1.0453410674206332,0.8692528779645624,1.1607326649000989,1.0148305240370386,-6.2381061420063864e-12,-2.0314764285486678e-15,14.167328586666553
