,MAE,RMSE,NSE,alpha,beta,HFV,HFV10,LFV,FDC,r2,training_time_minutes
1,0.02322310200792317,0.0455132505223505,0.9557913524044039,1.0021879592224943,0.9591138113717613,-2.903554124513775,3.9075270547506977,-2.660763343950485,,0.6692431102922608,14.167328586666553
2,0.02510495979631328,0.044397654633651674,0.9579320277001743,1.0172143865809637,0.9204441008194855,-2.1933835046917296,5.720024673206442,-3.6307117921700516,,0.7515426107594037,14.167328586666553
