,MAE,RMSE,NSE,alpha,beta,HFV,HFV10,LFV,FDC,training_time_minutes
1,1.2093945076006454,2.7135455548510645,0.04905309933673907,0.7509464799956352,1.6661994890820733,0.7725659248766746,1.1785032083748648,5.406135292977604,2.55494763788981,15.986610603333004
2,2.239643838731075,3.1166394863433586,-0.25445524271344233,0.6605887409559403,2.9449370932536345,0.7299058592951894,1.2407795261621628,26.795584596499033,7.218039402942692,15.986610603333004
