,MAE,RMSE,NSE,alpha,beta,HFV,HFV10,LFV,FDC,r2,training_time_minutes
1,1.4241327838046058,3.0019062775873793,-0.11360203821167714,0.9326863647936473,1.5902944318111616,-11.80947000167217,11.29961148798396,33.65576984872955,-39.93808015151814,0.36960604745936865,15.986610603333004
2,2.454720555712225,3.263694240864879,-0.3162994181802845,0.75524450837755,2.7012886513746466,-27.22368726645053,15.861441865889459,67.81171962358886,-77.40090198096885,0.6057903557168483,15.986610603333004
