,MAE,RMSE,NSE,alpha,beta,HFV,HFV10,LFV,FDC
1,2.2668287137428793e+36,1.5252228333846531e+37,-3.483270378050225e+74,1.8456243787004862e+37,-3.321538572751248e+36,-0.0068972364147775475,-65.8781766515291,-3.688806556025892e+37,-2.8752371889236677e+23
2,1609.898795453861,3612.8212618169946,-19544002.972225454,3957.7276142135715,-2357.946593772537,0.13452456593905848,-0.0003555889733792797,-25177.372766956174,-490.166517573459
