,MAE,RMSE,NSE,alpha,beta,HFV,HFV10,LFV,FDC
1,0.9685245663558887,1.1250400287250009,-0.5281397465894231,0.5649468691817918,0.7730292499495296,0.7427153192439473,0.8060099651878873,0.8020196205020134,0.8159609764370168
2,1.084008227227399,1.274814100438074,-0.962098650252236,0.5810411589659575,0.6828084921837733,0.7091124601167458,0.7508715874462679,0.6823441590144006,0.6887258799637176
