,MAE,RMSE,NSE,alpha,beta,HFV,HFV10,LFV,FDC,training_time_minutes
1,0.21489545365760063,0.37204698972052047,0.3810690658757696,0.7601236293368399,0.44644813491337687,0.8030065727910055,0.7149112335159002,-6.754388713030769e-05,0.0025281739412958823,23.98585217166668
2,0.20597108868591787,0.35894323395081523,0.42389964612521314,0.7146177455261693,0.45411817178005787,0.7178398469750358,0.6771745135168485,-0.0001368369711360976,0.001079956074428231,23.98585217166668
