,MAE,RMSE,NSE,alpha,beta,HFV,HFV10,LFV,FDC,r2,training_time_minutes
1,0.24402373104097844,0.29553239047302304,0.8807913394074087,1.071577682511895,0.7417622111151343,-2.1952160031536385,6.535007735989911,-8.601546811942939,487.6624612851125,0.5139361917760259,23.98585217166668
2,0.21824607535514923,0.2753454693792556,0.8965206946408601,1.0586763816947409,0.7815315157770387,-3.568510623665925,3.296197633676446,-4.8746867923436925,596.0334338862784,0.5977231732493271,23.98585217166668
