,MAE,RMSE,NSE,alpha,beta,HFV,HFV10,LFV,FDC,training_time_minutes
1,0.9540686362037601,1.10725212736737,-9.120991071467584,0.7262840500471323,-1.1241226465152399,-0.039490634256728066,-0.1494961420400675,-5.050064868204739,-1.3172070218988219,71.58444887666653
2,0.5534683077862274,0.6704107061001077,-2.710324356146029,0.17154223795479934,-0.2310949864884099,0.008875013273609638,-0.01382625669562936,-1.0912298943646515,-0.2749285491096324,71.58444887666653
