,MAE,RMSE,NSE,alpha,beta,HFV,HFV10,LFV,FDC,training_time_minutes
1,0.1451742959980724,0.17166324837572663,0.8129355720961918,1.114095963380737,0.7826901641541884,0.9938705200798249,1.0594492396473283,0.3599435674254534,0.4366414186617937,161.29508401666655
2,0.1447607391627305,0.17562356430131565,0.8042047591872546,1.0284572695584338,0.7468054264540348,0.9260688381405481,0.940968991207696,0.22504299858076815,0.4467937242695564,161.29508401666655
