,MAE,RMSE,NSE,alpha,beta,HFV,HFV10,LFV,FDC,training_time_minutes
1,1.3374931646923873,2.4651073919514443,0.15500958415320787,0.49831606340715495,1.7799976154983166,0.5243454090896381,0.7833534356207514,6.747709255944887,5.0370575475957615,11.125535901666929
2,11.20849933342324,11.74620871971926,-18.185606037671594,1.2513491044824103,11.971191235486494,1.3627857555874912,2.785423406584921,89.54432890350982,44.26602406665307,11.125535901666929
