,MAE,RMSE,NSE,alpha,beta,HFV,HFV10,LFV,FDC,r2,training_time_minutes
1,1.2623657848627639,1.8075411093900757,-0.07277322401560116,0.8153847414547569,2.5038498859164346,-14.544724856401022,20.862951560427415,77.62243737754805,-32.57274984294513,0.2053436777886174,11.125535901666929
2,10.691257014550036,11.384727038180893,-41.5575681417475,2.4152452539776235,16.4009676792964,92.64854785207697,299.99552137229495,709.5729568151271,-63.549527022435406,0.3084070822203405,11.125535901666929
