,MAE,RMSE,NSE,alpha,beta,HFV,HFV10,LFV,FDC,training_time_minutes
1,1802044.997029277,2201016.6283697053,-2765535801607.3047,954846.1806909842,3602648.158011793,426986.93837229605,968516.162735815,2677740.74314612,28270874.328493763,11.96113387666701
2,5.259956609940367,5.765383319485057,-17.975315796959823,1.9932774568146483,11.449573200273571,2.0362523604293963,3.4492833970329335,159.31121365553582,61.450446304964416,11.96113387666701
