,MAE,RMSE,NSE,alpha,beta,HFV,HFV10,LFV,FDC,r2,training_time_minutes
1,1595453.987887707,2060244.669948048,-727893427094.4584,539795.2483259587,4418989.600248606,38923003.53919624,116757699.65426879,269694750.06244344,105.52619032339723,0.14885082476618428,11.96113387666701
2,3.9450747689119745,4.700284720314036,-2.788598051297901,0.7926855851748197,11.592870941334555,36.98812976302878,205.08729210841096,490.8338626939694,-55.69545093957812,0.16346555662564077,11.96113387666701
