,MAE,RMSE,NSE,alpha,beta,HFV,HFV10,LFV,FDC,training_time_minutes
1,0.6713069442475037,1.6160258117982889,-0.13499243549546458,1.2212047589310182,0.6569995943578703,1.076632047395496,0.9818568353034248,-0.8895001081596392,-0.011424556171355177,15.75062353000006
2,92.3394819437681,95.26193097565604,-3942.9839743307216,15.519598888498315,125.80376244554174,12.567080974376841,29.31220726014128,599.880654460836,310.5732854657145,15.75062353000006
