,MAE,RMSE,NSE,alpha,beta,HFV,HFV10,LFV,FDC,r2,training_time_minutes
1,0.663550844301304,1.750554105616722,0.194844845367255,0.9239887915658002,0.7644639187325123,13.340431849524824,12.146705999330127,-1.5149509648521464,,0.274952332501603,15.75062353000006
2,,,,,,,,,,0.34762444232535383,15.75062353000006
