,MAE,RMSE,NSE,alpha,beta,HFV,HFV10,LFV,FDC
1,0.35755320364953164,0.43501173610030786,-0.6190015682972181,0.3707789367816859,1.997725845682149,0.9437290904396238,0.9000554497601506,6433.963675597569,3.336963810577243
2,0.4593658696167069,0.5618423287518877,-1.700686868138352,0.2036430110279178,-0.45764470995527357,0.04090989666096452,0.0187343502220797,-2290.903693971394,-0.9128515028620584
