,MAE,RMSE,NSE,alpha,beta,HFV,HFV10,LFV,FDC
1,1.1392511895590345,1.4975986276145374,0.2876191648171076,0.7628426992430085,0.8569883131690895,0.7085293852247134,0.7658417637513439,0.8077478252910755,0.9669250925077495
2,1.1648808393229368,1.518384191209159,0.2677072957225569,0.7808849893198039,0.8458610328755345,0.7187527309810702,0.771150531014909,0.7802144467202954,0.9433360915826055
