,MAE,RMSE,NSE,alpha,beta,HFV,HFV10,LFV,FDC
1,0.5785831848367557,1.6814338508713627,0.1816057324716559,0.34039740550473224,1.0013888022481243,0.3717194022766689,0.5887717273833374,1.7754377004255424,1.4257454326891748
2,1.1208391008044214,1.8465376733021295,0.012995003935675098,0.31817956780503903,1.7716908184457563,0.42712656561089535,0.7513169157086849,4.514195917750578,2.8647150839547106
