,MAE,RMSE,NSE,alpha,beta,HFV,HFV10,LFV,FDC,training_time_minutes
1,0.288750165948154,0.5697378607237245,-27.990323050482978,4.987056822639533,6.815175316231075,3.931965706655363,5.158709715089867,-7.433717307966736,58.829705474497054,25.832253353333304
2,0.0894512356474923,0.21913121407226574,-3.288558944146816,0.9534114788986701,-0.9467831147468533,5.990864623855749e-14,5.1533476005126884e-14,-248.36168340317036,-6.0421687882321076e-06,25.832253353333304
