,MAE,RMSE,NSE,alpha,beta,HFV,HFV10,LFV,FDC,r2,training_time_minutes
1,0.6014078251993776,0.8973312617074095,-7.530086028328174,2.299460969843769,4.834763348477335,28.313618054926593,155.69526904484454,297.70560737851486,14.350834323473036,0.1184924614275008,25.832253353333304
2,0.12492375025313124,0.2263419359223924,0.4572774497061225,0.9472047271447936,0.3084266935151996,-6.064647508741492,-13.481528291379616,-42.85218336140508,,0.5918665404990148,25.832253353333304
