,MAE,RMSE,NSE,alpha,beta,HFV,HFV10,LFV,FDC
1,22.321642352106892,26.939724743158017,-23.323019202390462,2.617889391091797,-19.45225686502708,0.0648842574202749,-0.10058669035915889,-1607.2609624981344,-189.91207790253614
2,16.990002690167024,18.754084563947735,-10.787532809604269,1.3730542787093278,16.211176549180266,1.1460525543414728,3.3008629668843166,353.37022168368907,157.9268364539926
