,MAE,RMSE,NSE,alpha,beta,HFV,HFV10,LFV,FDC,r2
1,19.37963535287763,23.226621288200082,-50.172904529450186,3.892736758519222,-23.97037360333483,0.06946952380196592,-0.11273669705623436,-1325.9567308390235,-215.59512151758142,0.39480815672171343
2,15.583715109542645,17.474588730089973,-27.96555917103683,2.4130068764043853,20.877029858749296,1.6312517485615012,4.552455171082079,257.52744800167704,178.29217086644059,0.39635979930190723
