,MAE,RMSE,NSE,alpha,beta,HFV,HFV10,LFV,FDC,training_time_minutes
1,2.0829769926854698,3.874680771423188,-0.06791688794515949,0.6780946631078842,1.7174451860349937,0.6921863260536526,1.1088383598019895,2.4635715318791043,2.2827602891259122,16.239144153333232
2,75.38656933821537,86.73951290309392,-534.1796083699044,11.378718981579695,39.69724855044608,7.548114039780794,18.091395815986708,57.76071903825759,63.26168585533286,16.239144153333232
