,MAE,RMSE,NSE,alpha,beta,HFV,HFV10,LFV,FDC,r2,training_time_minutes
1,1.9563522976062524,3.4440436103825847,-0.3324361558908766,0.8289705386675184,2.0582197878963533,2.0073117856358693,51.10850361415821,84.6229258368162,-20.0951478000095,0.2789820384955082,16.239144153333232
2,56.21318870650677,66.89779888632481,-501.7276612626446,12.154701766652718,38.85169520393478,828.261884784727,1994.3263206033448,3196.211827645289,19.62356349530559,0.4993559300094711,16.239144153333232
