,MAE,RMSE,NSE,alpha,beta,HFV,HFV10,LFV,FDC,training_time_minutes
1,,,,,,,,,,16.749430391666586
2,0.1507283438715142,0.2559460751074086,0.18576626150314457,0.649646123735121,0.5104771636554428,0.5422050694420921,0.5766169724133929,-0.08241307413443234,0.11651179504154636,16.749430391666586
