,MAE,RMSE,NSE,alpha,beta,HFV,HFV10,LFV,FDC,r2,training_time_minutes
1,,,,,,,,,,0.13946661366884783,16.749430391666586
2,0.24981426412799837,0.3890818871913805,0.7489067878490303,0.9149137602864722,0.823940885471093,-10.207664554798665,-3.4995787570244152,-1.9278401419012061,169.71301058677105,0.28274938505431735,16.749430391666586
