,MAE,RMSE,NSE,alpha,beta,HFV,HFV10,LFV,FDC,training_time_minutes
1,0.05118837574226723,0.06758045235895788,0.8023255940714865,1.1123217255688498,0.7275858122383396,1.136830651599008,1.0676778474372788,7.42319380041577e-08,0.0028872068271579214,27.984814281666573
2,0.0472532375203801,0.06103672110156547,0.838753371098846,1.2177794283508896,0.8818877443000499,1.1497511531959557,1.1350942052256174,1.479221249895653e-07,0.006086224785007059,27.984814281666573
