,MAE,RMSE,NSE,alpha,beta,HFV,HFV10,LFV,FDC,r2,training_time_minutes
1,0.0790513805581689,0.0967333623825189,0.9161962957087596,1.0811271489592909,0.8257173194378736,0.7994099131857025,7.472352835735433,-2.3716252268617524,341.22325591156067,0.610130829793831,27.984814281666573
2,0.10599148947752876,0.13707083110176627,0.8317323070947146,1.1773238100327312,1.084368904704126,-0.3433321712816337,7.262129791510057,24.199362137876314,343.2347080907764,0.7671980475886093,27.984814281666573
