,MAE,RMSE,NSE,alpha,beta,HFV,HFV10,LFV,FDC,training_time_minutes
1,0.19466328873661787,0.39781345296156956,0.6275370679998666,0.5733377885496249,0.45132848710890916,0.5368511282041867,0.5664717654606389,-1.367478124796181,-0.08650127840163928,7.412880356667059
2,0.1750287163141704,0.3755904208903172,0.6679884890018688,0.6226973968534527,0.478779812260844,0.6323656903953705,0.5917390651503279,-0.9574657472163227,-0.05955417686916593,7.412880356667059
