,MAE,RMSE,NSE,alpha,beta,HFV,HFV10,LFV,FDC,training_time_minutes
1,0.7328977843580564,0.9418799023316372,-2.625776806693009,0.6503141832725817,-6.423821379008206,-0.003242020213884374,-0.06457391166486372,-1058.822031891054,-334.9735287159953,12.494992623332655
2,3.4487655866971965,4.027533535784697,-65.29615435544815,4.06416728687226,-33.937150634547365,-0.015639412509401967,-0.26372437091386175,-6189.7996720624315,-1671.6149273473775,12.494992623332655
