,MAE,RMSE,NSE,alpha,beta,HFV,HFV10,LFV,FDC,r2,training_time_minutes
1,0.5062999157012525,0.5698934095081326,-27.37565344339653,2.1869395091513546,-25.73571657901833,-108.24918427023822,-151.38209781171832,-460.5021037552125,,0.004263359560020219,12.494992623332655
2,2.3925382145799654,2.795788869888615,-681.9160903307256,13.423157194618666,-125.3406051306312,-106.44059465181903,-215.1585424996232,-1357.7353045940415,,0.011034423729411769,12.494992623332655
