,MAE,RMSE,NSE,alpha,beta,HFV,HFV10,LFV,FDC,training_length_days,training_time_minutes
1,0.16285329389356273,0.23412796302501213,0.3012328113657926,1.1618584372241476,0.6809777442837507,1.0911989790649192,1.1335861066354749,0.11548351911435452,0.1990757833141968,401,73.39872053833332
2,0.13902780584843313,0.2235766081513338,0.36279575967254096,1.0098701910099739,1.3264156827965414,0.9510422353299852,1.27023106575306,1.14945943578795,1.3228493532305292,401,73.39872053833332
