,MAE,RMSE,NSE,alpha,beta,HFV,HFV10,LFV,FDC,training_time_minutes
1,0.1011254630933954,0.30882175316641164,-6.542766841240318,3.5067015325290676,2.727546217159873,3.9771187827546877,3.3560753910280905,-3.181331420342632e-12,7.59570227713466e-11,13.32797891500013
2,0.3226334942443671,0.5466108466875097,-22.630418096278504,4.745675942746502,6.741100783319374,4.928422974260915,4.862716321171881,9.905021131635774,95.68542554166517,13.32797891500013
