,MAE,RMSE,NSE,alpha,beta,HFV,HFV10,LFV,FDC,training_time_minutes
1,0.1627518894233173,0.19859885134300206,-0.0418022889484031,0.7120039154879227,1.8779320249097127,0.6920972331159914,1.0640879921344077,3.391366178521165,2.4983363997985313,9.261664049999672
2,0.18532540425508726,0.2110589184869472,-0.17662821803838935,0.6428755950555011,2.054852491105654,0.6413483866736857,1.0082224341629404,3.97815014194871,2.9260368932398086,9.261664049999672
