,MAE,RMSE,NSE,alpha,beta,HFV,HFV10,LFV,FDC,r2,training_time_minutes
1,0.16387139056321254,0.21513533860242443,0.1492180265924048,0.6370702222871906,1.911621979784015,-43.58826924208205,5.4226416459354585,45.60153639676649,-24.286492189838512,0.11440745235690686,9.261664049999672
2,0.1884547006442565,0.23309914984109273,0.0012054827342351526,0.5756501523233936,2.076035705102246,-48.267532876263274,2.0567847490077122,48.26021846047815,-27.607733028454316,0.11914011089257603,9.261664049999672
