,MAE,RMSE,NSE,alpha,beta,HFV,HFV10,LFV,FDC,training_time_minutes
1,1.0109284997607697,2.5634825903875393,0.21342565621758014,0.8334426717404879,1.160059205072292,0.8292828838308559,0.9382426997058244,2.673889017265221,1.974661937219735,19.459822424999825
2,1.2678217665333604,2.625720429831115,0.17476811727164465,0.9015490906692303,0.7515429218688862,0.8367003248578583,0.9693943839731737,-29.62187507169346,-0.5508022457797175,19.459822424999825
