,MAE,RMSE,NSE,alpha,beta,HFV,HFV10,LFV,FDC,r2,training_time_minutes
1,1.3184155064599115,3.4866846271569747,-0.142012000476317,1.0004502963719348,1.4105390825915975,8.424541739725992,10.148608774195615,29.896070608131566,-16.332863819689415,0.33602013654589347,19.459822424999825
2,1.484851899820079,3.4357549479468124,-0.10889313524227573,1.0120958449669408,1.020648142877286,4.148407909898155,8.039633673564131,26.531959537689072,,0.33917503409316885,19.459822424999825
