,MAE,RMSE,NSE,alpha,beta,HFV,HFV10,LFV,FDC,training_length_days,training_time_minutes
1,0.04559805234967282,0.06595498723306603,-0.4815242887956972,0.9383538696579939,0.31141954104214914,0.9672711795911866,0.8382981043564987,-0.00012342376798388707,6.523890013304586e-05,493,24.84293498666666
2,0.044162332376820386,0.06487017608729453,-0.4331896008684124,1.0969307450674417,0.5601803088692235,1.098421229144943,1.1971787379887635,0.013370554578622868,0.027513684848369774,493,24.84293498666666
