,MAE,RMSE,NSE,alpha,beta,HFV,HFV10,LFV,FDC,training_time_minutes
1,0.7333542042052825,3.4164555037166964,-4.072802079546332,2.4466185357868326,1.2575487471675382,1.8669746108795608,1.2281823754753478,1.0243367529289011,1.5906815409593733,23.692707013332985
2,40.585737041441675,44.10091115845737,-844.2623121546678,11.446952335747719,55.84211847609378,6.479212093091276,14.780773272728254,173.36345672972868,155.15299486017696,23.692707013332985
