,MAE,RMSE,NSE,alpha,beta,HFV,HFV10,LFV,FDC,r2,training_time_minutes
1,0.5541684433470472,1.6058151390507514,0.32248393595981417,0.7911102437480401,1.1273755766994673,1.165267949519081,-12.926195551980802,-3.1134607478208074,7.852661402803966,0.28454326413972264,23.692707013332985
2,41.307044551499786,44.562934359780655,-520.7663435766938,8.584527603971377,59.268897556780395,473.3084319109841,1266.7865032939235,2695.381524179511,-77.69191405360615,0.41442479039064495,23.692707013332985
