,MAE,RMSE,NSE,alpha,beta,HFV,HFV10,LFV,FDC,training_time_minutes
1,0.09014064052595093,0.10985428916859846,0.8054568338472847,1.1964610098960906,0.7994979922242478,1.1231982685068194,1.1248504473462841,0.00261775764249851,0.09962946367751668,46.18474867666664
2,0.10022590011325533,0.10876700798253838,0.8092887525196487,0.889265241005701,1.3879902765965844,1.0696506966308106,1.0578088505401761,4.3225593721081745,1.837299778270563,46.18474867666664
