,MAE,RMSE,NSE,alpha,beta,HFV,HFV10,LFV,FDC,r2,training_time_minutes
1,0.10561987041620875,0.12676459842317733,0.9224862553946607,1.0959043217213016,0.8605461424698738,-2.8446512214166386,2.9032912881156663,0.3707764815381402,175.53860649037375,0.42363999148693154,46.18474867666664
2,0.06514495628583171,0.07960718028038154,0.9694305777814055,0.9406311796093927,1.0955366511221045,-1.5059471459574716,0.9619513263917697,0.6983787155358321,-29.277891154261162,0.5439742494985188,46.18474867666664
