,MAE,RMSE,NSE,alpha,beta,HFV,HFV10,LFV,FDC,training_time_minutes
1,28.31852787296697,44.71591987177371,-287.68021965358076,13.33505104672062,15.670736020962138,5.423646644322505,10.346063425359203,3.19719677632259,2.782003776020145,94.41273968166594
2,1.314131766708017,2.312488249792005,0.2279387458923262,0.9110547686830679,1.0682909845659865,0.8133368667550753,1.0388905112508298,0.862324580891382,0.9955896834648311,94.41273968166594
