,MAE,RMSE,NSE,alpha,beta,HFV,HFV10,LFV,FDC,r2,training_time_minutes
1,33.03056147630198,48.31831337989816,-205.58704423121875,10.724197181684797,15.508209781260675,322.91561611599025,763.6061615387716,1425.5718463502837,493.33825294775477,0.3835983335205977,94.41273968166594
2,1.6821187810871385,3.2982672028412146,0.03738810909028034,0.937862369375794,0.967534781965807,-7.487525309171859,7.381942712979589,5.884788198405335,105.96683017258401,0.4417323462473004,94.41273968166594
