,MAE,RMSE,NSE,alpha,beta,HFV,HFV10,LFV,FDC,training_time_minutes
1,22.973280525392447,25.83314097652411,-3621.1058034484126,27.217214390370707,80.98443402413785,17.351067840254192,22.17150206337213,260.71063935489155,472.64055955189076,18.956399740001263
2,0.15876450756459992,0.2741985129004703,0.5919279081181696,1.2700674130937075,1.2067953844303687,1.2591578353357216,1.277446380523833,0.041574779889316855,0.8962283950947884,18.956399740001263
