,MAE,RMSE,NSE,alpha,beta,HFV,HFV10,LFV,FDC,r2,training_time_minutes
1,0.3173661312592969,0.5987021123159918,-0.02197029394142591,0.7965497667093349,0.7262451129425708,-41.02090905597825,-30.914179299532265,-21.89328818020065,170.43926581526324,0.003501896615264899,18.956399740001263
2,0.14371637107864216,0.2221932259294152,0.8592403040622194,0.984925819065354,1.0235217682408833,-14.704483027234662,-11.764278208134105,-1.2708284515657389,66.50289800838203,0.005822798065781787,18.956399740001263
