,MAE,RMSE,NSE,alpha,beta,HFV,HFV10,LFV,FDC,training_length_days,training_time_minutes
1,0.1380416347802849,0.299318659611606,0.39445832436898354,0.8683779614290541,0.9575708452964655,0.9522714652292396,0.9925797451031214,1.0338958972928738,1.0159314270050166,445,55.253206303333236
2,0.15523015537509469,0.2875007068541677,0.44133136668775863,0.7705926696551847,0.8625588614941486,0.7687947952433507,0.8825719797895116,0.8031696402363416,0.8566111185013978,445,55.253206303333236
