,MAE,RMSE,NSE,alpha,beta,HFV,HFV10,LFV,FDC,r2,training_length_days,training_time_minutes
1,0.15812934860962993,0.24889506799715289,0.3240884759873711,0.8832740452978868,1.1357376554308019,-16.625790979136585,-4.157869194253373,6.7299192292842775,-6.557378798664508,0.10799034931588491,445,55.253206303333236
2,0.18500677230713816,0.2866269070052036,0.10362201093230206,1.0604213553632746,1.0640173904338925,-4.041085294829573,6.609609966283543,10.945313312452196,19.95893848146237,0.14517389795137592,445,55.253206303333236
