,MAE,RMSE,NSE,alpha,beta,HFV,HFV10,LFV,FDC,training_time_minutes
1,0.03484566735366762,0.09708303260000566,0.760044203553191,0.871603947041633,0.7576243027046524,0.9945216036932407,0.8540707719704421,-0.004688939265199433,1.3679163455116852e-05,33.57633780166677
2,0.035537781122164096,0.10130936819489456,0.7386973638058236,0.7636106757680934,0.6918936063441431,0.8666928985752526,0.7540517992341501,-0.006622933669638531,0.004800954929807009,33.57633780166677
