,MAE,RMSE,NSE,alpha,beta,HFV,HFV10,LFV,FDC,r2,training_time_minutes
1,0.03747404066851915,0.07124528809261514,0.9558656111875328,1.0015848216513012,0.9348512934427996,-3.454480105226842,5.086370802743996,-4.002677468840049,,0.3448604770540784,33.57633780166677
2,0.04148620574020971,0.07848079354617431,0.9464460394674592,1.0200683097490655,0.9444404925635416,0.24353407729500426,7.143937410442186,-4.4924887436775816,171.5875201972964,0.5301420951941833,33.57633780166677
