,MAE,RMSE,NSE,alpha,beta,HFV,HFV10,LFV,FDC,training_time_minutes
1,10.040998594499387,12.024785792693722,-19.95678205119607,2.517493649144515,-7.048841771392331,0.21124029844411124,0.09226878459440352,-151.6785966073719,-41.4583529629095,6.3673346666667685
2,10.842716488581663,12.991686349890502,-23.462506479151656,2.7327621411359853,-7.691797297248415,0.21707714643908177,0.0904783201896435,-165.15995849616726,-45.19274921038942,6.3673346666667685
