,MAE,RMSE,NSE,alpha,beta,HFV,HFV10,LFV,FDC,r2,training_time_minutes
1,8.929489530338417,10.469404693282952,-23.305165409145218,2.6071258115390785,-7.808724411988272,-68.63241086951595,-85.63344930470188,-159.37028906371577,,0.3775488965818984,6.3673346666667685
2,9.674602696973972,11.34271937987191,-27.529159760595213,2.8278636114585547,-8.544668314716477,-67.95554742550586,-85.97725306162303,-166.98776817458057,,0.38560152372412315,6.3673346666667685
