,MAE,RMSE,NSE,alpha,beta,HFV,HFV10,LFV,FDC,training_time_minutes
1,0.05939879480307368,0.09721106320788953,0.780655573525622,0.864038632770362,0.5769433729762415,0.9997970669676765,0.8186106946357373,-9.838942115525326e-12,3.0789339870461714e-06,12.202555206666876
2,0.03521714774639003,0.05675878949927261,0.9252241313847773,0.9591276799603106,0.7875122172019537,1.0055086813063117,0.9314292566208254,5.600875959648465e-08,0.0012538209384719827,12.202555206666876
