,MAE,RMSE,NSE,alpha,beta,HFV,HFV10,LFV,FDC,r2,training_time_minutes
1,0.10864190439747644,0.1501224633919121,0.8843489144977225,1.0418527815975263,0.753081358426643,0.6207232883011538,7.443625426082214,-13.658793552320882,634.1732819560331,0.7883630405558962,12.202555206666876
2,0.05569427530591882,0.08265039355083237,0.9649451429308386,0.9757868243174095,0.8875480800997262,-4.7648656102951294,-6.311042533711839,-6.236145968648637,338.23203058094487,0.9064923038221548,12.202555206666876
