,MAE,RMSE,NSE,alpha,beta,HFV,HFV10,LFV,FDC
1,2.279448379913974e+143,2.9665575073299082e+144,-5.653588000454438e+289,7.496805073080236e+144,1.6162057169920324e+144,4.568880290795715e+144,2.91143464171996e+144,1.1975938385316888e+47,6.375662699908413e+79
2,,,,,,,,,
