,MAE,RMSE,NSE,alpha,beta,HFV,HFV10,LFV,FDC,training_time_minutes
1,33.01714430164421,38.79958211237388,-204.33408696507308,7.5236913411384405,20.894528580439005,4.4571539076959725,8.848281647240187,41.307232813337436,42.21167635366364,15.299355718333391
2,1.685171473391969,2.5336952323478643,0.12437993756373167,0.6846089774929435,1.6548138309170013,0.6425339531569133,0.9178912205191972,4.570353632099091,2.869244855534047,15.299355718333391
