,MAE,RMSE,NSE,alpha,beta,HFV,HFV10,LFV,FDC,r2,training_time_minutes
1,32.159863577412786,37.87729948599732,-172.42801118700393,6.978324348698105,18.921312136555922,323.9023983680062,756.9535227332962,1294.80425571001,-42.89487041504134,0.3567304804217535,15.299355718333391
2,1.777985091152832,2.691983734424609,0.12399599633020852,0.7265571607129442,1.64335304312874,-30.589043998513187,-3.1615692689549504,25.37450901299088,-76.08156263745533,0.48603652646100504,15.299355718333391
