,MAE,RMSE,NSE,alpha,beta,HFV,HFV10,LFV,FDC,training_time_minutes
1,2.2407233475452464,8.808295184656652,-0.13175688445236244,0.5462034424368981,0.5094894103635431,0.5127332028520453,0.5692126542735315,-inf,-inf,247.60686116333332
2,3.5623127333717037,15.373752317495738,-2.4476977407396876,1.1514117067460443,-1.074923862255652,0.04913896999517599,0.04675032589334166,-inf,-inf,247.60686116333332
