,MAE,RMSE,NSE,alpha,beta,HFV,HFV10,LFV,FDC,training_time_minutes
1,2.110545787614945,3.079246634112766,-0.009116900140071493,1.0464225000299177,1.5535924762791808,0.9364975619200572,1.1493746629405388,1.2582056617461932,2.6614203663993417,15.386368563333342
2,3.7231417162700735,4.275445412686732,-0.9454284405030866,0.8103138836178003,2.663490389224428,0.8758872598204528,1.1547018530214357,11.061335490411933,6.0983297701131365,15.386368563333342
