,MAE,RMSE,NSE,alpha,beta,HFV,HFV10,LFV,FDC,r2,training_time_minutes
1,2.1519331681933815,3.2164175553139938,0.1495861496499049,0.9345918442782164,1.4944600917172646,-14.61139585778724,3.601526474812706,27.478448387246868,17.698801835307613,0.2729717091872824,15.386368563333342
2,3.717488865074267,4.278336535865851,-0.5046495646830429,0.7341958830257855,2.5384873200403537,-24.417821304182603,5.5765579894776,54.95788650051119,-110.18110680013936,0.44938400290471325,15.386368563333342
