,MAE,RMSE,NSE,alpha,beta,HFV,HFV10,LFV,FDC,training_time_minutes
1,0.05749498469988508,0.09195426140758584,0.8037367717216704,0.8837195574533061,0.5881031045787132,1.0187175375597413,0.8340150777926809,-8.00489643229295e-12,5.529938551293053e-08,17.48213899000014
2,0.11468167463074848,0.18021098754077453,0.24619719277289231,0.46621661381709173,0.09551771172641427,0.5262733158559734,0.37601541267323246,-50.12501148029437,-0.1355794914622468,17.48213899000014
