,MAE,RMSE,NSE,alpha,beta,HFV,HFV10,LFV,FDC,r2,training_time_minutes
1,0.10496980285006363,0.14290208447136848,0.895206227123629,1.0532934931590578,0.7623582090923049,1.8751894592519815,8.340534152110516,-12.097349486175881,,0.8130928525596306,17.48213899000014
2,0.07712438198564692,0.12676043974589873,0.9175433240526333,0.9050061908265548,0.9702796397565329,-8.589680738745013,-10.497118462321575,-8.938040429431195,-14.790930518965192,0.9035428999910392,17.48213899000014
