,MAE,RMSE,NSE,alpha,beta,HFV,HFV10,LFV,FDC,training_time_minutes
1,0.1598018881308663,0.17017760643455768,0.11613221795800344,1.2400218573409032,0.404026365959065,1.0957000559085939,0.9758623629153904,-5.906371849408913e-14,4.5195436901606905e-07,11.68048696333329
2,0.1698039110563854,0.17633417288811887,0.05102351317878684,1.3434432032050392,0.3724937665031546,1.2525024210155586,0.9976991440695436,-2.544900194246836e-07,7.028401149836185e-05,11.68048696333329
