,MAE,RMSE,NSE,alpha,beta,HFV,HFV10,LFV,FDC,r2,training_time_minutes
1,0.2056716681909402,0.27964072622489666,0.7056061034576611,1.0266450852147353,0.6828390058398908,-11.502275661870723,3.7069338823819744,-5.669355941563221,1674.7179692299808,0.15307657675589514,11.68048696333329
2,0.20196421743997905,0.22528172101294397,0.8089355582953347,1.1235730528521741,0.6295408504289924,0.1568235431696596,11.281304753899676,-8.053434976301618,780.9850622694086,0.4664205984340295,11.68048696333329
