,MAE,RMSE,NSE,alpha,beta,HFV,HFV10,LFV,FDC,training_time_minutes
1,5615.391314027074,6227.831145162837,-138637434.72968385,5092.393269567932,29796.9913419934,2341.2231466330463,5122.482857680686,300208.31680123776,402725.3669258881,3.2189814866675683
2,0.17677129553546975,0.5551971548275149,-0.10179633289900547,0.0,0.10453294832686269,0.006677043329083595,0.014609048476562502,2.0420805824643673,1.14855137128919,3.2189814866675683
