,MAE,RMSE,NSE,alpha,beta,HFV,HFV10,LFV,FDC,r2,training_time_minutes
1,5949.3293989438735,6410.384328039482,-90507968.04161057,3542.9930690729907,38332.21215976181,174674.73300394064,583142.5994138214,1507274.3625041523,-50.13099766710046,0.30119827906708396,3.2189814866675683
2,0.15017575296623062,0.6873054745912498,-0.04044299383208427,5.1489608930462515e-18,0.12692711784007554,-99.50155179289186,-98.33662314161907,-95.70104842151852,-50.13099784848022,-9.536068601434522e-09,3.2189814866675683
