,MAE,RMSE,NSE,alpha,beta,HFV,HFV10,LFV,FDC
1,0.29027602019119775,0.5943340980050551,-0.339021272195551,0.025231094830147453,-0.021176110259366075,0.007177510705071973,0.002687612718209559,-12.573322931584004,-0.0023308804405286574
2,0.22508322777932188,0.47402772904859264,0.14820776558605941,0.20221270884399378,0.2084496053249932,0.19900242130997178,0.21037119031348664,-0.28830637943735227,0.06891111735225545
