,MAE,RMSE,NSE,alpha,beta,HFV,HFV10,LFV,FDC,training_time_minutes
1,2.055809231931454,3.152510951765043,-0.09052230116245008,0.6826380264383677,2.8005681143891654,0.6368247382694215,1.1342818037762885,24.814656246974067,13.417920613052248,44.267992401667286
2,1.8487218428462198,3.0728622950154825,-0.03611399642423252,0.9060686318200057,0.65952652268693,0.6586330213845886,1.0364195859207972,-76.44221800207909,-0.587873085246714,44.267992401667286
