,MAE,RMSE,NSE,alpha,beta,HFV,HFV10,LFV,FDC,r2,training_time_minutes
1,1.9588688999099468,2.7425681077702575,-0.8153256363296835,0.9499871916570582,4.062903696437223,-23.607603233484518,60.21784292680978,183.94591704150616,-26.77125340731705,0.20890809479695283,44.267992401667286
2,1.5055441654567043,2.3434357713991036,-0.32539646458520743,1.0791358514095137,1.069488141011125,-28.638271884851875,35.22843315948319,95.57648125909638,,0.2405397297338594,44.267992401667286
