,MAE,RMSE,NSE,alpha,beta,HFV,HFV10,LFV,FDC,training_time_minutes
1,0.09554105297337331,0.1710642165858737,0.33229569221688837,0.8708624521696837,0.5157430707140958,0.8956556316127354,0.7864760748827851,-0.0003902449296971193,9.26885797147939e-08,17.87730832499995
2,1.6635561428615444,1.7302201670412787,-67.30752850410511,2.908858436777895,-10.175391965451304,0.028227480371899153,-0.12354962209643433,-52.55140694983058,-29.37274585250557,17.87730832499995
