,MAE,RMSE,NSE,alpha,beta,HFV,HFV10,LFV,FDC,r2,training_time_minutes
1,0.1413336699864658,0.3139133540610787,0.5917973022673215,0.8791844888235998,0.8071189696090849,-20.57750555505063,8.162822751951666,-2.7802790851960566,,0.15205305461829677,17.87730832499995
2,4.502295637120962,4.7044767342421565,-90.68091484034844,3.207374128881504,-15.382480671238602,-87.16838205245926,-143.96052850646623,-413.36032201333677,,0.19753650108924914,17.87730832499995
