,MAE,RMSE,NSE,alpha,beta,HFV,HFV10,LFV,FDC,training_time_minutes
1,1.0814328531177682,2.3391031281848553,-0.018752568856131413,1.1751024705667479,1.3374890942110205,1.1588970623822525,1.1728325077969441,0.5072104833693046,1.7826265631563194,34.469606558333425
2,6085624.975550788,7018084.315213954,-9170798270748.918,1508332.3844506275,5332148.033325217,636238.9859197644,1367883.1729645845,10192315.469949847,22747738.584610607,34.469606558333425
