,MAE,RMSE,NSE,alpha,beta,HFV,HFV10,LFV,FDC,r2,training_time_minutes
1,0.863465932741483,1.7144179194163691,0.297896132331523,0.8734615391338554,1.4071834282122562,-20.1178289775353,3.8861813074728837,30.61814882280378,49.01244066540412,0.2838535292473975,34.469606558333425
2,5844996.70634619,6865558.668395478,-11259516353568.848,1760296.9042847762,6381887.5519019095,71406282.62255315,157835576.35259184,346707807.92271346,128.65635279311553,0.3998975073347164,34.469606558333425
