,MAE,RMSE,NSE,alpha,beta,HFV,HFV10,LFV,FDC,training_time_minutes
1,0.024544382956236257,0.05264334153074305,0.8735576823863996,0.9795660457448677,0.8143852542579273,1.091305055682619,0.9585880817641483,-0.02686528061744202,1.0713055398091343e-07,80.647226925
2,0.012229775872013435,0.025155832587087524,0.9711275962202697,0.9563735885866748,0.895944353120102,1.007007965054401,0.9434799103828904,1.8267797039007952e-08,0.007789403999351586,80.647226925
