,MAE,RMSE,NSE,alpha,beta,HFV,HFV10,LFV,FDC,r2,training_time_minutes
1,0.05126361644355765,0.11243041541058858,0.7993102845881431,0.9722675566940515,0.8797371615773646,-6.508810293879522,3.241758525980623,-7.858405587568133,,0.3109878049870145,80.647226925
2,0.02129600051055861,0.03880975519958702,0.97608671206189,1.0017916484683747,0.9459559863558048,1.7954564336663372,1.9180462170207258,-4.282842301001795,144.9695476292629,0.9301160337550897,80.647226925
