,MAE,RMSE,NSE,alpha,beta,HFV,HFV10,LFV,FDC,training_time_minutes
1,0.02900554967578677,0.0571586994122976,0.7859221989775923,0.7462810778868582,0.540339882858483,0.9036035225666247,0.7017008490558431,-5.952682636042294e-12,-1.131614669340861e-15,17.863049274999987
2,0.02726512128151526,0.05716267928127879,0.7858923861487362,0.6639252138049627,0.6598548716126638,0.7225770049726993,0.6726964961814924,0.0007563798648994481,0.7155889864673157,17.863049274999987
