,MAE,RMSE,NSE,alpha,beta,HFV,HFV10,LFV,FDC
1,0.5696721347860421,0.6322954157719922,-0.7255715262090334,1.3322071411945446,0.4215245118429192,0.8843044554615661,0.9494671624470076,0.0007602679403313239,0.060134389662067786
2,0.45080318704407196,0.4745940297015531,0.02784068749569668,0.9579714510793763,0.5385445357823582,0.8189089780910567,0.8286037498731967,0.4889729428659069,0.3560656728068997
