,MAE,RMSE,NSE,alpha,beta,HFV,HFV10,LFV,FDC,training_time_minutes
1,1.2440155270816495,2.4478893531068935,0.06282965035421473,0.8489131210951818,1.0644218102521346,0.7981274845100532,0.9693879019520751,1.3290630555987788,1.1562237927351435,19.535562311666823
2,1.325693231279424,2.305444534449643,0.16872574674473884,0.6737037957954339,1.3399156681450992,0.6977850235762663,0.8474327174911596,3.911821444741991,2.0975246817179083,19.535562311666823
