,MAE,RMSE,NSE,alpha,beta,HFV,HFV10,LFV,FDC,r2,training_time_minutes
1,1.456979522513992,3.3429970531379616,-0.18075208571350965,0.9914019608490486,1.0996918316092315,8.223180253125925,12.56026721092443,11.543591756153978,6.829788349937259,0.4028143320018087,19.535562311666823
2,1.4198124669077568,2.7795870616146283,0.18370469841189885,0.7062337878864147,1.3121497532402011,-24.833171592415244,-12.189858324637337,3.5924652772164882,-84.01108110735169,0.6369113217684792,19.535562311666823
