,MAE,RMSE,NSE,alpha,beta,HFV,HFV10,LFV,FDC
1,1.0070507838980145,2.703034052186755,0.07995767783482843,0.43138497264870157,1.4014713292032002,0.5159780329109142,0.8786780392111373,1.7731895716385333,1.9363046199312524
2,2.7143166837636548,3.5345312879306165,-0.5731438345961737,0.3601804871867895,3.1391651540309464,0.6011859693731836,1.1947655925214804,8.548849901314927,5.336418986158923
