,MAE,RMSE,NSE,alpha,beta,HFV,HFV10,LFV,FDC,training_time_minutes
1,0.03925030130056648,0.06551448085836,0.7256634511527229,0.843922552517471,0.5280214283936847,1.0454366743538797,0.8034764617058339,-3.8669045824665926e-13,4.556126087668844e-12,17.210742386666606
2,0.03897265422108481,0.0639827036654811,0.7383418668750051,0.7125411778740814,0.6404047088714206,0.8677732610914544,0.7155837838176512,0.06399243911132543,1.2685577848863787,17.210742386666606
