,MAE,RMSE,NSE,alpha,beta,HFV,HFV10,LFV,FDC,r2,training_time_minutes
1,0.087250639840075,0.10992133161285073,0.7353624425408939,1.178017606504833,0.6716346220781796,14.282793467708052,16.48646320767317,-13.336801954402002,,0.6485417279623762,17.210742386666606
2,0.04030740982112189,0.049991711383927544,0.945262680460687,0.9647371666903689,0.8143368683265124,-5.637269338556809,-5.750989938879994,-12.244078241524868,57.89864843585628,0.9024209338587559,17.210742386666606
