,MAE,RMSE,NSE,alpha,beta,HFV,HFV10,LFV,FDC,training_time_minutes
1,46473.92225900083,51359.119023749576,-1659227780.4196117,17338.859725549213,61286.34180217134,9000.393553451822,15169.808175980244,219772.56526926396,227382.96693928028,20.51022737166689
2,,,,,,,,,,20.51022737166689
