,MAE,RMSE,NSE,alpha,beta,HFV,HFV10,LFV,FDC,r2,training_time_minutes
1,44870.70025477074,50387.24536227112,-3876647829.1687636,28326.479054273525,93370.55330521302,1314311.20359741,2435531.0307183326,4955064.387460275,-20.800675649848323,0.3642682940120464,20.51022737166689
2,,,,,,,,,,0.3815330963708842,20.51022737166689
