,MAE,RMSE,NSE,alpha,beta,HFV,HFV10,LFV,FDC
1,0.6852438235785941,0.8241887066121811,-0.34022292627376793,0.71977074515378,0.34448945402755193,0.6103900432302488,0.6095219887505686,0.006660942132577142,0.16440730948591895
2,0.6386038937969173,0.804220687590005,-0.2760691382193592,0.5859457727068862,0.3893817824783225,0.5579533546008925,0.5079600945190299,0.1123531973174448,0.3782091096508997
