,MAE,RMSE,NSE,alpha,beta,HFV,HFV10,LFV,FDC,training_time_minutes
1,0.679463647015674,0.7910148452442755,0.2918808492873203,1.1553269534069641,0.4992614007947199,0.8980004146986738,0.953016245503744,0.00032257291466270606,0.042121006838393475,16.539161421666662
2,0.608248859986697,0.7052508705495899,0.43710896298763835,1.1408058555628307,0.5596418931447497,0.9344715944172917,0.9289376051574386,0.011038810536464798,0.1604814972210386,16.539161421666662
