,MAE,RMSE,NSE,alpha,beta,HFV,HFV10,LFV,FDC,r2,training_time_minutes
1,0.7302769864113783,0.8490819577060102,0.7676160140759621,1.2971310812740782,0.8053855910183856,3.3446110493918484,11.472262122134499,6.3112310130688885,-12078.439955850503,0.22179386077160013,16.539161421666662
2,0.6328956153171761,0.7269806042848165,0.8296458885298494,1.2651922653473997,0.9026605526520798,-4.807273752282532,5.552190124663048,10.40418009440454,-6997.803612147769,0.29896545795010787,16.539161421666662
