,MAE,RMSE,NSE,alpha,beta,HFV,HFV10,LFV,FDC,training_time_minutes
1,1.3639362300754543,1.9838544275024872,0.19652744603287176,0.854195096814513,1.4215393796675895,0.815077063476443,1.001624375210019,3.2045564021026074,1.8882692449752778,14.171743008333335
2,1.602749361941607,2.1504527370263937,0.055914672569210455,0.7946077854349177,1.6339350111352604,0.7866754216009284,1.0066238222032144,4.758947350849154,2.2939708517472632,14.171743008333335
