,MAE,RMSE,NSE,alpha,beta,HFV,HFV10,LFV,FDC,r2,training_time_minutes
1,1.527627259906876,2.281848182719356,0.21058358017691392,0.8766197655409681,1.334167010678815,-18.219566191356034,2.571446778812034,17.076144032532472,-68.66004647317905,0.3243995543950099,14.171743008333335
2,1.7824487503469062,2.4360114362610266,0.10031328315645038,0.8101422518636185,1.535376900347803,-22.96373004904554,2.7507515784635688,23.094927636759845,-143.01165793775468,0.3825444912218139,14.171743008333335
