,MAE,RMSE,NSE,alpha,beta,HFV,HFV10,LFV,FDC,training_time_minutes
1,4829631.0296618445,5152363.955746611,-507685093232.7467,248210.92652353577,1036017.9930689114,142230.3594466472,272591.96584021096,8184641.155072899,2615622.7059173165,17.30604441333271
2,4.43414224275757,6.326635045517949,0.23453222830399278,1.0665885609502193,1.7987380254723715,0.974226494699429,1.2002934389723086,4.821433044373908,2.888100563393229,17.30604441333271
