,MAE,RMSE,NSE,alpha,beta,HFV,HFV10,LFV,FDC,training_time_minutes
1,0.060412371591094416,0.09372920731335822,0.7960869100937736,0.9680530460366509,0.5871124080870013,1.1403965863821437,0.8881947018451282,-3.2735345634901977e-12,-3.255656825909643e-17,12.968831933333423
2,0.054791140266003305,0.08567058298789035,0.8296435184188031,0.912330969562836,0.5932873625648484,1.0695940655582397,0.8580730355861171,2.9181680395530972e-08,0.00044708033060836873,12.968831933333423
