,MAE,RMSE,NSE,alpha,beta,HFV,HFV10,LFV,FDC,r2,training_time_minutes
1,0.11268388155605528,0.15037170277785236,0.8839645784971516,1.0957480293480597,0.7549971235699696,4.576896402282739,13.32070185080933,-9.960858916295866,,0.7075045841147092,12.968831933333423
2,0.08936568836819068,0.11773884766864863,0.9288626126459352,1.0379680665402857,0.7629456683801403,1.045590872951799,5.2492795183969,-11.94956112512066,340.0978668832189,0.8347836189271557,12.968831933333423
