,MAE,RMSE,NSE,alpha,beta,HFV,HFV10,LFV,FDC,training_time_minutes
1,0.04882765896137267,0.05966653349544795,0.8755509108826333,0.8479990067607339,1.1498037666588588,1.0242678708258326,0.9320771860285907,2.2490283241284925,1.2159424423420047,67.66886458999997
2,0.057323607405595584,0.07086838950562489,0.824436093733797,1.0186135076087148,0.7432124698028513,0.9471937010999814,0.9250458649681591,0.24370604257725983,0.4580951264781924,67.66886458999997
