,MAE,RMSE,NSE,alpha,beta,HFV,HFV10,LFV,FDC,r2,training_time_minutes
1,0.0477682209398911,0.08005679926959147,0.9510706047737807,0.9937723355913045,0.9384531351935481,-0.21340432804087742,3.4851506790289246,-8.993023851933454,-15.868563391646436,0.8001741219994989,67.66886458999997
2,0.07568380649269071,0.08692702209879456,0.9423123288912505,1.046690088380087,0.8421674073681767,-0.23733916315835085,-1.2961440379559248,-6.1866510832501795,59.19791065780348,0.9159913632678118,67.66886458999997
