,MAE,RMSE,NSE,alpha,beta,HFV,HFV10,LFV,FDC,training_time_minutes
1,0.11161299270253024,0.244818334396329,-1.8773485381445219,0.5742603772387854,-0.5259736351920115,4.746627631538929e-14,4.0066198203855097e-14,-450.1562296205426,-1.0268014015977334e-05,11.094479716666683
2,0.11330741829745689,0.25002656417959024,-2.0010753516784603,0.6122434084499344,-0.5491398340551121,4.9054447457523495e-14,3.9433465127007814e-14,-470.0237621508508,-4.7322424336422325e-06,11.094479716666683
