,MAE,RMSE,NSE,alpha,beta,HFV,HFV10,LFV,FDC,r2,training_time_minutes
1,0.2449568364871515,0.5101445643998667,-3.331475234795178,0.8540597196227923,-0.7273819626971746,-99.99997197196033,-99.99998902009295,-99.99999379344165,,0.41987489593502325,11.094479716666683
2,0.2455741944814137,0.5121947731596568,-3.366360535039048,0.8703756400642562,-0.7317354360645993,-99.99997337936927,-99.9999895714415,-99.99999410504537,,0.5564540724534142,11.094479716666683
