,MAE,RMSE,NSE,alpha,beta,HFV,HFV10,LFV,FDC,training_length_days,training_time_minutes
1,0.16963545044729206,0.2410155324362138,0.2595154618906196,1.042990104332684,0.6748884555411784,0.9537936039937539,1.0396371851084338,0.05837689812725994,0.2739844667735674,401,36.01709377
2,0.183043775670073,0.24463834331155676,0.23708705365332816,1.054716249613808,0.7301076198978617,0.8739796946166075,1.100962096241618,0.06443395983138715,0.2110423022824687,401,36.01709377
