,MAE,RMSE,NSE,alpha,beta,HFV,HFV10,LFV,FDC,r2,training_length_days,training_time_minutes
1,0.14572140285577337,0.19137340780004147,0.13119361904532045,1.2248620253990092,0.6740963791364426,2.4613174689928052,14.263986759792914,1.9846927966350227,142.12688944123,0.27492229249028055,401,36.01709377
2,0.15570447800198747,0.1984401219125947,0.06584532542864019,1.3151908023787768,0.8448659798991724,-0.4744382692021498,34.96944149595359,23.36944710861771,150.88738964652646,0.3083056227748213,401,36.01709377
