,MAE,RMSE,NSE,alpha,beta,HFV,HFV10,LFV,FDC,training_time_minutes
1,2.6371905363796677,3.7957895130284696,-0.5709215027797898,1.1003066507886348,1.8736472392537047,0.9496982341444579,1.2999189463668095,3.4568181568222625,2.7002256750366604,18.0055258233333
2,12.319055814451552,12.822502527611741,-16.926513308092602,1.15717620383645,7.076417084438277,1.4647279119388088,2.3763630299977936,41.528425378727675,13.93978434402534,18.0055258233333
