,MAE,RMSE,NSE,alpha,beta,HFV,HFV10,LFV,FDC,r2,training_time_minutes
1,2.5416084185191647,4.039501350662786,-0.10484549217940375,0.8589925645064654,1.7060785061016448,-13.47614050334141,11.10339443379661,42.90312486842797,-39.65267474429825,0.2646744614666623,18.0055258233333
2,11.65405108286242,12.385916388867933,-9.387291529158134,1.0770464167756795,6.197674318730063,21.860081706885456,105.52145899104646,241.64951206673243,-173.4997917536522,0.44794747702513926,18.0055258233333
