,MAE,RMSE,NSE,alpha,beta,HFV,HFV10,LFV,FDC,training_time_minutes
1,96.97146542673879,112.05033839487018,-2106.8381042123583,22.976507337364602,60.22325920800476,14.435222471778184,28.755764774131325,223.40780100482502,104.91736155513824,249.8437041516668
2,2.3535235718190313,2.9249257922540126,-0.43628495257994304,0.7577026378920847,2.248988075632578,0.7394391283809482,1.149526405325607,12.689358200117342,3.6899632930330104,249.8437041516668
