,MAE,RMSE,NSE,alpha,beta,HFV,HFV10,LFV,FDC,r2,training_time_minutes
1,87.27119539851375,102.54932278026058,-1694.986910274647,21.65716681510574,54.75482956696038,1201.8459417504969,2480.180847636602,3950.351339457367,-64.2605789283236,0.3811676753829706,249.8437041516668
2,2.58613316449012,3.1806745376547503,-0.6315311390980956,0.8173362789113968,2.3796757258134376,-18.234332183325613,18.516191973183048,60.49846931437275,-97.61613351948522,0.444801809320831,249.8437041516668
