,MAE,RMSE,NSE,alpha,beta,HFV,HFV10,LFV,FDC,training_time_minutes
1,0.027566282586953476,0.044037446245662366,0.8760480638040145,0.9250428195701955,0.7084573007229961,1.054052395022554,0.9090305426832425,1.1876901272302922e-09,0.0013738560061876844,19.86514295499995
2,0.04374381297895176,0.07129467027732186,0.6751198383254144,0.6278410117546991,0.6388654570133361,0.7724203655385289,0.6399428213315583,0.25959271604210693,2.023771812767568,19.86514295499995
