,MAE,RMSE,NSE,alpha,beta,HFV,HFV10,LFV,FDC,r2,training_time_minutes
1,0.059864442846103164,0.06945614257168037,0.8943404303196305,1.077311781413365,0.7667413140803669,0.4753601434355422,7.669309423970313,-7.981229885683599,469.2529433504259,0.8015318059327158,19.86514295499995
2,0.03980185952593669,0.053172585197951865,0.9380754200621039,0.9536147255601403,0.8588651888204152,-4.498229766958521,-7.779145634577216,-11.056250343401246,31.203888790948252,0.9104142285546444,19.86514295499995
