,MAE,RMSE,NSE,alpha,beta,HFV,HFV10,LFV,FDC,training_time_minutes
1,0.27714429266249907,0.6283651892156005,-0.5011597079390135,0.30298299710115617,0.030935037052885632,0.12523877868031266,0.13447954860092415,-5.034219448440148,6.13774080123087e-10,49.26751085833336
2,0.13502357947587065,0.3170865351787979,0.6177405197688797,0.7670108643560922,0.67745581073467,0.7174147799769272,0.7333390430956794,-0.0012949259690909387,3.6802458434680665e-09,49.26751085833336
