,MAE,RMSE,NSE,alpha,beta,HFV,HFV10,LFV,FDC,r2,training_time_minutes
1,0.6956966721657257,1.894416304468256,-1.7118159292473272,0.6134283137460816,-0.12181855950580958,0.07609503637399903,0.14640177892090306,-12.719852760754657,2.2862450018358694e-05,0.2326907811896386,49.26751085833336
2,0.17675499140074694,0.4042484856597346,0.8765172863006535,0.8446421843653853,0.8285494017051948,0.8225606738653544,0.8056681996927509,-0.00022451346936864746,0.47020032726744954,0.4456584221685451,49.26751085833336
