,MAE,RMSE,NSE,alpha,beta,HFV,HFV10,LFV,FDC,training_length_days,training_time_minutes
1,0.31098687830547717,0.4585350380892587,-1.432052387828103,1.9465661816787851,0.7332784735941864,2.04715111175298,1.661969561546499,0.018182235453156066,0.041713937229493736,402,59.58194816999997
2,5.320147512905048,5.8983337367210265,-401.4264851015102,9.534933720684512,13.233058818805635,5.18155699874004,8.041259098656601,19.760986417330358,21.656724293164054,402,59.58194816999997
