,MAE,RMSE,NSE,alpha,beta,HFV,HFV10,LFV,FDC,r2,training_length_days,training_time_minutes
1,0.4201258756469469,0.5450731111312632,-0.1456752617980861,1.4164009895749545,0.637338630840452,28.241922061164434,38.25200230595218,1.3578984761023551,404.30425910696204,0.1860977508356243,402,59.58194816999997
2,4.471932387940645,5.274606221570331,-106.28329512044219,6.338860767262048,7.733165572724352,167.12949004491782,407.47940789825697,669.5567131635089,423.1218849128681,0.28873249324190164,402,59.58194816999997
