,MAE,RMSE,NSE,alpha,beta,HFV,HFV10,LFV,FDC,training_time_minutes
1,0.26956261374931956,0.7475488474219503,0.23797561249160204,0.41292473652362277,0.7704901340355177,0.38993237178412216,0.5387763418065556,-29.710696978089654,4.331052379002103,12.51047549666667
2,0.2739165859704467,0.7712373435591601,0.1889160299537619,0.35356667179337153,0.7968882598503685,0.34497595638583195,0.48032642671759385,15.77457921532561,7.545567728792767,12.51047549666667
