,MAE,RMSE,NSE,alpha,beta,HFV,HFV10,LFV,FDC,r2,training_time_minutes
1,0.11729555053143514,0.23079893646626023,0.25112282283393905,0.8586057399070772,0.9618799753858381,-30.555332861243436,-7.99039256728931,12.09865955742954,,0.2530594640760577,12.51047549666667
2,0.11910912916903445,0.23883004868753926,0.19809868976886724,0.692222276152932,1.2635567816681295,-38.67614643917355,-19.894035214885864,7.006508980999296,-3.199513060877285,0.224776473813727,12.51047549666667
