,MAE,RMSE,NSE,alpha,beta,HFV,HFV10,LFV,FDC,training_time_minutes
1,20402978.55948034,20793472.923679814,-66695926925920.24,1575287.879295856,26234206.896239452,1457573.652100039,3967288.1304282304,813164830.195672,161274790.81296155,37.501280391667386
2,2.17664724480227,3.067756568917159,-0.45173397144232363,0.801975989752921,3.1283740588738183,0.6967272044958502,1.2724924870732213,30.773013274877624,13.840758022014866,37.501280391667386
