,MAE,RMSE,NSE,alpha,beta,HFV,HFV10,LFV,FDC,r2,training_time_minutes
1,20295474.29491305,20735837.25968521,-86727925086729.44,1909066.2811154001,37804638.54108957,169690630.98158216,532482646.9686224,1356412308.0768828,-67.7515861084343,0.24745168921715932,37.501280391667386
2,2.14452099813682,3.0238781105561716,-0.8443543621032348,1.010800966080704,4.340043255788865,-15.822634034092527,79.98434034368242,201.88469507492616,-35.61251418444674,0.43792667122517337,37.501280391667386
