,MAE,RMSE,NSE,alpha,beta,HFV,HFV10,LFV,FDC
1,0.0510744418444002,0.06933233117133691,0.9582411899375467,0.9242864030516917,1.1804499176029626,0.9954250362030291,0.9770597920483288,27.272841729943394,4.199329026067974
2,0.0524991515716862,0.07162145527037844,0.9554381931924074,0.9931088231448749,1.231719537575586,1.0690518449040987,1.050154455055167,23.33283782591282,4.132611732600299
