,MAE,RMSE,NSE,alpha,beta,HFV,HFV10,LFV,FDC,training_time_minutes
1,0.569396644140026,2.3834308847679417,0.24555392087027073,0.727072780921443,1.09305947963784,0.7339398901837518,0.9667486686066247,-172.5113896430899,3.5537599929807158,8.464969781666877
2,0.7488256174185177,2.521223386692723,0.15579924855810057,0.7959713774584689,1.2101983260232239,0.8617986989919797,1.2680155887835178,-302.8887441053372,0.35136587696390065,8.464969781666877
