,MAE,RMSE,NSE,alpha,beta,HFV,HFV10,LFV,FDC,r2,training_time_minutes
1,0.43571660462973016,2.189890951392525,0.2279482900350811,0.5424915294682542,0.8771185302142688,-37.166706339786586,-17.616429167788937,1.0671001538330656,,0.40043862388695817,8.464969781666877
2,0.5428365549693239,2.3102394593526547,0.14075818096558512,0.6624475435284766,0.8913639191722087,-17.563864213925097,12.098464212985991,25.64383259233773,,0.4732931500658861,8.464969781666877
