,MAE,RMSE,NSE,alpha,beta,HFV,HFV10,LFV,FDC,training_time_minutes
1,0.01694359743184172,0.034355829924514046,0.9312454692071309,0.9758723916825416,0.848092229098302,1.080033039666142,0.9602973434004182,-0.0008060876599925858,1.2504442911615887e-05,28.314388234999992
2,0.018328633003901983,0.03609138988460229,0.9241234372998407,0.9980663544676328,0.8382555996235327,1.1166910200644213,0.9783083596920578,-0.0010802266890768905,9.733913632024001e-08,28.314388234999992
