,MAE,RMSE,NSE,alpha,beta,HFV,HFV10,LFV,FDC,r2,training_time_minutes
1,0.02958817542289218,0.05441839905771633,0.9478536927691832,0.9872241993961576,0.9237499736971897,-5.672144649141822,4.06278684306999,-4.7307475232592795,,0.7747127777625563,28.314388234999992
2,0.0304803499410298,0.05384445118757243,0.948947860600074,0.9983486710512776,0.9108311634378516,-4.686305121038813,5.186112833993454,-4.667597164505861,,0.7869869391867264,28.314388234999992
