,MAE,RMSE,NSE,alpha,beta,HFV,HFV10,LFV,FDC,training_time_minutes
1,0.11118626570559441,0.12973721396470525,0.10360792319043144,0.6250436742910523,1.5806580458304305,1.0681366823661065,0.9969307844119785,4.635306080192303,2.1780406988832945,15.597588575000312
2,0.12223433522930695,0.1476472152886482,-0.16096571587893993,0.45579250557448864,0.23424866506409286,0.4596490668796576,0.40273844407477066,4.575565366965947e-05,0.012373267018249449,15.597588575000312
