,MAE,RMSE,NSE,alpha,beta,HFV,HFV10,LFV,FDC,training_time_minutes
1,0.046720185802643074,0.09669224378671772,0.8672240100828603,0.8765186703452927,0.6850311843744694,1.0077099929501827,0.8368651908700101,-3.0384301073905464e-11,2.5743419281078217e-11,21.029295126666664
2,0.05568186017992009,0.09050939767383478,0.8836614569163471,0.8643629255143578,0.8326051167789799,1.0197475704591972,0.8481840070038625,38.82393366844471,31.810316108408824,21.029295126666664
