,MAE,RMSE,NSE,alpha,beta,HFV,HFV10,LFV,FDC,r2,training_time_minutes
1,0.11563810872990264,0.21890546649177883,0.8600003171990513,0.9488459986522063,0.8077285591895946,-8.626731629616664,1.8788734012113988,-14.682994887840541,,0.2966716626413888,21.029295126666664
2,0.07532572680145325,0.11242943217731789,0.9630704621730015,0.9406274179619052,0.9802483055655117,-5.732112649213169,0.6425590662655163,-8.531594324941118,-55.15837298186103,0.7019633997728363,21.029295126666664
