,MAE,RMSE,NSE,alpha,beta,HFV,HFV10,LFV,FDC,training_time_minutes
1,34987327.34173599,36651734.05804509,-183229758270618.22,4032813.6249747025,21125514.511115685,2489000.8020211835,5175312.3774142135,104466724.33935797,51232646.57935771,13.650516281666933
2,1.3368436706354438,2.4051257135412145,0.21098998073716635,0.6962069433650759,1.2909041894014954,0.6739951719803918,0.8354746058784104,3.083262219530471,2.040668729201083,13.650516281666933
