,MAE,RMSE,NSE,alpha,beta,HFV,HFV10,LFV,FDC,r2,training_time_minutes
1,34883944.85197957,36585867.29786892,-161803509712705.94,3834527.1651546517,19447367.25612896,239861315.61395755,507262437.6008094,931922143.8235453,-172.78140617037838,0.3814476330929827,13.650516281666933
2,1.5459858806820084,2.7428866142157227,0.09055395576733305,0.851718841503842,1.398450870055991,-16.20798570137799,-0.14629299406086907,16.776127885188494,-60.70697175800487,0.5467712933057798,13.650516281666933
