,MAE,RMSE,NSE,alpha,beta,HFV,HFV10,LFV,FDC,training_time_minutes
1,0.14405325917306264,0.16971513825908516,0.7131144818742736,1.2674401595694698,0.7407030082098354,1.076300101627691,1.157498840564921,0.00021620796770527762,0.04970520880749192,17.050940503333308
2,0.2801761800232406,0.38230082580584046,-0.45572028405012976,0.4052328406380666,0.10167198527635085,0.42275506871792573,0.3112389949821731,-0.4618233648943125,-2.452460815725e-07,17.050940503333308
