,MAE,RMSE,NSE,alpha,beta,HFV,HFV10,LFV,FDC,training_time_minutes
1,0.012580791572051393,0.023808220154335497,0.9555250841691546,1.0310995338942401,0.9028826549971114,1.0973205084084352,1.0170312080210278,-1.2002933002331206e-11,1.3952986277525043e-07,20.20791267333358
2,0.00823064781241594,0.015518982621882418,0.9811032216575065,1.024432012248599,0.9514273171334727,1.0657442491827969,1.0117460331903176,-6.07732415404836e-12,0.0008654122231467404,20.20791267333358
