,MAE,RMSE,NSE,alpha,beta,HFV,HFV10,LFV,FDC,r2,training_time_minutes
1,0.016160572545652736,0.0279959769051015,0.979862485582429,1.0113861722888593,0.9551669123103871,-1.3546424296301849,3.7860904876172303,-1.5089253250149008,,0.7722405185392374,20.20791267333358
2,0.010834870330126619,0.018990506679290642,0.9907340977245911,1.0058084253094195,0.9742638555419344,-0.6349215764621932,2.2642744966169985,-0.9058227503587701,229.9868250634106,0.8465914870069565,20.20791267333358
