,MAE,RMSE,NSE,alpha,beta,HFV,HFV10,LFV,FDC,training_time_minutes
1,0.04089861522889104,0.06665211370333785,0.632487845299875,1.4767337415852677,1.126752865868725,1.4117973469250016,1.472239095011829,7.864771091468247e-10,0.0017223329761812405,40.85715922166666
2,0.10278241713510158,0.11627041655977056,-0.11836176499002371,1.372844842308205,2.421311333039976,1.5795160093273675,1.6464418240732024,13.042832426053454,7.681155551802403,40.85715922166666
