,MAE,RMSE,NSE,alpha,beta,HFV,HFV10,LFV,FDC
1,44179083.548884384,143104889.27060965,-1.865018776837779e+16,129894941.04835942,-63311630.386126965,0.05699262633269746,-0.4200714479250907,-1082491112.8348691,-398142.8324149605
2,1109673.7154853358,3456073.601077014,-10877778973219.234,3123518.528827722,-1590236.8554721486,0.22759700721165624,0.18189473407841175,-27168570.152010288,-17492.64537418777
