,MAE,RMSE,NSE,alpha,beta,HFV,HFV10,LFV,FDC
1,0.7677515615974948,1.2512663228557768,0.013689656377997905,0.2983938465235556,0.43589805568236845,0.3503163089759797,0.33197170466409714,0.6490486808057667,1.038421159355471
2,0.7577371455701375,1.139376407927511,0.18219733562576534,0.466963964778224,0.4046263000903516,0.4761914506708046,0.4642008831162005,0.11323432773745665,0.590252927478768
