,MAE,RMSE,NSE,alpha,beta,HFV,HFV10,LFV,FDC,training_time_minutes
1,1.7215198128473956,5.283542895679575,0.02325410437086517,0.6082804621325658,1.084766182762721,0.6453147097217952,0.9758039078289945,0.3732533980529158,1.087568282674249,15.995717703333321
2,2.554646032105342,5.603030626439466,-0.09844195459094074,0.7504946355147867,1.0362625969473018,0.6736165733912326,1.135725056374062,-5.06313317219454,0.6380513599589351,15.995717703333321
