,MAE,RMSE,NSE,alpha,beta,HFV,HFV10,LFV,FDC,r2,training_time_minutes
1,1.7414592343387827,4.83437406020432,-0.11084827593447577,0.935246535109845,1.2352759830963533,1.1870322171127707,26.665120484955423,33.3353316071475,113.83180665636175,0.38315045288426053,15.995717703333321
2,2.513258074252385,5.087868373975683,-0.23039902441921645,1.0347303574888427,0.9419933926170195,2.8750483111636416,37.74718879558755,48.62166093848306,,0.36611887417615974,15.995717703333321
