,MAE,RMSE,NSE,alpha,beta,HFV,HFV10,LFV,FDC,training_time_minutes
1,0.2558864088275032,0.2862856487469715,-0.2199446345005971,0.636399173195039,1.9687125076599974,1.0512154945738132,1.0571316502784387,7.415283776484334,3.0102550758824145,23.240045895
2,0.11787934728236335,0.13201718657057843,0.7405809215642725,0.907007080342897,1.4180877708151627,1.0700974493136433,1.0887825553733985,3.9118798345392425,1.649805864763734,23.240045895
