,MAE,RMSE,NSE,alpha,beta,HFV,HFV10,LFV,FDC,r2,training_time_minutes
1,0.18280665017992354,0.2235854053670723,0.7120849489200591,0.740664039885214,1.291339245334423,0.691312841161083,2.4455921428995735,-4.163534613601528,-67.2429285973562,0.7489147088507528,23.240045895
2,0.08870132289096226,0.10699948982373542,0.9340612242054007,0.8993862842717252,1.103672942104806,1.280903005559647,-0.3683807396565767,-2.001246069164987,-37.85405229498681,0.8238663063244522,23.240045895
