,MAE,RMSE,NSE,alpha,beta,HFV,HFV10,LFV,FDC
1,0.8833927632080489,1.0824047068822646,-1.8921119087322809,0.8405917480392858,0.2172185692814499,1.1560340873716788,0.6449906611357985,0.0009807289045009706,0.0023491324710206013
2,2.837984544383539,3.175671171115179,-23.894694578333258,1.6695303231325695,-1.9206643712219755,0.08184739498095747,0.020038980841726964,-5.9112150556059015,-3.921634318103387
