,MAE,RMSE,NSE,alpha,beta,HFV,HFV10,LFV,FDC,training_time_minutes
1,1.386284135976056,3.1267131084599344,-0.26628378355723714,1.1401657779543888,1.351920019049149,1.106572164325912,1.316373712018052,-1.181986355073973,1.129502950863229,27.87361168166681
2,32.56398989454137,33.06205223424029,-140.5841349800583,2.0005764180914567,29.920710696994874,2.7687580536612115,5.980010353753714,555.9467764414425,97.98358883250582,27.87361168166681
