,MAE,RMSE,NSE,alpha,beta,HFV,HFV10,LFV,FDC,r2,training_time_minutes
1,1.673893778561445,3.635208500670367,-0.09840950779804891,0.8631691156008378,1.3242408781259793,-15.10656987515543,13.593619213809482,32.117435961999945,54.403054978377895,0.2871361591888597,27.87361168166681
2,32.19511465596122,32.72144900307449,-87.99604101689465,1.6558370939094258,25.641774844467744,135.18512753981187,417.9867660233831,961.6555452502955,-103.38013310094726,0.5259575484773921,27.87361168166681
