,MAE,RMSE,NSE,alpha,beta,HFV,HFV10,LFV,FDC,training_time_minutes
1,0.030057763442445453,0.058871533791642505,0.8500086611375132,0.8147253487620479,0.6404294769767566,0.9340174832144359,0.7939895607781782,-7.795316490120417e-12,4.1205552173279776e-06,15.655846131666719
2,0.08067712007992674,0.16040122850269248,-0.11345036178596035,0.29905116198551007,-0.004523992391294324,0.29988471712520637,0.1924516747931807,-37.784941399597706,-0.0002781775637481074,15.655846131666719
