,MAE,RMSE,NSE,alpha,beta,HFV,HFV10,LFV,FDC,training_time_minutes
1,0.3948177410892589,0.4943361934990526,-6.941681239778386,0.7823101632463646,-0.17906825161517798,3.630366593541706e-15,-8.629007871840057e-14,-0.9905326131787806,-0.00013590122731257259,71.20382023333319
2,8465.071725959,10072.76783286814,-3297351769.871404,31122.460795879262,-25278.75875294427,0.07102002063177532,-0.007185146787899819,-59859.059541842806,-41056.30063374739,71.20382023333319
