,MAE,RMSE,NSE,alpha,beta,HFV,HFV10,LFV,FDC,r2,training_time_minutes
1,0.6911594695618575,1.0496268257763843,-3.9822564832704046,0.7292102842009983,-0.3294732096732758,1.0378060455783625e-07,3.717087679917763e-08,-2.0621957371275133,-0.07312407787603056,0.2019659255459032,71.20382023333319
2,0.5400585821557627,0.7221463757636479,-1.3583415885646009,1.7311077916405802,0.037611670332448645,0.9750345730913591,0.953442058307755,-3.108489533947758,-0.25433283901626974,0.794513534266792,71.20382023333319
