,MAE,RMSE,NSE,alpha,beta,HFV,HFV10,LFV,FDC,training_time_minutes
1,0.3596358259157963,0.40250081948365646,0.22046830925801753,0.8834366361034883,0.4537306134883521,0.6973465180858321,0.7211154802774761,0.01535963066652092,0.20155351969535024,17.81194795833435
2,0.38949695968354037,0.48359458116941006,-0.12528644969625957,0.42297669435258317,0.40550243082753507,0.493995531893967,0.44902782142349856,0.4418331908018676,0.4166922170198101,17.81194795833435
