,MAE,RMSE,NSE,alpha,beta,HFV,HFV10,LFV,FDC,r2,training_time_minutes
1,0.31646983225446146,0.370860845781915,0.7249568589093588,1.171225455076328,0.7630772294774544,-11.106972282820504,-3.2994501245893795,-3.3237307708970443,334.7944903855662,0.5298367635212442,17.81194795833435
2,0.3687399149407434,0.5167393562869624,0.46602376354775676,0.5951259160008979,0.670811363853343,-25.635475947961357,-29.408433395971254,-37.527364767156634,-80.40988846827794,0.6766280830624224,17.81194795833435
