,MAE,RMSE,NSE,alpha,beta,HFV,HFV10,LFV,FDC,training_time_minutes
1,0.05028259197376419,0.12331754666175011,0.6128365693399649,0.6982440548856023,0.5289285015716552,0.8510130235058289,0.668677945170352,-0.001506679010687315,2.6937760141873487e-11,36.18746899333346
2,0.04910213309182208,0.12188326615334269,0.6217902289387003,0.6255538009559387,0.5317990949597204,0.7364439145999275,0.6260305901988018,1.2837082179318488e-10,0.001838928579508441,36.18746899333346
