,MAE,RMSE,NSE,alpha,beta,HFV,HFV10,LFV,FDC,training_time_minutes
1,1.6062772956266438,2.2070132182655042,0.010839024127437202,0.9726935834405075,1.3896588672510628,0.9671254396867199,1.0661378100846057,2.12751963097612,1.8113863875351204,18.053767721666667
2,6.687930664474351,7.68086346164366,-10.980562132612647,1.7939034118137243,4.322450992665491,1.6146124102446606,2.125636175800201,10.40557569389978,7.015294887624356,18.053767721666667
