,MAE,RMSE,NSE,alpha,beta,HFV,HFV10,LFV,FDC,r2,training_time_minutes
1,1.6831505764792123,2.3093205215836883,0.23828940898228268,0.8831336769400039,1.369615462790992,-18.38424454105506,-0.8284969791565633,14.337288089389704,-82.42795847626664,0.3276131772927223,18.053767721666667
2,5.906343969135922,6.957670867608655,-5.914317619059471,1.60355031971802,3.732032888785762,31.1162834663648,84.09827687783562,167.8318471766074,-80.47543152255282,0.5080560229786948,18.053767721666667
