,MAE,RMSE,NSE,alpha,beta,HFV,HFV10,LFV,FDC,training_time_minutes
1,1.6775199690177862,2.231515790553009,-67.50661189363088,5.594523214533116,33.67747086735665,2.772041759090277,8.513341137939012,3.3667268863086504,244.78071361739148,13.920543108333247
2,1.673913359314376,2.226326095112207,-67.1883394100825,5.5774756523479825,33.618941174834355,2.752792736645182,8.486115833979095,3.460212036951107,245.14623584415736,13.920543108333247
