,MAE,RMSE,NSE,alpha,beta,HFV,HFV10,LFV,FDC,r2,training_time_minutes
1,0.05759060832153554,0.17327977218652113,-0.0696129460219046,0.39937059822287596,0.8844408539278882,-59.77100892804961,-45.43800668645184,-10.363987848823323,,0.040582823702968396,13.920543108333247
2,0.05730111095638429,0.17274952954770872,-0.06307684977770411,0.3969860609848027,0.8839092694175347,-60.31625242227855,-43.53678989099307,-8.152246993992927,,0.043544492130196955,13.920543108333247
