,MAE,RMSE,NSE,alpha,beta,HFV,HFV10,LFV,FDC,training_time_minutes
1,24.854106997656434,48.62708794478169,-143.74906104913913,10.448163614323533,16.09433296940703,4.6545139606709665,11.325524984899614,7.571827036323048,4.54976849607684,15.688794619999923
2,1.6678454631336797,3.619842813040377,0.19788127476528572,0.537638340722606,1.3103266802432405,0.5110620662965156,0.755512290730695,8.039610895957908,3.169708965058468,15.688794619999923
