,MAE,RMSE,NSE,alpha,beta,HFV,HFV10,LFV,FDC,r2,training_time_minutes
1,1.6655230064029274,2.550509717682554,0.1790090300839533,0.5849676174311751,1.5855551882539773,-45.467799555100086,-23.779671311499126,8.376029615897249,-75.53300008076292,0.32493776293554366,15.688794619999923
2,1.2513954642887601,2.4430583158403487,0.24672755229964582,0.6340667622825373,1.2276917477021918,-37.75582170364654,-22.13037621007672,-4.71909922583243,-65.90477350781158,0.4503762603374375,15.688794619999923
