,MAE,RMSE,NSE,alpha,beta,HFV,HFV10,LFV,FDC,training_time_minutes
1,19.363727940440437,30.396086627389963,-0.3308228850935149,2.696700157250534e-16,0.7657309295810466,0.32572258775316065,0.4126535373273406,1.1110422959476307,0.9765544150807093,50.97920582499937
2,19.363727940440437,30.396086627389963,-0.3308228850935149,2.696700157250534e-16,0.7657309295810466,0.32572258775316065,0.4126535373273406,1.1110422959476307,0.9765544150807093,50.97920582499937
