,MAE,RMSE,NSE,alpha,beta,HFV,HFV10,LFV,FDC,training_time_minutes
1,0.08725740953262498,0.12661914772188365,0.6505228224959911,0.8994994165073128,0.5505378846815543,1.0169260253279515,0.8425695559198066,0.003543620926146616,0.036485735368755295,20.177952361666637
2,0.157880980946186,0.24216180422558758,-0.27829572054080587,0.3283331040588083,0.10589432849886522,0.37946127649435435,0.24554567610138026,-1.553309155947246,-3.569757097703695e-12,20.177952361666637
