,MAE,RMSE,NSE,alpha,beta,HFV,HFV10,LFV,FDC,r2,training_time_minutes
1,0.10781813023691207,0.13564274307287474,0.8910805288997827,1.0546583405810477,0.7730482749522617,-1.4299332058293284,5.812912246612078,-8.733977009601237,155.96321804420748,0.5232025960429729,20.177952361666637
2,1.6925107417816285,1.7748999605991,-17.64919781697324,1.1777821394072678,6.108302190883083,6.674494713903001,81.23366699284759,187.06812071296105,-68.70372919121486,0.619897556749871,20.177952361666637
