,MAE,RMSE,NSE,alpha,beta,HFV,HFV10,LFV,FDC,training_time_minutes
1,0.23047529289908494,0.317410705903792,0.7442968737677513,1.0637545569045146,1.5833841975620593,1.1595415620482152,1.1220869480533735,161.7106572908978,34.52877008877363,15.199819393333746
2,0.23963544625627992,0.3315191074806901,0.7210604956051603,1.0269567306999197,1.600884282321223,1.1244351150509397,1.0891743632266397,203.16992644993164,36.83008295701064,15.199819393333746
