,MAE,RMSE,NSE,alpha,beta,HFV,HFV10,LFV,FDC,r2,training_time_minutes
1,0.2971970091206009,0.34816951694713966,0.9499166659466115,0.8840965476396944,0.9998862432353796,-8.560367934183981,-8.1630405968529,-4.295949967120429,-76.86786387140693,0.7336507897228834,15.199819393333746
2,0.32413645130977103,0.3890805112744764,0.9374552734519146,0.8537997542026897,1.0101015657245576,-10.783920784355285,-10.765754279871041,-5.940801585139992,-80.33533465403417,0.7493013472212338,15.199819393333746
