,MAE,RMSE,NSE,alpha,beta,HFV,HFV10,LFV,FDC,r2,training_time_minutes
1,,,,,,,,,,0.22915782539291696,12.846652148333426
2,,,,,,,,,,0.2417032544197022,12.846652148333426
