,MAE,RMSE,NSE,alpha,beta,HFV,HFV10,LFV,FDC,training_length_days,training_time_minutes
1,0.6195552520270117,0.6592498623721743,-3.4502364697565024,1.5507263904190458,0.38614139077930626,1.0777288409928565,0.9092877044602429,0.07961100533895839,0.11195601948636591,450,119.47386609666664
2,0.36504972665330565,0.43569793628543535,-0.94381083503873,0.932633770048054,0.6254355986504596,0.7255412428738063,0.7668447524971044,0.4923231767640272,0.5067045626010543,450,119.47386609666664
