,MAE,RMSE,NSE,alpha,beta,HFV,HFV10,LFV,FDC,r2,training_length_days,training_time_minutes
1,0.3082103051125112,0.42652972266097,-0.3508898165972434,1.3589619647428695,0.6250383343716995,49.41301196143511,16.46891144939172,-17.428925274122204,107.14505125859849,0.22703279110343177,450,119.47386609666664
2,0.18249047035066035,0.2562264051399826,0.5125062027791449,0.8413884826594102,0.9394547276174613,-11.690337871298418,-7.686817270553198,-10.187729343219702,-17.467082136681796,0.29521094034549356,450,119.47386609666664
