,MAE,RMSE,NSE,alpha,beta,HFV,HFV10,LFV,FDC,training_time_minutes
1,0.07043913049201628,0.07508421373344236,0.8626166409329461,0.9253266986604849,0.7902800022011822,0.8548602651193612,0.855541158690445,0.5875512414502467,0.7440819832231264,22.520758378333024
2,0.05595909634596273,0.05978504664574885,0.9128992286428298,0.9647413119791095,0.8375339502272209,0.8985116606965007,0.9002127776096505,0.6463156933155197,0.7864726786000217,22.520758378333024
