,MAE,RMSE,NSE,alpha,beta,HFV,HFV10,LFV,FDC,training_time_minutes
1,742.9000742056567,749.7588946076947,-63074.63496979216,33.91623957770825,921.2323831256625,45.690745103775356,130.72781705853964,57194.236718366585,7065.228328868001,25.116776623333376
2,0.68833277363148,2.5195981708956237,0.28767047312312866,0.4061808744842045,0.6225822474726064,0.3917308723800983,0.5129546163459084,0.9284765900421325,1.0066789288014482,25.116776623333376
