,MAE,RMSE,NSE,alpha,beta,HFV,HFV10,LFV,FDC,r2,training_time_minutes
1,736.9041604067082,746.779568864919,-88724.85902143455,48.311837993055036,1188.3963322920142,5290.204729315179,16162.58582074718,41348.87739658743,-70.95721493567211,0.27485045576321443,25.116776623333376
2,0.6242171581064149,2.201053804749194,0.2292266759049355,0.5266941895512985,0.8506194471905482,-45.58170831447294,-31.926067600938513,-19.721777767689375,10.781556766667872,0.4443338718784633,25.116776623333376
