,MAE,RMSE,NSE,alpha,beta,HFV,HFV10,LFV,FDC,training_time_minutes
1,0.9893069821027701,1.0060518441414585,-89.39483508561315,1.0641821315187776,-20.53090579596519,-0.6395403922904909,-2.509702103336038,-1710.6860462434684,-1473.81196061448,29.773632510000002
2,0.01384183120823757,0.02996774932454133,0.9197932076440829,1.0066971326440004,0.8087040607428813,1.12257056075419,0.9435432698461093,-0.01720042641408221,-7.981095416775667e-16,29.773632510000002
