,MAE,RMSE,NSE,alpha,beta,HFV,HFV10,LFV,FDC,r2,training_time_minutes
1,1.1165926222720655,1.2143027858671687,-14.620746967497803,0.684433210239282,-7.90630287279264,-108.94123948721224,-201.7596122152245,-327.8388761289752,,0.1904039982832222,29.773632510000002
2,0.03580512881464742,0.08622840899779978,0.9212322281010668,0.975427224242621,0.8974010443748431,-4.836443060223202,5.796914525079834,-6.804879818035929,,0.8409904605811166,29.773632510000002
