,MAE,RMSE,NSE,alpha,beta,HFV,HFV10,LFV,FDC,training_time_minutes
1,262.91991767171,304.92529742545906,-5553.882995211619,37.73208348395746,-279.76612414880486,-0.14204708474731229,-3.338583287963463,-39920.66658442532,-4607.966877612748,19.525633829999908
2,96.00281875001822,111.28126350242802,-738.8302753404291,13.77025063210222,103.4644933483508,9.128902642525944,24.73390645718458,2777.1921353460466,1454.1271012918717,19.525633829999908
