,MAE,RMSE,NSE,alpha,beta,HFV,HFV10,LFV,FDC,r2,training_time_minutes
1,226.32404378201554,263.4568112594696,-7834.453337112889,45.254940334736574,-287.5561166394375,-109.44545647137325,-412.75155063116006,-3114.9693691748043,,0.28649656975435545,19.525633829999908
2,82.43797639861322,95.95833625396997,-1038.4669499667853,16.54934682840909,106.09322463115866,955.3503134627989,2489.5058991481437,5960.211495705519,-37.06154584499448,0.5117399916104162,19.525633829999908
