,MAE,RMSE,NSE,alpha,beta,HFV,HFV10,LFV,FDC,training_time_minutes
1,1.1366296117845898,1.6133934041398161,0.3650574424119105,0.9395760987302674,1.2591254696670067,0.9213790922067907,0.9685157448930511,0.9822148464833835,1.8687160351689251,22.514726008333188
2,5.018369946397889,5.418342937029936,-6.161217437672536,1.041256680205124,4.240515029975301,1.1484159184460263,1.6113557037356807,13.466499862816981,8.47131695641153,22.514726008333188
