,MAE,RMSE,NSE,alpha,beta,HFV,HFV10,LFV,FDC,r2,training_time_minutes
1,1.2878940101164278,1.8171392076082726,0.352666897767964,0.9324344960415663,1.1846578939302392,-7.161279720896198,-5.973520008088332,6.257109879976074,21.706360463813596,0.35749395261359607,22.514726008333188
2,5.36923152580672,5.837066585617928,-5.6794501453947825,1.1105848889453127,3.93829990107557,19.713906895890915,59.366793405904545,134.86202221713222,-140.8196174680472,0.5123852418260582,22.514726008333188
