,MAE,RMSE,NSE,alpha,beta,HFV,HFV10,LFV,FDC,training_time_minutes
1,0.29772785285821834,0.34536597084552845,0.25874062383795193,0.8392403371703425,1.7876520510600769,0.7418784532526296,0.9955664315001489,3.65036174896813,2.644292048753852,12.20740870499964
2,0.20253125410574946,0.29456602599962084,0.46076704855866357,0.7491079667310414,0.5829962686845908,0.5674768578469537,0.673421779473435,-0.7540411698044225,0.32197973161278576,12.20740870499964
