,MAE,RMSE,NSE,alpha,beta,HFV,HFV10,LFV,FDC,r2,training_time_minutes
1,0.3349592551088005,0.4460454992138558,0.18120733172586034,0.6233989048313653,1.8031480243906008,-49.67665948528711,-12.518457703928828,37.61322290389877,-2.1902522221583927,0.1134595584017738,12.20740870499964
2,0.21927149315389832,0.38189935818921644,0.39977583075604584,0.5821174883166966,1.0796728744785158,-57.458842775477805,-27.85927755659909,0.7499293822227343,16.916239051703183,0.12996196179783492,12.20740870499964
