,MAE,RMSE,NSE,alpha,beta,HFV,HFV10,LFV,FDC,training_time_minutes
1,0.02689909922132849,0.05237418542829939,0.8812892515104153,0.8655084100405012,0.6790896407489577,0.9850274662579849,0.8404811109074172,-6.8949880230102505e-12,3.5303127344892995e-08,11.053893258333362
2,0.020926167984745735,0.042152058964231034,0.9231058914404272,0.9402919372404842,0.9536979175837831,0.9794678532585238,0.9472182028403625,0.001597817399143388,0.9493929927771003,11.053893258333362
