,MAE,RMSE,NSE,alpha,beta,HFV,HFV10,LFV,FDC,r2,training_time_minutes
1,0.049707189772346956,0.07816049839017689,0.924672692388084,1.0287945935458909,0.833394108506253,4.125068711999542,7.256539643815861,-10.579458195008941,,0.7529390628325906,11.053893258333362
2,0.03711074388697907,0.06865678757751771,0.9418774361639742,1.0285369076527355,1.1044261611200825,3.1366277733040095,2.405230521197124,4.023214920647704,37.94527009143776,0.8343681931874091,11.053893258333362
