,MAE,RMSE,NSE,alpha,beta,HFV,HFV10,LFV,FDC
1,0.10739509815344779,0.18834447807804447,0.5513047586680296,1.0124483746840902,0.8345210355360534,0.9890413192052266,1.0014224505838114,0.06994275701597664,0.09999413425103003
2,0.11556870200954032,0.20182881081820273,0.4847571161881946,1.331954637575261,0.9333752273953498,1.5492898492983582,1.3184953433418418,1.0547815028551072e-06,0.0015699007327915106
