,MAE,RMSE,NSE,alpha,beta,HFV,HFV10,LFV,FDC,training_time_minutes
1,1.0387955217961657,1.140134771970573,-1.4915689793817797,0.7570456287540359,2.7829751969513365,0.7091879951226258,1.0293987310454558,6.364936862611957,6.4045316207033665,18.48221602166662
2,,,,,,,,,,18.48221602166662
