,MAE,RMSE,NSE,alpha,beta,HFV,HFV10,LFV,FDC,r2,training_time_minutes
1,0.8221487202583919,0.9199384929164601,-0.7370075600528114,0.6350146232279656,2.7079531867434636,-44.503102471937304,-6.560005569788939,66.56959189583738,-18.857529313751353,0.0498971417086872,18.48221602166662
2,2480574.997566833,2942320.2170337923,-17769041334133.367,2267038.4636495477,6075023.682773502,92024627.09566501,173918476.90819713,371316000.8397126,209.28238353222824,0.0860851137259998,18.48221602166662
