,MAE,RMSE,NSE,alpha,beta,HFV,HFV10,LFV,FDC,r2,training_time_minutes
1,1.3096751714682964,1.7913960052187081,-0.07861409264691877,0.5938157547137366,1.3771516948805227,-5.783288601454854,0.9817638737585644,-4.882578227587981,-175.3398518871757,0.7044557276636345,28.154242913333533
2,1.1260062331632303,1.5231844079698604,0.22019169113096126,0.5306995254245331,1.282091541557536,-12.628079204379988,-4.396223546984347,-6.694075590146894,-172.9503495461114,0.8435265498884537,28.154242913333533
