,MAE,RMSE,NSE,alpha,beta,HFV,HFV10,LFV,FDC
1,0.9312274688950105,1.3782167266264844,0.1578075824280024,0.8787406762681701,1.571921136981656,0.6585635179031036,0.9575701055352677,0.9364883384484992,3.2327082813790162
2,3.406129031697959,3.6707062414957696,-4.9741421874538085,0.9514063605854687,4.712077224406569,0.9460069879152453,1.5035879204023157,21.777908170717566,13.399836590258843
