,MAE,RMSE,NSE,alpha,beta,HFV,HFV10,LFV,FDC,training_time_minutes
1,0.9757314197550946,1.7997552336736007,0.08573160255329926,0.4222553679846546,0.7425176116664628,0.3148916531936283,0.4547253483582599,1.1974566567139728,1.2435557161782334,35.50828879999996
2,0.8915284876126005,1.6372540976464551,0.24337795640743332,0.5404513635531291,0.9270438932520481,0.5278589049251159,0.6489123089681466,2.7517507595373285,1.2971723510954896,35.50828879999996
