,MAE,RMSE,NSE,alpha,beta,HFV,HFV10,LFV,FDC,r2,training_time_minutes
1,1.168267779180644,2.185192160211884,0.07297374952480329,0.4601070186695514,0.7019194302497368,-66.72857156062618,-54.72643978634192,-39.73259836753542,-43.90413830513254,0.4552093326648373,35.50828879999996
2,14.49950006486744,21.010011207093996,-84.69694357053751,6.903795101434992,11.581166230463792,199.94689500674266,475.32628076786244,938.6093610690749,91.58245416558104,0.6524337735848216,35.50828879999996
