,MAE,RMSE,NSE,alpha,beta,HFV,HFV10,LFV,FDC,training_time_minutes
1,0.947733658248738,1.3135374390947756,0.13134237432739848,0.7096030453849491,1.683891505622856,0.6097725167971889,0.8853135607170295,4.997805037263755,3.1366951271284105,20.670176239999517
2,2.892368628704681,3.0823571201244353,-3.783322181127316,0.7783934791613575,4.131343979810935,0.8505326982558892,1.3492893610836691,22.828570836904653,9.668075207191674,20.670176239999517
