,MAE,RMSE,NSE,alpha,beta,HFV,HFV10,LFV,FDC,r2,training_time_minutes
1,0.9593722726075514,1.305596809402879,-0.21154460710840017,0.7979354736909889,2.080983571232756,-36.14668764537654,5.3516999598560275,52.565101052032226,-37.71649820066037,0.19610996030489258,20.670176239999517
2,2.5921451392785673,2.785755252666586,-4.515782908252031,1.2524132622009063,4.392595283495991,-12.187788514408512,54.840485304946135,155.08002866177858,-71.30739882353245,0.270210853971356,20.670176239999517
