,MAE,RMSE,NSE,alpha,beta,HFV,HFV10,LFV,FDC,training_time_minutes
1,0.2080345450645067,0.35397618035601314,0.4397334728156388,0.7873069230752511,0.46707406167803356,0.8315615155538182,0.7348315267696598,8.876120834578459e-11,0.00015847392391563758,20.009315446666733
2,,,,,,,,,,20.009315446666733
