,MAE,RMSE,NSE,alpha,beta,HFV,HFV10,LFV,FDC,r2,training_time_minutes
1,0.23122689794975737,0.27639150126760037,0.895732969611189,1.0903821387261257,0.759268049828689,-0.1503432253631302,7.63684187638535,-6.3514309339227575,785.409695827674,0.46003722919417744,20.009315446666733
2,,,,,,,,,,0.5716860697962807,20.009315446666733
