,MAE,RMSE,NSE,alpha,beta,HFV,HFV10,LFV,FDC,training_time_minutes
1,1.9006735517787534,2.456641235813719,-0.35064131741858295,0.6539969169850148,2.124823855762328,0.5874089030936405,0.9711212609213878,8.861889029337116,4.254015795550565,14.662650883332633
2,5.043639780901702,5.223123321534913,-5.105442087927994,0.5465982522466496,4.738050366322654,0.8461217122818955,1.5010201309811109,32.9790395415717,10.254117021544324,14.662650883332633
