,MAE,RMSE,NSE,alpha,beta,HFV,HFV10,LFV,FDC,training_time_minutes
1,1.080753803119469,1.8068280543167048,0.33703476349910866,0.5467669148447526,0.7798364467148071,0.517889942719104,0.5962960237664912,1.095194354712468,0.9959596227400886,16.83933725333333
2,1.3699680701878298,1.991482320090125,0.19460298393107467,0.6059150317420147,0.7446750283022608,0.5571823995770501,0.6223969169358607,0.5172586220295936,0.9701872186038392,16.83933725333333
