,MAE,RMSE,NSE,alpha,beta,HFV,HFV10,LFV,FDC,r2,training_time_minutes
1,1.2233892142716891,2.0940626373660485,0.373673336440032,0.5274861011675183,0.7970338608849151,-51.74249180228358,-41.91538719233394,-32.20214800357339,-52.92069472626203,0.11094005731709378,16.83933725333333
2,1.6217892207881741,2.403445717898544,0.1749311320255248,0.6261829878548639,0.802406893328457,-46.3632112049833,-34.96191419251215,-26.285134489883703,-35.94637071716178,0.11408933478763783,16.83933725333333
