,MAE,RMSE,NSE,alpha,beta,HFV,HFV10,LFV,FDC,training_time_minutes
1,44.87236951289415,51.75421021790562,-1528.0581746391322,19.406501824367535,90.70862680232321,13.122721043104365,28.632541509080855,731.165581750316,495.2031115826128,10.221026323333112
2,43.749462173765686,48.91604195091666,-1364.9514246066724,16.476396325135926,88.46334635326741,11.099245224401225,24.60112642297844,858.888046385871,524.7356827831306,10.221026323333112
