,MAE,RMSE,NSE,alpha,beta,HFV,HFV10,LFV,FDC,r2,training_time_minutes
1,27.742259822131686,33.10866073812543,-186.98077101516412,7.531552462366951,77.67175176132356,735.7890611030679,2282.6686790339118,4688.136847472623,-38.324409538496276,0.10628272607230604,10.221026323333112
2,28.263385924540103,32.836420335666624,-183.90208652477952,6.971930037864904,79.11432540787489,668.9343534737193,2120.0910058086492,4510.93760488897,-42.732047601933516,0.1103310938147779,10.221026323333112
