,MAE,RMSE,NSE,alpha,beta,HFV,HFV10,LFV,FDC,training_time_minutes
1,1.0614006785156522,2.5909634175058667,-0.5023776647897118,1.0758110036877973,0.9488392920989798,1.0769540708398908,0.9044537149259577,1.9544443040792436,1.214922066333042,21.44132320666686
2,0.9992080063759077,2.0968840699967712,0.01597666573102441,0.7282319651512987,0.9159883489247087,0.7487064762236665,0.7188795574834248,2.3334245614649474,1.4322960731102763,21.44132320666686
