,MAE,RMSE,NSE,alpha,beta,HFV,HFV10,LFV,FDC,r2,training_time_minutes
1,0.8240603193435534,1.933207056605208,0.03766454523708995,0.7408731950326222,1.059219137111952,-11.5137749207802,-6.65596732315451,-5.03231855880851,-42.55439541943524,0.30949174594339557,21.44132320666686
2,0.6934385475876704,1.7024202157251358,0.2537174641248401,0.49036250267180104,0.9127391420249032,-46.66677505496408,-39.57507900251472,-26.390728499675152,-44.750119698579006,0.46609173778517676,21.44132320666686
