,MAE,RMSE,NSE,alpha,beta,HFV,HFV10,LFV,FDC,training_time_minutes
1,62.72780422917964,64.05538808264836,-167.46712338363403,2.547348302080071,45.57934005868783,2.6880847557585588,6.976951707110518,2437.446232802763,343.10967439719684,16.58017587000019
2,2.235040662431586,4.750948240557449,0.07324609472730725,0.6542557708076526,1.0533776743782746,0.5614596874862147,0.8295354586012419,-34.655823707834756,3.5091733611947133,16.58017587000019
