,MAE,RMSE,NSE,alpha,beta,HFV,HFV10,LFV,FDC,r2,training_time_minutes
1,62.23980121054832,63.70688866332722,-156.85568634255324,2.619143491948253,42.961973610468,166.58930995274525,585.9013282562363,1525.6829046707767,-94.28323293841986,0.5117018897646872,16.58017587000019
2,45.56941737837352,54.04134031187626,-112.58988593316431,5.826623625600409,31.334888886218412,157.2993893564675,567.0878189128861,1497.2026175868127,6.490087638348929,0.515545227412409,16.58017587000019
