,MAE,RMSE,NSE,alpha,beta,HFV,HFV10,LFV,FDC,training_time_minutes
1,994.9231923664215,1017.4341906384282,-157198.91521474737,82.95774465305806,633.2319966774633,78.4082105604195,158.4925123098581,5180.7061749487075,1328.7381301294106,12.800041675000042
2,2281.1799211695097,2331.949726997572,-825804.9709275175,188.6132484396481,1450.5947894917197,179.29826805071346,362.62022089582615,11896.682975232174,3041.01171781432,12.800041675000042
