,MAE,RMSE,NSE,alpha,beta,HFV,HFV10,LFV,FDC
1,12.09027231652402,14.987962453242332,-36.40902126449162,3.68504386302519,8.263909786912787,2.5058305938169485,4.13586330166715,15.704296034659482,14.347992922985563
2,209996.01330391978,569461.6744086827,-54003281996.01727,216008.38254319012,-127477.28606594955,0.21883981210511824,-0.005102893139574162,-2433175.866298036,-6623.218535024632
