,MAE,RMSE,NSE,alpha,beta,HFV,HFV10,LFV,FDC,training_time_minutes
1,1.5631725242418368,2.961168056966036,0.008147322397416112,0.7690291865214783,0.8642265825600177,0.6240781039412893,0.8968438393164654,-2.02390134133991,0.6151393120261132,13.148976046666697
2,21.5467687547265,28.20376490834052,-88.97777100242565,6.319515968948132,13.87484610665951,2.6335711717907833,5.350441792587689,5.6584306370104125,35.6302407561241,13.148976046666697
