,MAE,RMSE,NSE,alpha,beta,HFV,HFV10,LFV,FDC,r2,training_time_minutes
1,1.5266214554568016,2.7091066373531456,-0.07501413048759642,0.915894526991115,0.9671907358117063,-23.444253410944388,-1.3394062660344166,6.743298292504265,,0.3634946325763908,13.148976046666697
2,10.37849558318251,18.574746409795445,-49.53680232769038,6.077125537186893,6.742304089298096,187.66952966334952,449.59778837787667,679.152998946419,76.23861843575261,0.46870813249204224,13.148976046666697
