,MAE,RMSE,NSE,alpha,beta,HFV,HFV10,LFV,FDC,training_time_minutes
1,0.4907073724776307,0.8095268268445214,-0.3450832442752003,0.1616492997910428,0.11965204685348478,0.13551854282112008,0.1485178569307763,0.0022579487913920765,0.046571982907667245,16.50535042500002
2,0.48316145550838485,0.7857519824393502,-0.267236410817036,0.1833538523596934,0.13318971294753124,0.16869470651560747,0.16993722153602567,0.0001641189447091014,0.03733969620487344,16.50535042500002
