,MAE,RMSE,NSE,alpha,beta,HFV,HFV10,LFV,FDC,r2,training_time_minutes
1,0.20691265360936775,0.2779672805686955,0.9194216682666776,1.0651911471397744,0.8840831389443493,5.909749148235442,2.782300534082844,-2.452152739790298,175.47736085871736,0.5119130688465158,16.50535042500002
2,0.19242473071027583,0.23111791110583935,0.9442944941501997,0.9926287898428837,0.8514446511532892,-11.568095900021255,-6.448743411167919,-4.546820758007501,267.3101809624347,0.5380059444495708,16.50535042500002
