,MAE,RMSE,NSE,alpha,beta,HFV,HFV10,LFV,FDC
1,0.8531018864117841,1.5921005820234027,0.17873542531682596,0.4790140393858713,1.4241366511331968,0.5078969645710916,0.7934137589361189,3.2892748301323937,2.1823447403918217
2,0.6320493635851301,1.5334929631390266,0.23808651079100462,0.45101428625056933,0.9975992439044877,0.4699659302241481,0.6757961480618995,1.9750544185747696,1.3590562572554639
