,MAE,RMSE,NSE,alpha,beta,HFV,HFV10,LFV,FDC,training_time_minutes
1,389.7864374164532,446.20787315176676,-2005327.1198819925,690.0597324429411,-1595.692536276524,-0.05886947269772766,-0.3286921670469501,-1638147.5330306315,-4112.309237588865,36.24940164833333
2,0.11940060749808137,0.19687415097362723,0.6096192605866322,0.8661102326142196,0.5644729097580253,1.008120981074217,0.8600779370195585,4.231678550174024e-07,0.0007934774044964842,36.24940164833333
