,MAE,RMSE,NSE,alpha,beta,HFV,HFV10,LFV,FDC,r2,training_time_minutes
1,0.583065640150578,0.7231604388922457,0.21146503466721966,0.4443795987948651,1.5050163814680544,-54.094857480025205,-36.72562136269324,-14.916405089493582,-71.5954298760829,0.11592766293219381,36.24940164833333
2,0.1585276432673958,0.20323853331750988,0.9377178292855384,1.0153728602836223,0.8437920868954883,-4.7608252827969775,-2.0195661840867003,-3.174502501990728,684.2819115871026,0.594602004624941,36.24940164833333
