,MAE,RMSE,NSE,alpha,beta,HFV,HFV10,LFV,FDC,training_time_minutes
1,1.4468297599104125,2.2143312139988627,-0.11479796861040481,0.720355927593483,1.9251021017441776,0.6924341504058819,1.0702430049613172,4.980307197987833,2.887852759354603,28.048796576666064
2,2.43739383899155,2.851262580028392,-0.8483551990417189,0.6617322529737025,2.8527885811048432,0.7380897618161713,1.228714852691141,11.186017466092549,4.725554812196193,28.048796576666064
