,MAE,RMSE,NSE,alpha,beta,HFV,HFV10,LFV,FDC,r2,training_time_minutes
1,1.474901056156822,2.188118074505817,-0.16197580185743288,0.7642832326667074,1.8378684008622863,-34.36391598781402,4.751764363012112,44.992000752995885,-48.45949347285111,0.2402264093812605,28.048796576666064
2,2.475428391982001,2.897179101880151,-1.037071461726661,0.7238943131242758,2.7386600285575615,-30.02357039355003,20.38704344691446,81.99079726233504,-80.23556003680032,0.3492723223244242,28.048796576666064
