,MAE,RMSE,NSE,alpha,beta,HFV,HFV10,LFV,FDC,training_time_minutes
1,0.4408761815562402,0.6902261256188231,0.2956051503948792,0.508243822312356,0.36976957667445554,0.43206493441850924,0.4480757707340982,4.152307443598624e-05,0.050378151173027325,12.358618681666364
2,0.493257688340785,0.7563184735099749,0.15424845205196047,0.3517871562114086,0.28929987011522895,0.3607696489146923,0.3168793248554406,0.008382146517621585,0.1495262925985435,12.358618681666364
