,MAE,RMSE,NSE,alpha,beta,HFV,HFV10,LFV,FDC,r2,training_time_minutes
1,0.4479698342710462,0.5606787382734169,0.752954331694701,1.0765231744282528,1.0114881798687165,0.08561237269059266,-4.669722191201577,0.3451146762428931,426.6579523996268,0.2952872645711725,12.358618681666364
2,0.3526642030885362,0.5042725118938921,0.800161270878631,0.856118468177749,0.842740864026841,-10.845910565594046,-23.716371785784965,-19.006787040748716,166.62835874078172,0.33866905322623153,12.358618681666364
