,MAE,RMSE,NSE,alpha,beta,HFV,HFV10,LFV,FDC,training_time_minutes
1,86.07523021449005,86.5444928929267,-446.4730441728474,1.9862279927337982,92.91740599074677,4.335034902399925,12.120218097491826,7499.63244560524,1439.0633689291835,49.74880655666639
2,85.56171513882641,86.0230414245926,-441.09702273338553,1.9537404923562651,92.36958601845568,4.313251958981657,12.054432652171787,7453.477530325046,1430.0033266060705,49.74880655666639
