,MAE,RMSE,NSE,alpha,beta,HFV,HFV10,LFV,FDC,r2,training_time_minutes
1,86.36312260406726,86.74630969280082,-848.4685082715511,2.603705494305551,111.11172022579603,461.86842252578003,1355.3835699167769,3728.4435144466224,-66.56336897289619,0.4403484948800809,49.74880655666639
2,85.90959074529735,86.27339383735254,-839.2316409630906,2.5189187402438438,110.53355592444748,459.0645418863136,1348.0666832137713,3708.5167759325595,-66.53446952620249,0.4415180218849335,49.74880655666639
