,MAE,RMSE,NSE,alpha,beta,HFV,HFV10,LFV,FDC,training_time_minutes
1,1.5254336523199132,3.700546351622836,0.039693990414304214,0.8803107427838484,0.8929868720511188,0.9197008028495084,0.9345698170576984,0.9397441417961442,0.8226323563681108,27.577142943333214
2,1.3318518925368876,3.187730048825825,0.2874078685540955,0.664575675229722,0.7914802406439959,0.6697603981488349,0.7304973350136774,1.3028847683735305,0.8937575891303612,27.577142943333214
