,MAE,RMSE,NSE,alpha,beta,HFV,HFV10,LFV,FDC,r2,training_time_minutes
1,1.756070433625738,3.932509518631635,-0.03217561251995105,1.0078455722895454,0.9415962522945412,2.37028234925143,2.6841362723700435,0.6811249276893218,46.991469488249315,0.3835877971430711,27.577142943333214
2,1.5066160582725774,3.27127282746652,0.28575442061119516,0.7365032618470491,0.8328353571793272,-29.697897013247847,-20.603145948582515,-16.326570694145182,0.6786798256803794,0.5368866074653702,27.577142943333214
