,MAE,RMSE,NSE,alpha,beta,HFV,HFV10,LFV,FDC,training_time_minutes
1,0.033232036727383715,0.06439946501618014,0.8071171711131979,0.8574788852033093,0.5919482633919875,1.0336568967093782,0.8075916615372063,-3.45710039404358e-12,-7.8450731244404885e-16,45.977792535
2,0.11107010832618465,0.1273955565362204,0.24519006371440666,0.6497620334741123,-0.43429765655488467,0.6227852307038454,0.4608994651117709,-115.68938967166271,-53.08044459755225,45.977792535
