,MAE,RMSE,NSE,alpha,beta,HFV,HFV10,LFV,FDC,r2,training_time_minutes
1,0.06587127202876068,0.1087347658258496,0.852276387965321,1.0819095728477435,0.7690688085245135,12.676929037841454,10.725474059920789,-14.157236983933233,,0.8549507159461902,45.977792535
2,0.26206691800473864,0.2746996178481574,0.0571791423835164,0.8716700701885055,-0.5216951856244778,-23.4234402389232,-39.04920183769177,-67.31057761836173,,0.9155164614783948,45.977792535
