,MAE,RMSE,NSE,alpha,beta,HFV,HFV10,LFV,FDC,training_time_minutes
1,0.45999521477023386,1.288948598206835,0.623285302071936,0.5518646130609551,0.8944508148979822,0.4867254694815962,0.676520567254608,-6.046328789961419e-06,0.0027413640237740652,10.228472758333373
2,0.3851725508290732,1.2242887007673289,0.6601329588891469,0.5288605591379678,0.6781426683539843,0.5022151888508144,0.6176314072470168,-158.01908242042285,-1.7469405191443595e-10,10.228472758333373
