,MAE,RMSE,NSE,alpha,beta,HFV,HFV10,LFV,FDC,r2,training_time_minutes
1,0.8902324771652859,1.799609966732223,0.6720753499196058,0.8646799633677611,1.1598663285821278,17.44416111709677,-20.40117828485787,5.488403235263006,252.70998462889867,0.10140974436389538,10.228472758333373
2,0.6725250593355412,1.5383380095116943,0.7603812347653823,0.8614501854030104,0.879375133124461,17.97728507219357,-21.70091073003883,-9.72760295511105,,0.13909188476836198,10.228472758333373
