,MAE,RMSE,NSE,alpha,beta,HFV,HFV10,LFV,FDC,training_time_minutes
1,1.2029369460567936,2.0346359383877943,0.22294964508933512,0.8244777654422281,1.0448020402402332,0.8104427305124935,0.9105018430856369,2.0974668032907453,1.248108868001825,20.245200743333164
2,2.5286608855183847,2.9545835938880582,-0.6385824704070981,0.6657365109498735,2.3110098760116835,0.7951118184209479,1.0299126212118868,13.687100301553427,4.139546348730196,20.245200743333164
