,MAE,RMSE,NSE,alpha,beta,HFV,HFV10,LFV,FDC,r2,training_time_minutes
1,1.3702570531384106,2.4842031748810967,0.0012027260088787184,0.9625320735396311,1.1461908942571923,0.14410903999611613,2.7081503315847626,6.38070523852207,-41.19246593113615,0.4040280596609529,20.245200743333164
2,2.673845883635911,3.1791452877518633,-0.6357761615955564,0.7664369691814414,2.3418359657820997,-11.812842310560944,8.814971338845982,46.585522736221606,-116.09552901490932,0.5923164906978815,20.245200743333164
