,MAE,RMSE,NSE,alpha,beta,HFV,HFV10,LFV,FDC,training_time_minutes
1,4.698662843414571,6.475652274029046,-1.5052729188498484,0.6604662620865636,-3.9992392547132223,0.0883517000441264,-0.027532017255735435,-566.3726227680071,-59.80117928681562,28.178450143333368
2,1.2488168304498048,3.5740919670950406,0.23683323297717018,0.7157916727776534,1.3270229854890858,0.6884358120095504,0.8118596948510274,12.536570059080493,8.079591423705814,28.178450143333368
