,MAE,RMSE,NSE,alpha,beta,HFV,HFV10,LFV,FDC,r2,training_time_minutes
1,81.70593727821442,82.21776176928797,-762.0914119621592,2.9569694902443606,105.17407465171748,422.1328723480643,1265.2204744829144,3508.004206777222,-66.75132002028342,0.4559007707412879,28.178450143333368
2,1.164222818794015,2.7173931114097947,0.1664143941329178,0.7691020273618485,1.5480163979255175,-26.191613932517406,-10.563525112753632,26.119078222358223,-25.15175274661364,0.7028870036673325,28.178450143333368
