,MAE,RMSE,NSE,alpha,beta,HFV,HFV10,LFV,FDC,training_time_minutes
1,0.077393447988086,0.08541613884006054,0.8422223891600862,1.0436227784358574,1.3858788559451516,1.1408019503645384,1.173517645638269,4.548876300450519,1.4013001253096184,21.237822139999967
2,0.04546165061487498,0.055490058630183414,0.9334120152312987,1.1871799129991005,0.953506280339815,1.0940741766650333,1.1276252883421287,0.21963711176971007,0.5717014378034779,21.237822139999967
