,MAE,RMSE,NSE,alpha,beta,HFV,HFV10,LFV,FDC,training_time_minutes
1,4.43058832357055,5.131649645159815,-49.47479096561399,3.559001816350988,-7.262244913440102,0.31335334064696263,0.06528499558739859,-49.67895353348056,-18.11208850463635,176.37942398500002
2,3.75717919979785,4.406271690122354,-36.213719298780994,3.3689604661297685,7.993693483648215,2.392936668797067,3.475198217875892,10.320908888184487,17.384063089481916,176.37942398500002
