,MAE,RMSE,NSE,alpha,beta,HFV,HFV10,LFV,FDC,r2,training_time_minutes
1,3.003068926759852,3.548166052853933,-24.839969623512154,2.576774873701677,-6.327002139002003,-71.22645771343197,-86.84291659265774,-154.42278844537478,,0.04528414234830991,176.37942398500002
2,2.778986551790829,3.212534512554652,-20.182622661069242,2.521791017165023,7.782023352778148,84.03983282925768,197.99328645072143,441.4708412260506,8.461151067665504,0.06693219900078906,176.37942398500002
