,MAE,RMSE,NSE,alpha,beta,HFV,HFV10,LFV,FDC,training_time_minutes
1,0.022936228806637204,0.02469884197789646,0.9741486329777228,1.0290504926855024,0.8885575700195452,0.9784936073305984,0.9858832512956762,0.630926961410849,0.7926888789461305,17.837907124999948
2,0.022190297927268593,0.023700444319888773,0.9761963636788007,1.0194565068950125,0.8918748451530508,0.9719740149647992,0.9803204440907297,0.6604227477173206,0.8045481060794293,17.837907124999948
