,MAE,RMSE,NSE,alpha,beta,HFV,HFV10,LFV,FDC,r2,training_time_minutes
1,0.020739228317943753,0.023309970183990437,0.9924148136186116,1.0396148612254708,0.9630323077282213,-1.8461021718526132,0.5583773717701869,1.228219639612892,15.52908787947217,0.9809201068725902,17.837907124999948
2,0.019798493646522662,0.02224480885600874,0.9930921932845205,1.037974300750641,0.9657842066008678,-1.6678542645706618,0.6585007942630973,1.2504687520748503,14.315027970151627,0.9829650772918059,17.837907124999948
