,MAE,RMSE,NSE,alpha,beta,HFV,HFV10,LFV,FDC,training_time_minutes
1,1.8071742691040076,4.5972449081019615,0.2350087090791766,0.635247010634795,0.8451067778609053,0.7031096813996152,0.7722248070992852,0.9734796225017177,0.8899482270544458,27.521740245000306
2,2.3962531885521456,5.022906253565445,0.08678853477259563,0.6710742031910146,1.0724416559077263,0.6175248801578338,0.7031986487648476,1.9760306417251845,2.7436528699877956,27.521740245000306
