,MAE,RMSE,NSE,alpha,beta,HFV,HFV10,LFV,FDC,r2,training_time_minutes
1,1.3991777588505878,3.4417282905590483,0.2467540419092633,0.8158449389451313,1.0202405633809122,-19.739824382529903,-1.7547998872001147,3.823852097172897,15.895783860297566,0.44070181948586584,27.521740245000306
2,1.7215215671344657,3.19904761745089,0.34923369879926036,0.688468238088897,1.555540529744777,-26.151188161716874,-8.45542224632078,11.921610376944326,-82.48185774313706,0.610196011665019,27.521740245000306
