,MAE,RMSE,NSE,alpha,beta,HFV,HFV10,LFV,FDC,training_length_days,training_time_minutes
1,0.3012273896518512,0.34413981373918856,-0.2126984751485006,0.9019503304520883,0.7101953293229343,0.8792656859265119,0.8192763613070065,0.6999138264521471,0.63808898329824,450,103.55642773333335
2,0.33513956422892627,0.36982860790166106,-0.4005028545609284,1.0531746949956926,0.6681678440120937,0.8725792117598503,0.8565979386409873,0.5456927630480557,0.5462435396642318,450,103.55642773333335
