,MAE,RMSE,NSE,alpha,beta,HFV,HFV10,LFV,FDC,r2,training_length_days,training_time_minutes
1,0.2571433626444143,0.31092203601790636,0.28216549022819937,0.752676191147535,1.3089222302552166,10.389587617156938,1.7891888818196535,-0.9300087759518886,-60.52007290220621,0.3124648932149817,450,103.55642773333335
2,0.2065041376970678,0.2634653902549693,0.48457144748437553,0.9309421944915189,1.1401960137666038,12.578922171098407,7.110800241613942,1.224481083182609,-33.41481521240905,0.36612385981954443,450,103.55642773333335
