,MAE,RMSE,NSE,alpha,beta,HFV,HFV10,LFV,FDC
1,0.04034880988906667,0.05803095108660933,0.9707452840299028,0.9431177368965198,1.106480743541305,1.0091727687455965,0.9936663655856844,11.625459301954322,3.271003906262936
2,0.05105381780412724,0.06585038084138696,0.9623302193617632,0.8464258400186984,0.999866230691124,0.9153849865914382,0.892962556860724,13.936628251912317,2.995073600788401
