,MAE,RMSE,NSE,alpha,beta,HFV,HFV10,LFV,FDC,training_time_minutes
1,18.697301986822136,22.159812197793713,-24.9654920210887,2.7887786335658724,7.998658868652603,1.7532291707007945,3.6112992349883464,14.730579685883768,13.352064170165812,11.60410430500051
2,2.214391774464439,3.8976663950489496,0.19670745788867405,0.7116861864871745,1.4133079663109158,0.6577989013328644,0.9419869098144555,2.430566427133767,1.9580781638051052,11.60410430500051
