,MAE,RMSE,NSE,alpha,beta,HFV,HFV10,LFV,FDC,r2,training_time_minutes
1,18.80657452076648,22.3637450566238,-24.025573416807415,2.7747936133621014,7.326972294580991,73.69115856261817,250.2405082169163,470.951441752388,-3.398895515972486,0.32101153013509265,11.60410430500051
2,2.3120671003008764,4.026353300078531,0.18881720208331843,0.7552638878737782,1.3904091834442518,-31.636829564919758,-2.9857267894718396,21.3515816137183,-105.37613557004744,0.4654865582801957,11.60410430500051
