,MAE,RMSE,NSE,alpha,beta,HFV,HFV10,LFV,FDC,training_length_days,training_time_minutes
1,34682.88297348799,34750.11892047434,-15433402916.298754,7724.242170352113,53624.834591425475,19597.25749341042,31915.524005682466,72294.62700577424,69444.02642432206,521,43.00266343666662
2,11.668082173370495,11.711533065969995,-1751.9785498050655,3.3722637038575938,19.040208375623425,7.037959383108099,11.384787762946022,25.55658670511781,24.728573708297805,521,43.00266343666662
