,MAE,RMSE,NSE,alpha,beta,HFV,HFV10,LFV,FDC,training_time_minutes
1,0.06699202801106102,0.13473900056127425,0.635227144508937,0.6312711917072907,0.4052910732336713,0.7982609054643975,0.5669125636052686,-1.2998242237392121e-11,-2.589326464585169e-15,11.279091073333014
2,0.2697893136576302,0.31884246154247303,-1.0426228052072974,0.9872074623116356,2.9422326049461,1.0101779375547344,1.126637560122764,501.4023799918066,520.1601230688773,11.279091073333014
