,MAE,RMSE,NSE,alpha,beta,HFV,HFV10,LFV,FDC,r2,training_time_minutes
1,0.14236064562272502,0.26484655430355214,0.8443775772992979,1.0342643417680446,0.718785351074292,8.059152631805082,8.280830421254738,-20.88202659931752,,0.5146487560349632,11.279091073333014
2,0.39284108946453083,0.45446337587490887,0.5417723427858225,0.8704112904467706,1.528721736030231,-11.764152466856396,-8.567136431320352,8.819809322752757,-75.14238324271608,0.6942150836761658,11.279091073333014
