,MAE,RMSE,NSE,alpha,beta,HFV,HFV10,LFV,FDC,training_time_minutes
1,0.022722611683573795,0.04777545405543937,0.7731892902528094,0.8459324847953481,0.5733817400268737,1.0125058174798818,0.7722618667723623,-1.5965973068779877e-11,-1.275682828738514e-14,102.98171953666666
2,0.059283736465704465,0.11875369649246595,-0.4013550567663644,0.40790997697966186,-0.22895026495477586,0.2788386950998634,0.14874324907902503,-514.1424565305464,-0.2576325892170617,102.98171953666666
