,MAE,RMSE,NSE,alpha,beta,HFV,HFV10,LFV,FDC,r2,training_time_minutes
1,0.04948714816931974,0.09643599115787846,0.9246673565074921,1.0267659077167957,0.8066439977949614,1.000658020479484,1.088356853984534,-0.0016824161651271545,0.048272729766567345,0.7080077487785392,102.98171953666666
2,0.08094096142952964,0.13618400930072913,0.8497698357192127,0.9940854021731833,0.7063239300322758,0.9562624137168282,1.02434499590367,-184.0682963642457,-0.00016993119051014887,0.8330297039843001,102.98171953666666
