,MAE,RMSE,NSE,alpha,beta,HFV,HFV10,LFV,FDC,training_time_minutes
1,0.3585549659816041,0.4657964750647105,0.1953880491708493,0.7708635293984761,0.49981794725833983,0.6590776076584178,0.6676538007760023,0.10211351587803778,0.38720761243329616,335.99240353500016
2,0.524407907272933,0.5774624292480466,-0.2366350469066354,0.7542694291917786,1.4241447561802985,0.9186479598564375,0.9454749062427087,1.8890032511454502,2.148706130581427,335.99240353500016
