,MAE,RMSE,NSE,alpha,beta,HFV,HFV10,LFV,FDC,r2,training_time_minutes
1,0.1889953303777462,0.2143761780243392,0.9459617770901664,1.042778058156572,0.9373417809671114,-5.712706196213126,-7.687881975031,-1.5664070999967399,124.40502112683221,0.9015016066378897,335.99240353500016
2,0.13003414506690922,0.17460449876885797,0.9641525003391955,0.8969412856205287,1.0446481111635286,-2.2474839800234894,-5.054961037032351,-3.082374090008428,-35.31546725354438,0.9152819470847293,335.99240353500016
