,MAE,RMSE,NSE,alpha,beta,HFV,HFV10,LFV,FDC,training_time_minutes
1,0.16146966904491614,0.2077693357288572,0.1975334979084138,0.3325656826278741,1.3644558660277917,0.3942693533632429,0.5013610244758459,3.3260124257813164,3.146362182269346,19.218847053333107
2,1.5927514851895248,1.8137848519567525,-60.155504170909616,3.7320957748370724,-8.528527570287642,0.08606488141423804,-0.056994849795152694,-54.007057788145495,-22.942971750799448,19.218847053333107
