,MAE,RMSE,NSE,alpha,beta,HFV,HFV10,LFV,FDC,r2,training_time_minutes
1,0.13094303421342338,0.16277051650894356,0.11555560084587768,0.43104541881312813,1.7358986384092223,-54.792874234762806,-37.1889423564287,8.569999066148318,-4.953049530749373,0.18035394071875355,19.218847053333107
2,1.0570605437418212,1.2397519496548124,-50.308421371990896,3.633808184185982,-8.851295992349792,-92.82752238680995,-103.44913934977384,-198.669973888593,,0.18989205922834063,19.218847053333107
