,MAE,RMSE,NSE,alpha,beta,HFV,HFV10,LFV,FDC,training_time_minutes
1,135502535.9744613,142320012.99930444,-1991430146693432.5,13646213.16601671,65172577.89743357,8123106.788643213,17033626.52079781,231213681.17374083,146262847.3296246,33.782452046666485
2,2.709053253750206,3.473860610202182,-0.18647312202928767,0.8076240089574251,2.0137143601289798,0.8154853126327535,1.0732211787735695,4.28271577933654,3.6231314850836203,33.782452046666485
