,MAE,RMSE,NSE,alpha,beta,HFV,HFV10,LFV,FDC,training_time_minutes
1,0.07377033768205658,0.13574444173870975,0.1662867995570496,0.4054297465227861,0.14272902771691356,0.519521169490472,0.3267269361442607,-5.876913143045037,-2.3682911551674923e-14,10.498508846666663
2,0.08429258348059167,0.15992051007174246,-0.1571266577523751,0.2725730978489937,0.020451583610322645,0.3097480212102213,0.19192611714700555,-15.50803391818906,1.0440007248031602e-10,10.498508846666663
