,MAE,RMSE,NSE,alpha,beta,HFV,HFV10,LFV,FDC,r2,training_time_minutes
1,0.1445871214457794,0.24597180066494634,0.7427751158148019,1.1611644497965041,0.6545547135691966,10.273974711517937,15.966148740837658,-20.09891602905431,,0.5327718834790253,10.498508846666663
2,0.17530833412657118,0.304571924402751,0.6056134693835991,1.2062781904157422,0.686811780356578,9.826523857293408,27.06039119073952,-11.288475021638423,,0.5924088039959001,10.498508846666663
