,MAE,RMSE,NSE,alpha,beta,HFV,HFV10,LFV,FDC,training_time_minutes
1,4.333259263316586,5.125455460855674,-16.318235615179066,2.0995871826023484,-19.761897403812043,0.10831160025987531,-0.014987251271692334,-385.03258192923624,-183.6706398239642,10.164626096666325
2,5.240543837423841,5.878768003398448,-21.783023576170265,2.0923137586533294,25.8612749736131,1.8125972495938403,5.160037612768618,111.60084302754713,234.32223478948674,10.164626096666325
