,MAE,RMSE,NSE,alpha,beta,HFV,HFV10,LFV,FDC,r2,training_time_minutes
1,2.8653857072321696,3.5003019125930614,-16.056849150186746,2.1975640917386605,-20.753090228693985,-87.55771392110492,-95.29659383156948,-271.81978767457616,,0.15888153846263064,10.164626096666325
2,3.768204159490003,4.290076650835388,-24.622287595848597,2.4232291395615646,29.507333235813295,104.2016097534305,563.2810910810153,1575.84610694205,8.308463334953924,0.20167025879883882,10.164626096666325
