,MAE,RMSE,NSE,alpha,beta,HFV,HFV10,LFV,FDC,training_time_minutes
1,0.18819014404676068,0.33871459347403904,-0.7120694327106774,1.4667222152146953,0.9813754460891346,1.7679857800445686,1.3344518285258034,0.9010378677539257,0.972104618044222,14.402757375000025
2,0.20444385726752132,0.3444844728130733,-0.7708951933718406,1.4396110141759668,1.0648423671737675,1.719247140393471,1.254476896232997,1.0001497203990886,1.1576206539180665,14.402757375000025
