,MAE,RMSE,NSE,alpha,beta,HFV,HFV10,LFV,FDC,r2,training_time_minutes
1,0.14596030432275664,0.22867652294906968,-0.5325391690117602,1.1590098552092585,0.9911815109706076,19.10421418993629,23.757726403499134,7.240157542730652,1.8453904208858765,0.30897850839160057,14.402757375000025
2,0.16582447453106428,0.2424263407376872,-0.722376277418316,1.0744606648002615,1.1243364184694538,10.53237193057855,12.979826712409182,14.959975538427399,8.478097391956545,0.32696815133034085,14.402757375000025
