,MAE,RMSE,NSE,alpha,beta,HFV,HFV10,LFV,FDC,training_time_minutes
1,0.2119951496147939,0.3316796308580485,-1.239045590300031,0.40042458490976474,-0.00430991525610015,0.11532712073974856,0.1334286131824322,-0.5955672993102176,1.6932136194968094e-10,12.051727240000037
2,0.1161015705287039,0.16733383923717585,0.4301075746791104,0.9348499709400175,0.5696052961938276,0.8492274915556314,0.7978816053610905,0.0018235185645902872,0.10449062932060209,12.051727240000037
