,MAE,RMSE,NSE,alpha,beta,HFV,HFV10,LFV,FDC,r2,training_time_minutes
1,0.37017905973385123,0.6921771502616925,-2.088584597797467,0.5878683974612768,-0.10615979702278187,-92.17924344995998,-87.77087167893059,-86.02135340949303,,0.2280494893725422,12.051727240000037
2,0.08162856010907354,0.09622803108919573,0.9403063432487613,1.06351745353849,0.8768745940699464,-3.439448089497188,-1.290094758244676,0.6324083949010803,177.72870177806558,0.5268715603047596,12.051727240000037
