,MAE,RMSE,NSE,alpha,beta,HFV,HFV10,LFV,FDC,training_time_minutes
1,2.0121726250434246,2.1675514634577753,-162.2064381883905,5.30113530700506,45.2491326424166,2.1798544664999593,6.346970321929632,703.1431923768487,712.5731999084018,143.13705269666679
2,0.04442987393405138,0.17082873906125343,-0.013725385578995164,0.08973985062422664,0.07854895508550437,0.04665360693257002,0.10538670807476433,-4.9291072408908185,-3.964430245166836e-06,143.13705269666679
