,MAE,RMSE,NSE,alpha,beta,HFV,HFV10,LFV,FDC,training_length_days,training_time_minutes
1,0.6211553765464525,0.9531774365391598,0.1283247161791885,1.0070678758595448,1.3630883606024806,0.837814557475564,1.1580163498453433,0.9722539435589761,1.1996080417805515,2231,714.1924917383333
2,0.5697320940404592,1.1661136251102582,-0.3046348183069103,1.0874613801671444e-16,0.38982558377835347,0.062447799550273075,0.12699857083613167,0.8090943966573152,0.697605184184412,2231,714.1924917383333
