,MAE,RMSE,NSE,alpha,beta,HFV,HFV10,LFV,FDC,r2,training_length_days,training_time_minutes
1,0.4888207564756512,0.845698698908057,0.4306726403787049,0.825018892620687,1.2758607278507312,-33.97038265517398,3.569245225401206,30.89278611250289,71.06836648660827,0.06489105218731572,2231,714.1924917383333
2,0.40584588217228834,1.1416384817411644,-0.03749957756291167,9.905481581247622e-17,0.705520954741264,-92.83181248107944,-82.08947261079739,-65.40461968741982,-62.34056387693645,-1.87827531306084e-12,2231,714.1924917383333
