,MAE,RMSE,NSE,alpha,beta,HFV,HFV10,LFV,FDC,training_time_minutes
1,1.7138422628115244,2.394097921530919,-0.07840704988904346,0.7217526794156174,2.4310380783729504,0.6160753001234399,0.9961608159444877,27.538328784329604,11.905119115205627,24.239814998332683
2,49.97001783491798,58.19432063941348,-636.1770198034123,12.956111461069534,61.11082258802003,7.53584864492823,17.11361670280396,739.6989502491318,387.22733975408164,24.239814998332683
