,MAE,RMSE,NSE,alpha,beta,HFV,HFV10,LFV,FDC,r2,training_time_minutes
1,1.7143764910379184,2.3943048809474083,-0.3934727411532888,0.8361841688549129,3.2789592251675113,-29.147266849618386,31.320895480345385,123.40191377652933,-33.50081232135505,0.2158261040665762,24.239814998332683
2,38.041235640259686,44.92668167974064,-489.62340328892844,12.03019037196491,65.10168729578854,609.7454829554777,1709.20822522192,3796.555179874155,-37.31494161284725,0.3574589478947008,24.239814998332683
