,MAE,RMSE,NSE,alpha,beta,HFV,HFV10,LFV,FDC,training_time_minutes
1,12.476428927079814,22.941652787785042,-39.90478174279293,5.47972351169244,10.145280713100949,2.703200876885237,6.01300497178366,4.736190056068797,3.032501087994804,12.461189448333364
2,29.490598421577804,37.212633089239745,-106.62309476419516,6.546882419596492,23.837216423429673,2.7921949081292228,6.479600836964833,17.889124638178057,147.3135537758508,12.461189448333364
