,MAE,RMSE,NSE,alpha,beta,HFV,HFV10,LFV,FDC
1,0.08060291926663256,0.11045880231590198,0.8940070037733798,1.1468844091621007,1.3589571181293794,1.228945483859808,1.2136477518947646,16.632385669954783,4.135535584646674
2,0.07574167325742305,0.11257335009879695,0.8899100459956408,1.1705743475132533,1.3330075464420899,1.2382630364538065,1.2387241131384357,10.86339459803234,3.644834994120004
