,MAE,RMSE,NSE,alpha,beta,HFV,HFV10,LFV,FDC,training_time_minutes
1,0.2591909661762446,0.3008469466676154,-0.44792944849385075,0.5772104152499818,0.30256156394424144,0.49900187579414956,0.48537852918557,0.027522004785604407,0.16578691332855097,21.34943910333289
2,0.280493585722038,0.3511403288814746,-0.9725027069302259,0.37128459754206844,0.24515634255584165,0.3250912426487326,0.30888373546368475,0.007057921413527887,0.2324086758834596,21.34943910333289
