,MAE,RMSE,NSE,alpha,beta,HFV,HFV10,LFV,FDC,r2,training_time_minutes
1,0.13734156067633813,0.16807938167873177,0.8864349870206913,1.0460265292933617,0.9053980750854127,-22.086598232243972,-12.885417871434292,0.7074140431929928,115.65542814477814,0.07419889963066129,21.34943910333289
2,0.08155638925738323,0.10397665520094485,0.9565402367027612,1.0158540654725705,0.9284182463841444,-8.094482215860108,-5.584236401206382,-0.6749600010638109,34.84626335500186,0.08151475464707425,21.34943910333289
