,MAE,RMSE,NSE,alpha,beta,HFV,HFV10,LFV,FDC,training_time_minutes
1,1.341315902099472,3.3021814751101255,-0.1425309067865681,1.0854808868062686,0.9621582671660239,1.0970087841513922,1.0487291651703055,1.0232965654929569,0.9095571990653875,23.984267068333185
2,1.3100619733141323,2.813279121180202,0.17073806679390024,0.8819064598913681,1.1759258043808263,0.8812587204275322,0.9348073493020105,2.5131450892792104,1.4905356222572923,23.984267068333185
