,MAE,RMSE,NSE,alpha,beta,HFV,HFV10,LFV,FDC,r2,training_time_minutes
1,1.070080436873598,2.470652732856844,0.08115193297025447,0.9193041649226212,1.019956481858305,-4.470446934632719,4.174097925801477,3.3102420985434495,-2.2320009134005043,0.4797367376579318,23.984267068333185
2,1.1218334756258486,2.3209434940512397,0.18913337159982901,0.8143764036035496,1.2705736675239712,-14.564239594635703,-2.577041483156784,7.76419752049145,-61.693039986387056,0.6574109808585928,23.984267068333185
