,MAE,RMSE,NSE,alpha,beta,HFV,HFV10,LFV,FDC,training_time_minutes
1,0.18097253864989613,0.268779655267173,0.19810589938670708,0.5601656408678173,0.258657360169331,0.652378726365118,0.4803543245518252,-5.460929892660704e-14,1.515648448173606e-11,16.743643001666836
2,0.128931933539346,0.192831296176903,0.5872574202289167,0.7692314090312724,0.48126735925728165,0.7091097701905598,0.6868064932721545,-4.8679208002751614e-14,1.3635767622741587e-10,16.743643001666836
