,MAE,RMSE,NSE,alpha,beta,HFV,HFV10,LFV,FDC,r2,training_time_minutes
1,0.23287075306868868,0.3443637661371047,0.8015104915994009,1.0686935869749303,0.6984191185989239,1.0839755538074263,13.402388547834361,-12.898148642140674,,0.6021209681416537,16.743643001666836
2,0.11690582329297981,0.17756677381612598,0.947225264336139,1.0536495321595134,0.846243810998708,4.436230257612886,-1.122207935482986,-1.8420481569832452,,0.7079523817175727,16.743643001666836
