,MAE,RMSE,NSE,alpha,beta,HFV,HFV10,LFV,FDC,training_time_minutes
1,0.5694332035990368,1.188323128891288,0.7953371584455378,0.7631925524463583,0.6125398024598321,0.7322855451006303,0.748437591030536,-0.7507720874521014,-0.0001326290599520439,4.923131100000076
2,320681.7865615211,367393.80602700263,-19562914631.103638,68252.43161286131,257240.53951321705,31969.554276076637,53132.173986730624,984320.199352407,1952100.1494932298,4.923131100000076
