,MAE,RMSE,NSE,alpha,beta,HFV,HFV10,LFV,FDC,training_time_minutes
1,0.15741498129117676,0.5701599495860049,0.2629842786176608,0.4673420089143938,0.46841203450732993,0.46368687103678635,0.43092129726833756,0.6205395405762676,0.6746324737050169,34.03374245999997
2,4.098543115991669,4.765836029046819,-50.49458108759932,3.840695313168777,16.94266950797686,1.6372097714635934,4.111820344350419,33.42810092633184,74.71119121744384,34.03374245999997
