,MAE,RMSE,NSE,alpha,beta,HFV,HFV10,LFV,FDC,r2,training_time_minutes
1,0.05391567163157737,0.15293102108922438,0.2888928442687305,0.9918476141482546,1.1681391838505948,12.403709603945487,-3.2608490398077135,0.1588487930013033,-18.58673772268192,0.5075628757663928,34.03374245999997
2,5.359568667752558,5.533201190220576,-929.8866365552614,7.69060768959517,83.27041184527604,620.367189318826,1579.3594665199391,3276.834329227959,-48.977650323293744,0.5135611705831997,34.03374245999997
