,MAE,RMSE,NSE,alpha,beta,HFV,HFV10,LFV,FDC,training_time_minutes
1,810.5675528714439,939.8183491233276,-6551.4522976171675,41.007482245877036,91.10145912855168,24.014461791846102,47.534956801945896,106.57430683219485,128.8124767639776,13.742836811667075
2,9.45325178070333,13.12803799973839,-0.2785439992119403,1.1322631402533427,1.8838950761244126,0.8916974295140985,1.3369695861404474,1.7008765140525504,2.3352801582126688,13.742836811667075
