,MAE,RMSE,NSE,alpha,beta,HFV,HFV10,LFV,FDC,r2,training_time_minutes
1,638.305810777409,735.8639518635762,-4809.272254007367,34.49827500122951,76.11750476988047,1954.147293215316,3924.606697689178,6206.893666883205,-27.763342932805916,0.4927219273609702,13.742836811667075
2,7.104261224693783,10.255066948219376,0.06577475148463496,1.0404861033776114,1.6811891677609652,-11.62731616490273,26.707094448253237,56.73489872714297,-24.24135144844231,0.5861252846060367,13.742836811667075
