,MAE,RMSE,NSE,alpha,beta,HFV,HFV10,LFV,FDC,training_time_minutes
1,0.053295764490814426,0.11398627243966789,-0.14867517168791133,0.20534949779680015,-0.017234063814262464,0.2563478532419614,0.09915518714833459,-8.625014287974071,2.2342801182490065e-16,15.34752915666674
2,0.08284348704044221,0.1917474297784837,-2.2505079552032865,0.668384047950499,-0.5811991400783346,0.029842931496987756,0.008704286229569416,-64.09569208872483,9.211699224620088e-16,15.34752915666674
