,MAE,RMSE,NSE,alpha,beta,HFV,HFV10,LFV,FDC,r2,training_time_minutes
1,0.1131977429520881,0.2804679043983029,0.8073462645922264,1.0836671118627186,0.6622219066987335,16.551708038245543,6.680350281705478,-23.59763910506283,,0.7238706704322677,15.34752915666674
2,0.15880679141870496,0.32274996335939277,0.7448805921320119,1.0972545195472347,0.3526718156531473,17.08895526714722,-6.36126468971915,-32.973188199055265,,0.7681366885851015,15.34752915666674
