,MAE,RMSE,NSE,alpha,beta,HFV,HFV10,LFV,FDC
1,0.01568738055170248,0.031158408939313743,0.9387838856477978,0.912680486958877,0.7808665106918271,1.0079249288611845,0.9066543952025726,-6.7094598933946335e-12,3.5532568230306875e-08
2,0.02205566530702492,0.04199463507097463,0.8888004993439473,0.9811597786046836,0.7471449621254346,1.141587537580106,0.9621554578404348,-2.5656516484982155e-12,-1.1428890596753458e-15
