,MAE,RMSE,NSE,alpha,beta,HFV,HFV10,LFV,FDC,training_time_minutes
1,2.947291641668491,3.2337938051498383,-4.0858890170596345,0.4322495743930156,-1.5605318674568367,0.0727135758256145,-0.12004487502406537,-6.33840426633247,-2.480943116097672,22.95197486166629
2,0.6140650307881081,1.2820017586279588,0.20068222410274017,0.3209111252072319,0.704871670854577,0.352338911799649,0.4662636373495242,1.256038874058723,0.8778436680898715,22.95197486166629
