,MAE,RMSE,NSE,alpha,beta,HFV,HFV10,LFV,FDC,r2,training_time_minutes
1,2.5919899494004013,2.8610003484032656,-5.2918563446731195,0.9329976976233632,-1.2383813635888279,-64.52372116158118,-65.32978142301184,-109.61951702952793,,0.43733859145530063,22.95197486166629
2,0.5894524086693557,1.0834390280734265,0.09769798210994562,0.4466607177267109,0.7129837131141264,-53.94095215000732,-43.57896104485343,-39.240833183268904,-61.12894730441597,0.5193663898200742,22.95197486166629
