,MAE,RMSE,NSE,alpha,beta,HFV,HFV10,LFV,FDC,training_time_minutes
1,1.6494073000533396,2.4328570402410903,-0.0064104146613515045,0.9191371885340078,1.4939086540706017,0.8904651431316452,1.0943629175621274,3.2483824753015167,1.8662692169203514,25.22638656333332
2,2.1474404927405155,2.6974378023198327,-0.23721398952862072,0.7525856762949068,1.8628062178940743,0.7605929425151675,1.0405627735323468,6.205592858023413,2.7041592286309677,25.22638656333332
