,MAE,RMSE,NSE,alpha,beta,HFV,HFV10,LFV,FDC,r2,training_time_minutes
1,1.519636014840186,2.2595381060112056,-0.04744725225194624,0.8889725942018569,1.3233491961360628,-11.564626576739036,1.4113922867233901,13.708943593246616,-75.79502182221344,0.43214376331335325,25.22638656333332
2,1.8698637880690783,2.446474381393793,-0.22793157436166522,0.775379628581403,1.6655254010264515,-21.025537232754502,-0.6993260894076292,23.606008734851695,-120.69012588802386,0.5767106150081812,25.22638656333332
