,MAE,RMSE,NSE,alpha,beta,HFV,HFV10,LFV,FDC,training_time_minutes
1,31.878054577403788,34.33441866977815,-144.71011275112568,4.54062779068794,16.86719331740814,2.828870575030848,4.93410827300326,130.17034080312217,39.769457765064615,73.20708573499991
2,5.001273698432533,5.566776763422559,-2.830345140184723,0.6119423137427044,-1.497525122491577,0.24899515658308444,0.08133097695454221,-26.121424653769278,-3.509520946215949,73.20708573499991
