,MAE,RMSE,NSE,alpha,beta,HFV,HFV10,LFV,FDC,r2,training_time_minutes
1,21.997309754768516,28.106404186057866,-82.59438390803393,5.961211151994529,11.329318782522598,149.62616793883205,360.23452585622107,712.1391550890885,90.57819334760983,0.36276075898466076,73.20708573499991
2,4.819177114654492,5.369617347574258,-2.051077241191387,0.5873890725524349,-1.3294473212653337,-74.5764289787354,-85.38306103650241,-116.36289619142568,,0.368089493146755,73.20708573499991
