,MAE,RMSE,NSE,alpha,beta,HFV,HFV10,LFV,FDC,training_time_minutes
1,2558748.393718355,2759409.931049669,-2619034538527.532,605852.7906005731,8605049.04717003,390365.5573186802,1147470.400778765,inf,inf,13.941202981667205
2,253.19909693612715,480.1807876196111,-79307.244906607,239.35563963093435,-850.1687788071475,0.22101744010467822,0.20588628930693803,-inf,-inf,13.941202981667205
