,MAE,RMSE,NSE,alpha,beta,HFV,HFV10,LFV,FDC,training_time_minutes
1,0.18234481722899754,0.2603362225461079,0.6143269058370713,0.7824201726656502,0.7918962356724635,0.9085061302130114,0.8627274155727723,1.2183108879327817,1.2608265230469078,22.86955368333341
2,0.3382317691900922,0.5075339069976974,-0.46581873210452107,0.4005865343544303,0.2847781375939355,0.4016682469069927,0.23997245612322535,-1.3612277017971628,1.0395002229597679,22.86955368333341
