,MAE,RMSE,NSE,alpha,beta,HFV,HFV10,LFV,FDC,r2,training_time_minutes
1,0.2521280200186856,0.35658169495966313,0.8704710164966846,1.0086368300121888,0.8337359691893533,-1.200243050746124,6.033340143490627,-9.09519509174104,-49.14935060291403,0.7733516434637956,22.86955368333341
2,0.2828137193575793,0.32597119777106476,0.8917551298199436,0.9498523191292388,0.9429653375521143,-2.1606273309569315,1.2591466674958551,-7.310714184341432,-73.78723588910866,0.8662859317029269,22.86955368333341
