,MAE,RMSE,NSE,alpha,beta,HFV,HFV10,LFV,FDC,training_time_minutes
1,6.28397282337671,7.658209281986685,-21.564710330792973,3.1637448302088513,3.2299890955237465,2.8204358462136367,2.7408877819949624,2.170645965318639,3.2242314536802548,142.87249450166638
2,7.1540940760950305,8.514926707374768,-26.895691401694418,3.557537994364443,3.561944332420263,3.3749841443080806,3.1930301713674303,2.7256231889563605,3.3873313622926937,142.87249450166638
