,MAE,RMSE,NSE,alpha,beta,HFV,HFV10,LFV,FDC,training_time_minutes
1,70.3686804274677,81.32561957481755,-991.3767148630874,15.719140505822823,41.57526266472207,9.828407718478704,18.256975122201585,121.41700679897775,84.94991369637741,23.93813760166716
2,4.009079237391168,4.369396182219262,-1.8646043953373188,0.6975006640325947,3.1777001455598004,0.8775333849305942,1.2617658681141672,19.452619231522444,6.478104719816317,23.93813760166716
