,MAE,RMSE,NSE,alpha,beta,HFV,HFV10,LFV,FDC,r2,training_time_minutes
1,66.52203859713842,78.51723097921551,-672.6648398591815,13.807556048314897,33.836670838134836,742.2494817571815,1480.3879322897044,2452.391902176174,-40.50461300845303,0.36265766821762524,23.93813760166716
2,4.43733384001022,4.90152383513318,-1.6252832548087937,0.7891006719114043,2.9900861065898754,-13.298233514806135,24.828966351193124,82.24819293195401,-151.24261216729792,0.43426337837740503,23.93813760166716
