,MAE,RMSE,NSE,alpha,beta,HFV,HFV10,LFV,FDC,training_time_minutes
1,0.03654984692309866,0.06632965565820373,0.8153063610467359,1.1596375681660698,0.7823110106277562,1.345690654410158,1.0781491131336212,-2.0811234860841183e-12,-1.2260529684616557e-16,89.50793157166666
2,0.03267755848763526,0.05972775450022031,0.8502424151044351,1.1303507840621811,0.8288656240261348,1.2738620738571254,1.0840202824045237,-2.886084540874273e-12,1.3560903762725513e-10,89.50793157166666
