,MAE,RMSE,NSE,alpha,beta,HFV,HFV10,LFV,FDC,r2,training_time_minutes
1,0.08404533250926101,0.18568042132198082,0.8918988256065785,1.0906620201970354,1.0044558458662036,0.9982717322567316,1.230993533453976,-1.5092575987197647e-12,0.16893704492829223,0.7485576015102898,89.50793157166666
2,0.07853634330827632,0.18222034710668794,0.8958901249010487,1.020478127252589,1.0480803667902416,0.9097218966270476,1.1965533234752328,-2.29812664526323e-12,0.3028259916418399,0.8152845042127671,89.50793157166666
