,MAE,RMSE,NSE,alpha,beta,HFV,HFV10,LFV,FDC,training_time_minutes
1,0.8440050826399854,1.2529202581354375,0.7639181310670697,0.6656167692752629,1.0377436327921015,0.5980825648753793,0.7032929749921577,1.9718351519005124,2.1967264992121507,8.12830031500004
2,1.0940030306719908,1.5512735664960977,0.6380966889584774,0.6935427557818601,0.358304932981471,0.5419987704660884,0.6226730274406552,-3.42625705248705,-0.4214399661564944,8.12830031500004
