,MAE,RMSE,NSE,alpha,beta,HFV,HFV10,LFV,FDC,r2,training_time_minutes
1,0.6977742077741117,1.003416967293557,0.776868564611725,0.6905210642924835,1.063598719974337,-32.39131352713031,-26.27243774625635,-12.402603806418973,-25.37638139352762,0.43331293304415375,8.12830031500004
2,0.6763048920451683,1.092971550668163,0.7352624205497544,0.7202148577651901,0.5679234269375256,-36.05633585743963,-30.590141119436684,-32.762826111678294,,0.4397666882661959,8.12830031500004
