,MAE,RMSE,NSE,alpha,beta,HFV,HFV10,LFV,FDC,training_time_minutes
1,0.4001729349519668,0.44538572836781315,0.14806359658229418,0.961259794655474,0.4222496640099762,0.7590544375051503,0.7873738851379859,0.0008025956505153097,0.08071434948289356,30.693294048333335
2,0.37997404148042846,0.44138962283229904,0.16328256251797268,0.8867433354119681,0.44985767043510416,0.6947218653396342,0.7148854405101577,0.012156494269613575,0.20727259740358164,30.693294048333335
