,MAE,RMSE,NSE,alpha,beta,HFV,HFV10,LFV,FDC,r2,training_time_minutes
1,0.2714029198637686,0.310563213979812,0.8462446608050543,1.2194822193521575,0.8094622990208622,11.879727537825039,6.439554618955981,0.4095031347944327,445.22148298603423,0.690778989259782,30.693294048333335
2,0.22680624731991406,0.26711097357108826,0.8862598907206176,1.1143998110273619,0.862119558232892,-9.620075932716547,-6.83011905129919,-1.9489370333349159,257.57616638862925,0.7512298663681756,30.693294048333335
