,MAE,RMSE,NSE,alpha,beta,HFV,HFV10,LFV,FDC,training_time_minutes
1,0.025640783622253246,0.048987234684503535,0.8883921103053749,0.9271422326740598,0.7107131163426894,1.0670427338023512,0.8987745806873217,-5.963490320705743e-12,1.2391388072794513e-12,65.032247935
2,,,,,,,,,,65.032247935
