,MAE,RMSE,NSE,alpha,beta,HFV,HFV10,LFV,FDC
1,0.27615003425794127,0.5491561282387376,0.17952261334234376,0.25407901232400304,0.23118125864109318,0.30646014201403204,0.2953968992554403,1.807380994867143e-07,0.04304372555217582
2,0.28842238091984274,0.5738489154695601,0.10407825519146874,0.21637529258940225,0.19005967184030464,0.279746934478278,0.2533891961614812,1.4897388634208599e-07,0.032354353340072126
