,MAE,RMSE,NSE,alpha,beta,HFV,HFV10,LFV,FDC,training_time_minutes
1,1.6290212778937778,1.7297869606101965,-25.88084915105474,0.8528050703288472,-5.164641797705955,-0.39117900882192824,-0.9948372262476533,-38.847676424471835,-9.02524138968623,43.91710643
2,0.19077281016164319,0.33184537392000946,0.010697102152928517,1.0334139224853625,0.5965412553903472,0.9489631270746463,0.9505281854600809,-0.6290003366977729,0.008262709007007369,43.91710643
