,MAE,RMSE,NSE,alpha,beta,HFV,HFV10,LFV,FDC,training_time_minutes
1,0.613655677350572,0.9437162185606659,-0.3574255263911381,0.7207511787283127,2.6802004504599175,0.572833810462299,1.1339620479262429,6.763427774114613,8.077469644062555,13.925285553333621
2,7.966585570732037,9.389193245971992,-133.36610547217515,6.010144916128435,-27.826902350499896,0.016526234324114108,-0.20256183662056812,-606.2339294233362,-114.52515375252712,13.925285553333621
