,MAE,RMSE,NSE,alpha,beta,HFV,HFV10,LFV,FDC,r2,training_time_minutes
1,0.61767436347462,0.9456286411646543,-0.8119237523940774,0.8208546537181067,4.2866988382642095,-25.303175566376606,66.72224977244419,210.81418491040975,12.13818762733431,0.056087352491069664,13.925285553333621
2,6.41830663759416,7.576674946566122,-115.32042870265845,5.6116687611548315,-38.74218149918893,-98.39553286205643,-120.30924236264153,-493.1676232541089,,0.11915819219822599,13.925285553333621
