,MAE,RMSE,NSE,alpha,beta,HFV,HFV10,LFV,FDC,training_length_days,training_time_minutes
1,0.05008784739897012,0.07262347807490213,-0.7962533172877353,0.42752491547582505,0.04444781832910765,0.30948326707275614,0.13738378984904898,-1.1498185948338335e-05,-6.755243472618118e-17,493,17.551265530000002
2,0.03812517159028247,0.062039897738727215,-0.31085797706931784,0.46561978155131994,0.3151476720324997,0.39972013247176724,0.5312244839943008,0.013335861589403008,0.03117001335035841,493,17.551265530000002
