,MAE,RMSE,NSE,alpha,beta,HFV,HFV10,LFV,FDC,training_time_minutes
1,0.04146126427757019,0.05066697936094345,0.8991723231926012,0.8268757205369502,0.7214502172758626,0.8263094148716508,0.811208694060329,0.2298817322526949,0.60651116121479,107.59058782166636
2,0.03663262133374532,0.043502888876011905,0.925669692506154,0.867743551909172,0.7564805344898918,0.861928316635751,0.8502197609844235,0.2232898398979152,0.634769078215964,107.59058782166636
