,MAE,RMSE,NSE,alpha,beta,HFV,HFV10,LFV,FDC,r2,training_time_minutes
1,0.05148775381623016,0.08584499360604589,0.9761823002160431,0.9255897724031908,0.9312200038800589,-10.760475333413456,-10.089437581355886,-8.559960783789727,9.17990435957063,0.9467906718766955,107.59058782166636
2,0.04284005153925768,0.0635590273769686,0.9869435726363188,0.9564551803718746,0.9472261107559894,-7.36797911583432,-7.165464243299321,-5.901415775797299,12.149039741646973,0.9786634029781947,107.59058782166636
