,MAE,RMSE,NSE,alpha,beta,HFV,HFV10,LFV,FDC,training_time_minutes
1,4519727.27127078,4638686.902068042,-1499492883092.9846,275541.56060176843,4961580.227665188,224671.98901343843,687267.882356289,2125854347.1609225,83057833.72655497,37.8906877183336
2,1.7921956750904746,3.7302183402704476,0.030332599592300058,0.7702525403418117,0.9057134847000676,0.6651474654661683,0.9861317961738335,-573.6396627123938,-0.07812765195440215,37.8906877183336
