,MAE,RMSE,NSE,alpha,beta,HFV,HFV10,LFV,FDC,r2,training_time_minutes
1,4509220.393867439,4633026.908777964,-1966000180853.9666,321977.29858883994,5725080.602368808,24900863.022463016,77089154.58395752,204564962.51444402,-75.56179722722386,0.4758741736644033,37.8906877183336
2,1.7268483913028483,3.3291602730225844,-0.015133863077038123,0.7724870679004405,1.2836958654528643,-34.76660958343988,0.09941670914232993,52.23093461916258,,0.5290894940469858,37.8906877183336
