,MAE,RMSE,NSE,alpha,beta,HFV,HFV10,LFV,FDC,training_length_days,training_time_minutes
1,0.0737874708539675,0.14439827957857657,0.6945390599944381,0.982004062424124,0.7763767866997108,0.9433766457446613,1.0403071148631844,0.023760398791097724,0.036864164603655374,447,97.31435565333328
2,0.09275713041004671,0.179103660583034,0.5300619932343164,0.9424801767572227,0.9721707600133022,0.8952856629198601,1.1347123387915634,0.013664332794779207,0.1807260736124078,447,97.31435565333328
