,MAE,RMSE,NSE,alpha,beta,HFV,HFV10,LFV,FDC,r2,training_length_days,training_time_minutes
1,0.11450011501215406,0.20280393293075594,0.5058219959386218,1.0426010655448312,0.6514066077773542,-1.6178308486227313,7.058796857142602,-7.632042386193896,260.9937103676548,0.27034429636589585,447,97.31435565333328
2,0.12773740224071264,0.25604090208799307,0.2123208270467447,1.003965340207245,0.7202078634063442,-16.376400747590132,5.545105749855318,4.25135236797561,162.75139281459096,0.34394141390413047,447,97.31435565333328
