,MAE,RMSE,NSE,alpha,beta,HFV,HFV10,LFV,FDC,training_time_minutes
1,0.3557521605860019,0.52653295553507,-4.612066637621566,0.7902949776221967,-0.4040211953742464,3.540916059903083e-07,8.910630689943853e-08,-4.693705132185545,-0.00041720015136248597,14.856930746666816
2,0.4267408502153824,0.630070092934481,-7.03617588220559,1.1640301891396723,-0.6841870971281983,0.0044765096220713545,0.0010336942637037246,-7.4489864054673625,-0.08954049160459236,14.856930746666816
