,MAE,RMSE,NSE,alpha,beta,HFV,HFV10,LFV,FDC,r2,training_time_minutes
1,0.7588077791655818,1.1760693344908204,-3.5625928942722567,0.6769807291627397,-0.46377946906852785,-99.99973117074872,-99.99989132782098,-99.99998373481746,,0.2913666396327451,14.856930746666816
2,0.8570591477456714,1.2803500625445587,-4.407584588966241,0.9705646229073465,-0.6533114428887867,-85.19493439747234,-94.02580082936971,-97.15992397657196,,0.6147817243559579,14.856930746666816
