,MAE,RMSE,NSE,alpha,beta,HFV,HFV10,LFV,FDC,training_time_minutes
1,0.03884202056161522,0.08048466847370954,0.5821046609240776,0.9377951578766772,0.7966392721127122,0.9200210034337442,0.9374336420436836,-2.370337064109561,0.0019618565274870897,25.82526772166651
2,0.0312719635134377,0.07241048448654197,0.6617450856773036,1.0276495180847287,0.7675257470822907,1.0204384177897625,1.006257505603565,-10.24227231576108,6.848116888691168e-05,25.82526772166651
