,MAE,RMSE,NSE,alpha,beta,HFV,HFV10,LFV,FDC,training_time_minutes
1,3.3106026555382617,3.921287950106565,-243.40054774042392,8.22090574520457,-72.93308720322155,-0.03902269598461752,-0.8210022700833453,-1672.395079810076,-463.25555352668897,15.611002783333364
2,0.24369895246539106,0.3719421635327631,-1.1988496319487254,0.4923233897536213,-4.424079851667291,0.02829794130926244,-0.0004992545894139421,-98.98792479667715,-29.515377529910463,15.611002783333364
