,MAE,RMSE,NSE,alpha,beta,HFV,HFV10,LFV,FDC,training_time_minutes
1,1.8852816918105912,3.535373903120997,0.10178821693932649,0.7869231836209037,1.2355840358672148,0.8043711161611448,0.9651893695535617,2.964245318858671,1.6206080137802787,37.78058792833326
2,2.829874138689411,3.889653971200849,-0.08725141029994532,0.6627258689480559,1.8404941100272085,0.7656025228552723,0.9722053606426608,8.765686385735066,3.1080979939409747,37.78058792833326
