,MAE,RMSE,NSE,alpha,beta,HFV,HFV10,LFV,FDC,r2,training_time_minutes
1,1.9884349502161818,3.2074118222136825,0.0009115717891033936,0.8822166657919148,1.2468822351810673,-16.180980459725784,-2.1311928421491992,11.113197525011765,-53.562921636032264,0.3827051503976233,37.78058792833326
2,2.8653573588478722,3.5888341231594234,-0.2508385250053067,0.7175999818042164,1.8333059756723729,-19.399991603901977,-3.7832358613615282,25.288466625601032,-175.62891397254208,0.5919676308904206,37.78058792833326
