,MAE,RMSE,NSE,alpha,beta,HFV,HFV10,LFV,FDC,training_time_minutes
1,0.256615304133829,1.2619598443668476,-0.049856128512336895,0.3465319688862441,0.3608001675379625,0.4516567848262198,0.5509809912270185,-4.891894612476487,-0.34083209712272794,9.650045148332719
2,0.24176565985498985,1.2503493598611441,-0.030626887235086997,0.30617271079591685,0.4625843723210063,0.39165309190321596,0.4120868136150886,-3.2670674420456267,0.9681047063417609,9.650045148332719
