,MAE,RMSE,NSE,alpha,beta,HFV,HFV10,LFV,FDC,r2,training_time_minutes
1,0.1816483599483821,0.781184448362358,0.1504382013026857,0.45983222804442564,0.44118686973058846,-36.993914796030005,-23.018689374052357,-26.960467742529147,,0.2644094034131417,9.650045148332719
2,0.16689036251439113,0.7802644951853333,0.1524379771083335,0.3650208263156994,0.6005896265870503,-52.64448932863641,-44.63155895895468,-27.895052591219837,325.9917537533777,0.3791630389281273,9.650045148332719
