,MAE,RMSE,NSE,alpha,beta,HFV,HFV10,LFV,FDC
1,0.10862574383692811,0.19042371830946847,0.5413432789432024,1.0544834763935038,0.8631064099629198,1.0370755208291134,1.0436953919602097,0.02216894314050398,0.08919338934447786
2,0.12564222236692096,0.22540677967761621,0.357342428671087,0.5333865052957311,0.3594216757152198,0.6120561582437248,0.5331539225441695,0.0003826334295382374,0.008038340501750153
