,MAE,RMSE,NSE,alpha,beta,HFV,HFV10,LFV,FDC,training_time_minutes
1,1.2357605403797753,1.94849306406993,-0.33620969306745785,0.8490214197438781,1.9422197008285604,0.7541644712834306,1.1563104527849037,9.001981073457372,3.891108202144521,1042.876094815
2,1.1831057750295175,1.8722407870988107,-0.23367366449153115,0.8314566254220946,1.853239448987488,0.7864185406779118,1.1175877478321177,9.575100134178287,3.6637022020401093,1042.876094815
