,MAE,RMSE,NSE,alpha,beta,HFV,HFV10,LFV,FDC,r2,training_time_minutes
1,1.494020595689211,2.3615489050451988,-0.24140187639779387,0.7983657747926313,1.8767830691561485,-26.19828613311457,11.462697892625513,45.66462124653002,-49.24475441403839,0.24812899930977683,1042.876094815
2,1.4355427925833824,2.211080482205842,-0.08824733402501961,0.7587010699704791,1.8377851369285476,-25.85117748424096,5.877710667566076,37.84065505639273,-56.578701089712155,0.408290041685334,1042.876094815
