,MAE,RMSE,NSE,alpha,beta,HFV,HFV10,LFV,FDC,training_time_minutes
1,128204.93835483183,154680.081092652,-736351627.7650206,15182.611334263776,22631.736868258853,5823.46544837422,10742.244265482164,14519.79591473854,34666.350211240584,233.39616578166655
2,737696.7621850386,748131.0151900506,-17225498092.930153,21843.65218898169,130220.38289672494,23674.01743515963,43670.234871356835,258934.04503087286,237409.30053138614,233.39616578166655
