,MAE,RMSE,NSE,alpha,beta,HFV,HFV10,LFV,FDC,training_time_minutes
1,0.03030839600079357,0.049843240692939265,0.8422898582170892,0.9828227402589264,1.2029173742900088,0.8498412824988623,0.9585278356538866,0.792965832352391,3.2086219224690264,15.417904239999674
2,,,,,,,,,,15.417904239999674
