,MAE,RMSE,NSE,alpha,beta,HFV,HFV10,LFV,FDC,r2,training_time_minutes
1,0.05418331237381306,0.07404737427749775,0.9602651907649984,0.9444671504433386,1.1188236906750764,-1.1227356010663445,-5.454484706023267,-0.25440738083651127,-11.697240264187036,0.8597562667593748,15.417904239999674
2,0.5372741956772024,0.6667617072462356,-2.2217594134243113,0.8017101298545359,3.0796063471238457,-3.3531022957159613,3.031032157904559,48.22193496906611,-67.85678194785065,0.8769585009048734,15.417904239999674
