,MAE,RMSE,NSE,alpha,beta,HFV,HFV10,LFV,FDC,training_time_minutes
1,1.415103474985631,2.725355398214848,0.08475836099648482,0.9160702160396315,1.166816269085419,0.8496810216627969,1.0000679104277834,1.8806725335468784,1.4547458434719183,15.289210813333435
2,1.9893025719792816,2.756938153565255,0.06342291212884554,0.7705675536375056,1.8827756113628715,0.746007107537094,0.9956195709197563,10.306683818404986,3.8048334538941386,15.289210813333435
