,MAE,RMSE,NSE,alpha,beta,HFV,HFV10,LFV,FDC,r2,training_time_minutes
1,1.2979673144232833,2.601115442416668,0.04155770228086031,0.9167494166312339,1.248993140317683,-13.017245485916892,6.81398886977654,17.289776115182807,-16.544080397218455,0.3987605565810879,15.289210813333435
2,1.8664544541180206,2.685649012826772,-0.02175136142509615,0.7822569020820861,2.0611712988904998,-22.937683096401297,6.476728565406164,42.917229041244276,-70.14638427900245,0.580795348097835,15.289210813333435
