,MAE,RMSE,NSE,alpha,beta,HFV,HFV10,LFV,FDC,training_time_minutes
1,2.820935678810853,3.2891328316607327,-2.5216970165473835,0.4215806313380275,-1.417937673200211,-0.007021654058727004,-0.028164711145848287,-4913.46525311636,-16.277713422757298,12.487026748333301
2,2.897943933900068,3.445779332021818,-2.8651298370388827,0.816070510053444,3.480650287252369,0.9974925899281105,1.0725770471505707,5379.66695361635,41.33631919159621,12.487026748333301
