,MAE,RMSE,NSE,alpha,beta,HFV,HFV10,LFV,FDC,r2,training_time_minutes
1,3.3800201772881637,3.9843657322068027,-1.7459757723676863,0.18532585075779442,-0.24107902630906952,-96.08847477811193,-97.27663873437406,-100.93398497383153,,0.011750019176467896,12.487026748333301
2,2.0015005655986187,2.822747051358813,-0.3782316960971064,0.4288689010126107,1.711670705614259,2.630514241286192,0.5504700872975667,-0.8031726990755229,-120.8178314267642,0.4331023546246193,12.487026748333301
