,MAE,RMSE,NSE,alpha,beta,HFV,HFV10,LFV,FDC,training_time_minutes
1,5.225179366640227,6.236037197194804,-362.01532217597526,10.257905870715822,-90.47408875442342,-0.016826717167407912,-0.7573985995904625,-7742.01016869617,-1152.9190060197693,21.688787005000027
2,5.152392655602403,6.14892723422822,-351.9443787836713,10.110909935046504,-89.19979143735102,-0.01703363093559975,-0.7482052733102007,-7632.015565304608,-1136.7398300906011,21.688787005000027
