,MAE,RMSE,NSE,alpha,beta,HFV,HFV10,LFV,FDC,r2,training_time_minutes
1,4.906048823650027,5.751938729731701,-192.44582303832465,7.2573407670750365,-107.51367154779128,-101.50744083766392,-164.6683825628783,-1099.8309349606243,,0.04805827084436953,21.688787005000027
2,4.836170537015956,5.670100104320344,-186.9802863640226,7.15331060731096,-105.96770301775963,-101.4212460170955,-163.54497286762762,-1085.2168268757832,,0.04892560519822775,21.688787005000027
