,MAE,RMSE,NSE,alpha,beta,HFV,HFV10,LFV,FDC,training_time_minutes
1,0.09881399189323097,0.20652524125407973,0.38352040940809606,0.6295249039772673,0.4292741373761434,0.8455207171293534,0.6400714934017324,-1.889441788658654e-12,9.068921321168424e-08,26.88129787000022
2,0.06663641697411193,0.14424715752658965,0.6992629365689812,0.7659176735274316,0.6982780610186171,0.7169374071612985,0.7536862663349455,-0.000913867948970713,2.564771699975008e-06,26.88129787000022
