,MAE,RMSE,NSE,alpha,beta,HFV,HFV10,LFV,FDC,training_time_minutes
1,1.250338821266927,1.2929894792612715,-95.69314356564348,2.555174959324389,7.881863699446755,2.4339982060991026,3.403437380042746,18.105982058590502,11.469685004416613,13.27755906166664
2,1.196356430428163,1.2375969855040292,-87.5858145963691,2.469283152193338,7.58471396225181,2.386015717274725,3.3166432519487503,17.291462435126633,11.008834423308125,13.27755906166664
