,MAE,RMSE,NSE,alpha,beta,HFV,HFV10,LFV,FDC,r2,training_time_minutes
1,1.315860412330535,1.3570471032135711,-262.58598239505613,3.895759500381037,12.723681512972357,302.02662587574946,463.1846555151558,663.2951916224642,-35.11127615747849,0.08747871060169643,13.27755906166664
2,1.262697829457604,1.2997153523514082,-240.78478253667916,3.712938570695637,12.229756042220163,291.79124893346136,443.6004917865818,634.463659006745,-35.021238968171254,0.12662867103300035,13.27755906166664
