,MAE,RMSE,NSE,alpha,beta,HFV,HFV10,LFV,FDC,training_time_minutes
1,0.5555280142412382,0.8780516481087893,0.1710199597837797,0.7430918449009716,0.46268255072885095,0.5528749300811977,0.6909669563988288,0.00038290077566203654,0.095181685675254,7.199931164999725
2,0.5549886374502176,0.877549127244511,0.17196856129270377,0.7445375665888239,0.46402608969607706,0.5556821995060959,0.6924375460146689,0.00041866174192861275,0.09719964059773509,7.199931164999725
