,MAE,RMSE,NSE,alpha,beta,HFV,HFV10,LFV,FDC,training_time_minutes
1,1.8456316749315589,3.8827019110036094,0.20286385051224143,0.7939460799589335,0.8877928507998069,0.7625930839433217,0.9082154762629897,0.5323084543880772,0.7740831566833957,18.34629860833326
2,1.789123966305125,3.8537219236546596,0.21471888580794363,0.7782841892281989,0.9481251504699103,0.7643240156364405,0.9057447394480167,1.0400938812093021,0.9230150291541194,18.34629860833326
