,MAE,RMSE,NSE,alpha,beta,HFV,HFV10,LFV,FDC,r2,training_time_minutes
1,2.1476278576282057,4.764321187077746,-0.13578737129738072,1.0862647670814543,0.9641331522745912,8.098625218320395,10.697197254812988,7.575568017678832,749.579869002129,0.41733435940847763,18.34629860833326
2,2.081993791099527,4.82634413639049,-0.1655517020502737,1.100255743133414,1.0106881477252134,12.063029313544108,11.728080030073652,8.054980631152688,199.71506188390583,0.4224198601231305,18.34629860833326
