,MAE,RMSE,NSE,alpha,beta,HFV,HFV10,LFV,FDC,training_time_minutes
1,0.0224206009059088,0.046085750762845795,0.8874988791254,1.1072718228491132,0.8905400288557525,1.2123987012796833,1.0702827049658197,-1.1518688946656506e-11,6.888012632221763e-11,11.872024360000069
2,1.1486350650641999,1.2079102511781554,-76.28457978401106,3.315028503720335,-16.261486771099406,0.09079741669896334,-0.049427204128448504,-3516.590148551496,-1206.6470346186766,11.872024360000069
