,MAE,RMSE,NSE,alpha,beta,HFV,HFV10,LFV,FDC,r2,training_time_minutes
1,0.05979142633590304,0.15848820939933506,0.8239432424974341,0.9620265523858128,0.9884059180572751,-12.66911973397496,11.971050885844798,2.6908816176691426,,0.37086122320900294,11.872024360000069
2,3.1890564357103166,3.342455769281031,-77.30511278130494,3.1524330086219337,-17.415962414271455,-74.31000578660021,-124.80304864441518,-381.35049704187196,,0.48092753124432985,11.872024360000069
