,MAE,RMSE,NSE,alpha,beta,HFV,HFV10,LFV,FDC,training_length_days,training_time_minutes
1,0.11794112723810005,0.2404462280395971,0.15303086697171053,0.7478028201121381,0.22217250790330417,0.6216515305862169,0.3946259790313172,-0.00023941731104326478,-1.8480690188379204e-17,447,50.395381686666646
2,0.31512435018409124,0.3608953503910295,-0.9080696330380573,0.0963458923622858,2.8945417998190193,0.32708405448798444,0.7392656685787248,9.876047626987257,7.972813154285159,447,50.395381686666646
