,MAE,RMSE,NSE,alpha,beta,HFV,HFV10,LFV,FDC,training_length_days,training_time_minutes
1,0.0022940649592150253,0.029408174284987352,-0.0059548244487313,0.012086970842601972,0.9997701724654943,0.9939692597546316,0.9987806017255091,0.9999026121350522,0.9999145844508751,2334,45.83109565999997
2,0.001998654380794703,0.029387245237514143,-0.004523509169471751,0.006270057343697795,0.9997997677411784,0.9939700751642238,0.9987847064889542,0.999949480802847,0.9999556914880023,2334,45.83109565999997
