,MAE,RMSE,NSE,alpha,beta,HFV,HFV10,LFV,FDC,r2,training_length_days,training_time_minutes
1,0.06787489064591407,0.10609129192874558,-0.3982340875898547,0.02927373363101268,1.0058298372209131,-1.145106297935447,-0.4095250841327107,-0.11088328045968812,-0.6305485892343989,0.030264556405747656,2334,45.83109565999997
2,0.06959087368410968,0.107729233305792,-0.44174199098047806,0.015188463728391801,1.0060488328300647,-1.1446532908924096,-0.4072422674265872,-0.10401403603169451,-0.6205712545408144,0.005854756997461963,2334,45.83109565999997
