,MAE,RMSE,NSE,alpha,beta,HFV,HFV10,LFV,FDC,training_time_minutes
1,0.848046516189607,0.9362446021616019,-0.9400871134578894,0.6098836320143788,0.27904474273882773,0.39416500984808145,0.4365596333611206,0.004963483785725443,0.09612583357389508,55.880645204999986
2,0.7567301796318386,1.0197038778048069,-1.3013926358520993,0.5554242830316232,0.4167410486730165,0.34704223571281045,0.299342344946395,0.13094920540799224,0.5497546229164414,55.880645204999986
