,MAE,RMSE,NSE,alpha,beta,HFV,HFV10,LFV,FDC,training_length_days,training_time_minutes
1,0.6965030884080489,0.8918841315887237,-0.05542156996940428,0.0,0.933951728897083,0.5311760705574068,0.643899829733699,1.2719398133238071,1.053981345462912,468,38.50980892166699
2,4.240792763254197,4.796225030656554,-29.52166309569624,2.495239339222251,-0.3593352410975206,0.5244418671901464,0.5250295992154889,-1.4502663637691848,-1.0418141347646277,468,38.50980892166699
