,MAE,RMSE,NSE,alpha,beta,HFV,HFV10,LFV,FDC,training_time_minutes
1,0.02664144917849366,0.06474589809042514,0.9422485956702513,0.9473268091118469,0.9837389523429051,0.990875566703755,0.9587174185957121,-5.2819716336794744e-11,1.5573171511846131e-06,20.22466676166708
2,0.023269789313589504,0.05647242381122275,0.9560649740758818,1.0088827739007715,0.9994807825350877,1.0826963704762353,1.0042303313623713,-3.7958059724082535e-11,5.0878474436344365e-09,20.22466676166708
