,MAE,RMSE,NSE,alpha,beta,HFV,HFV10,LFV,FDC,r2,training_time_minutes
1,0.06619331892626519,0.13601202021022332,0.987622373580202,0.9435443974320565,0.944516761120393,1.7457836510415705,-5.351319832122447,-7.005966128437703,,0.7866438111850611,20.22466676166708
2,0.053688202612478045,0.11257486633385447,0.9915205893540449,1.002766117791158,1.021093967798793,0.3785321334553328,1.522538761150576,1.4734641285342467,,0.8153049825453076,20.22466676166708
