,MAE,RMSE,NSE,alpha,beta,HFV,HFV10,LFV,FDC,training_time_minutes
1,1.6434727619998828,3.7049879114680766,0.22466407015428846,0.7806772795445351,0.892184326923181,0.7393881979562738,0.900817537781857,0.15629990100888325,0.7915530351438503,18.118587686666675
2,1.5208986754267595,3.405521787191933,0.3449361315304055,0.6248800286191143,0.9352242816219001,0.5745112091120002,0.7671535588326809,0.4864557739161279,1.3038683532727653,18.118587686666675
