,MAE,RMSE,NSE,alpha,beta,HFV,HFV10,LFV,FDC,r2,training_time_minutes
1,17858.382222345852,83312.7334462123,-452499159.04260373,20777.750678966073,7885.5479041708095,1747971.146520619,1489779.533134296,981070.6848539134,323.98899631801714,0.2243876203382239,18.118587686666675
2,1.6870716484597288,3.3056443176655113,0.28762732153979576,0.8227507632653691,1.0175322653519274,-21.982583997387614,-12.974486061516268,-1.9071787575746346,176.6174394870354,0.38555526791994865,18.118587686666675
