,MAE,RMSE,NSE,alpha,beta,HFV,HFV10,LFV,FDC,training_time_minutes
1,4.170655312844793,9.386531686921888,0.4030018449343895,1.037462783569001,1.0273117640718468,0.9737472276819956,1.10126606223886,0.4885632440136053,0.7440430368111172,16.341738101666365
2,4.093591294159631,9.372040299675014,0.4048437719771988,1.025468303905344,1.050001353685538,0.9821903848254799,1.0955205168062423,1.4477520780382611,0.842932001639623,16.341738101666365
