,MAE,RMSE,NSE,alpha,beta,HFV,HFV10,LFV,FDC,r2,training_time_minutes
1,2.9759919542136597,6.5300976465717335,0.585409525646632,1.0048779405654304,0.9379366383589077,-3.6665072490735366,1.3873806952283185,0.716760863449976,230.51111451402326,0.5585019377426224,16.341738101666365
2,2.888615399749899,6.498538579615286,0.5894071601209423,0.9880294877393315,0.9785623934850585,-3.569330261838203,0.6819475878911733,0.055169791627543645,-108.90256630171812,0.5620930509249118,16.341738101666365
