,MAE,RMSE,NSE,alpha,beta,HFV,HFV10,LFV,FDC,training_time_minutes
1,0.014680810433030595,0.03177837177481744,0.9251609609541876,0.9941752691101131,0.8829335145900659,1.0872579768934487,0.9701153821410962,-1.1640753308998565e-11,6.15496597002543e-07,13.9490969416666
2,0.015397058614882891,0.031307829116623456,0.9273608374291444,1.0107951356285887,0.8529483783442466,1.120697914941144,0.9816714036980632,-4.4010899196126216e-05,1.904396179979092e-11,13.9490969416666
