,MAE,RMSE,NSE,alpha,beta,HFV,HFV10,LFV,FDC,r2,training_time_minutes
1,0.025570068570617843,0.048788991422251446,0.94919865590258,1.0034655629068512,0.9463241101841312,-2.7085417441909105,4.439598010529828,-3.6125978553184437,,0.6691263485999432,13.9490969416666
2,0.025296395632362897,0.04504813995752479,0.9566902926179379,1.0129680735346338,0.917918196550622,-1.8650844371306157,5.1689164968145045,-4.38364420481009,,0.7613698756950746,13.9490969416666
