,MAE,RMSE,NSE,alpha,beta,HFV,HFV10,LFV,FDC,training_time_minutes
1,0.7063469043740438,1.4385553030488811,0.32612937230606565,0.9040594421168832,0.8967092281367435,0.862525565444117,0.9688208669577414,-0.593252408663021,0.4593345233466859,17.820757728332925
2,139.57429946585873,142.46724882000808,-6608.269754954685,16.19632959060284,-159.75887100013207,-0.09114345392222435,-18.8518564198985,-1384.150320307351,-484.2711018892338,17.820757728332925
