,MAE,RMSE,NSE,alpha,beta,HFV,HFV10,LFV,FDC,r2,training_time_minutes
1,0.6323358692541564,1.3039431340545407,0.3977615026430332,0.9416411626417512,1.0782811280214046,-13.62523574253674,4.691189369504296,17.86391081089195,,0.458444219729376,17.820757728332925
2,17.136087823047117,17.604445013890935,-108.77308933477967,2.394202127832874,24.38002804507646,154.19433057967387,392.3388657926853,920.2337012537985,-75.76607656440842,0.5682492169614999,17.820757728332925
