,MAE,RMSE,NSE,alpha,beta,HFV,HFV10,LFV,FDC,training_time_minutes
1,1.818274777012678,2.039319858567239,0.11177079330955664,0.7468174427608553,2.0226491896403846,0.8286875180047132,0.9773165116746806,21.297561686232655,9.405448378999438,27.514004591666662
2,1.3213403427072188,1.6130798111122884,0.44426715631577995,0.8905777648602206,1.6232365912466922,0.7716477660396192,0.9720055134768584,8.549895541208805,6.389950967252387,27.514004591666662
