,MAE,RMSE,NSE,alpha,beta,HFV,HFV10,LFV,FDC,r2,training_time_minutes
1,1.249298408803651,1.4504225283067878,0.36103895606496395,0.6686312797334707,1.6280934672254255,-20.929094337540718,-16.984087342897144,-0.19479677496624567,-94.94096863199567,0.24354763246235767,27.514004591666662
2,0.8596496567440702,1.0919396626915945,0.6378549194706239,0.7453947438903886,1.3309470059092547,-24.49770482146131,-18.879777589062673,-4.748757282800883,-67.80858106465563,0.2585529626517604,27.514004591666662
