,MAE,RMSE,NSE,alpha,beta,HFV,HFV10,LFV,FDC,training_time_minutes
1,1.5289178392127758,2.2810341049454865,0.13352764635825398,1.0812585331973121,1.4066696538648447,1.0087543485479664,1.155470367695317,1.2643248201524722,1.891108504542896,21.37544440833329
2,6.770252965699917,7.138327256166999,-7.48562941881236,0.9816136811479786,5.063433264707402,1.2430240013201548,1.7601775485824147,22.856988203858716,10.697039775162786,21.37544440833329
