,MAE,RMSE,NSE,alpha,beta,HFV,HFV10,LFV,FDC,r2,training_time_minutes
1,1.483160412691977,2.3377290142825733,0.25988186027018967,0.9153639593593565,1.3687573348100852,-11.374293871701331,3.5116552382764596,21.484213269921334,-7.836615843821022,0.30081077252020316,21.37544440833329
2,6.86941140753571,7.4100774011961335,-6.436322280275881,1.1385352303561596,4.8279211608893196,19.695083462114447,80.96843124572811,186.13492778478437,-115.39155336387438,0.47397541388602304,21.37544440833329
