,MAE,RMSE,NSE,alpha,beta,HFV,HFV10,LFV,FDC,training_time_minutes
1,0.1733000615188233,0.26410207015005144,-0.04087161938077499,0.9917258749225277,1.0431693493588954,0.7709801284121621,1.1250961375585522,0.482617231169453,1.0211871419186718,21.69047643666672
2,0.13771973028213372,0.23243141172775927,0.193799252804447,0.589123938081558,1.1840694891086445,0.5943112564974118,0.8753586792937615,1.528932146888014,1.3849231699166558,21.69047643666672
