,MAE,RMSE,NSE,alpha,beta,HFV,HFV10,LFV,FDC,r2,training_time_minutes
1,0.15660850824396527,0.20561686544505767,-0.23904161019258852,1.2141072213807556,1.0144609538690907,-9.01568272137848,18.31700050194075,25.13584296034032,66.13354043641637,0.09018844045711472,21.69047643666672
2,0.1174948960451586,0.17599948198427934,0.09219786024409238,0.6560355402022449,1.1740836471546918,-36.19198883900335,-8.94028064317205,6.643024130783993,0.7699344611225115,0.11992307212922482,21.69047643666672
