,MAE,RMSE,NSE,alpha,beta,HFV,HFV10,LFV,FDC,training_time_minutes
1,1.1102169501011563,2.5584707250888408,0.21649831290007915,0.8336802721731087,1.3018720067332636,0.8148682412928006,0.9984297439407357,3.013876572576756,2.341069652472335,14.444095803333523
2,,,,,,,,,,14.444095803333523
