,MAE,RMSE,NSE,alpha,beta,HFV,HFV10,LFV,FDC,training_time_minutes
1,875.4229942795127,1200.5897751032123,-80.66041953883206,6.14795215309761,5.222110084850519,5.531088419261233,6.236937554158082,3.758935750921617,4.219894946442009,147.04510007333337
2,1391.6969337850442,3080.0169010005866,-536.4381918613356,20.701125136068047,7.7179761779027345,22.90021540747245,15.737534209447563,2.5790136783242175,2.7846492143762935,147.04510007333337
