,MAE,RMSE,NSE,alpha,beta,HFV,HFV10,LFV,FDC,training_time_minutes
1,0.025541663882031666,0.05140093542554905,0.8395956290164854,0.8794439748075435,0.6386943988580839,1.0493775871164412,0.8301750044802243,-0.000983900482101475,-1.224240110119671e-15,9.82861467999998
2,0.20044509561508395,0.20581035924610466,-1.5716307772312659,0.887217663591307,-2.069829589611133,0.516855546854073,0.3753254096633114,-1273.1013330947985,-301.8631006555682,9.82861467999998
