,MAE,RMSE,NSE,alpha,beta,HFV,HFV10,LFV,FDC,r2,training_time_minutes
1,0.05118206132468531,0.08423330702984036,0.9012259724253753,1.017209668013419,0.7890577716502033,0.8553643160497831,6.649315387765498,-14.175035044159571,,0.737372613110771,9.82861467999998
2,0.5270765156216338,0.5409384727940436,-3.0735288900422164,1.1036779685766533,-2.4521904411953193,-39.09046292034542,-56.54320364997475,-105.53142512016304,,0.7784368605465823,9.82861467999998
