,MAE,RMSE,NSE,alpha,beta,HFV,HFV10,LFV,FDC,training_time_minutes
1,1.614832179730075,3.347972638807614,0.018195259376937334,0.7025967675504596,1.7577891472547298,0.8364208667168217,1.024768567552343,14.585199746771455,6.078826720900051,18.08743285833334
2,34.60944653923619,35.147134025765546,-107.20346279244924,1.7408210413918674,29.91407347660893,2.5806260918861725,5.682340596781262,778.2321123076304,163.53916917530802,18.08743285833334
