,MAE,RMSE,NSE,alpha,beta,HFV,HFV10,LFV,FDC,r2,training_time_minutes
1,1.4913712252361482,2.623432517002541,-0.06293410859468263,0.8222651365446259,2.0522459664094757,-17.73495534210639,14.362358658694562,51.051083106503775,-55.155839061438826,0.2114631073270402,18.08743285833334
2,34.78013841236038,35.296322146574205,-191.4090334654081,2.2815698230935646,37.92019436622808,213.54623889276144,567.9340943826014,1331.3641032010985,-90.56073286493927,0.30333723470404794,18.08743285833334
