,MAE,RMSE,NSE,alpha,beta,HFV,HFV10,LFV,FDC,training_length_days,training_time_minutes
1,0.5719219279870548,0.8109454569721022,-0.6046660480995594,0.5382402404950855,0.49124883591574114,0.8473528805716987,0.5502516046606618,0.6638262457714164,0.6012367491168201,423,25.847082690000025
2,2.403537142166552,2.740560494674024,-17.32652651667255,2.942436461961671,3.2977203966686957,1.845544401375913,2.1759356088569572,3.3105887362113084,5.1004936786626995,423,25.847082690000025
