,MAE,RMSE,NSE,alpha,beta,HFV,HFV10,LFV,FDC,training_time_minutes
1,0.14075499173303402,0.15995662265723049,0.4820639344801525,1.1363796794648517,0.49887918000125786,1.122554091548188,1.0277997374124512,1.1169241262693808e-08,0.0011326978999012857,15.032219169999978
2,0.15123038946061848,0.17573134346956742,0.3748702605301584,1.255594446714382,0.5049558111583557,1.3471866649549047,1.1182686933458688,1.6599091631982617e-13,2.3996201659752928e-05,15.032219169999978
