,MAE,RMSE,NSE,alpha,beta,HFV,HFV10,LFV,FDC,r2,training_time_minutes
1,0.23558246444948683,0.33277030133052254,0.6347123515420712,1.0378260290047212,0.7045432326532166,-15.806271879896824,8.014087329503841,-3.1146529240188356,637.2085651775205,0.26764456331376163,15.032219169999978
2,0.25637491238617954,0.33410162218809075,0.6317836775065453,1.1820455686241254,0.713141608130667,1.8972083944090217,22.936860023041486,1.5365325766522568,1050.4239892796804,0.3835209849919986,15.032219169999978
