,MAE,RMSE,NSE,alpha,beta,HFV,HFV10,LFV,FDC,training_time_minutes
1,1.0692956360258208,2.143280062693509,0.2964083169943589,0.5620112270488956,0.8739943168116726,0.5715712602342706,0.6712772102564432,1.3022647842406099,1.0302213651958307,17.87864299166734
2,1144.0198176648198,1149.0432233061647,-202224.34290141644,41.993884507823545,519.3796957661556,80.21103283418279,157.37850355808362,1800.9642571229163,772.3915529670954,17.87864299166734
