,MAE,RMSE,NSE,alpha,beta,HFV,HFV10,LFV,FDC,r2,training_time_minutes
1,0.7958177954367027,1.3789606893137378,0.4190945637045683,0.5790648019608414,0.9587166932006269,-39.57930129165039,-27.090764616222767,-15.51995929502739,-55.79211218146458,0.25295416016211747,17.87864299166734
2,1.1805416554717372,1.7066157048995558,0.11023945236638177,0.6076196049418876,1.339280792477891,-37.533683510705906,-14.0245136875246,7.896577336601329,-106.28109768645689,0.4110926900127827,17.87864299166734
