,MAE,RMSE,NSE,alpha,beta,HFV,HFV10,LFV,FDC,training_length_days,training_time_minutes
1,0.29828725924660676,0.3409725321220555,-0.19047911918120564,0.8986821663155332,0.7126818494954267,0.8673718576877274,0.8233899333554205,0.6948855354237455,0.6367697542615066,450,57.81124124166672
2,0.24068307091921576,0.294529465882839,0.11173920839296914,0.7204822258386676,0.7714095018052383,0.7619635165778458,0.7760028750119786,0.7964536369167438,0.7326098405442998,450,57.81124124166672
