,MAE,RMSE,NSE,alpha,beta,HFV,HFV10,LFV,FDC,r2,training_length_days,training_time_minutes
1,0.2560004146224416,0.3103687226429463,0.2847181174088915,0.7487384590508862,1.3093337430131369,9.535388761390315,2.518579042164315,-0.014976117290714202,-58.83113755118949,0.26979047815613677,450,57.81124124166672
2,0.2791031253852154,0.3318922460686498,0.1820711260273643,0.6825470193515975,1.436314480642367,3.6677239065569136,1.3387849615976293,5.356644446057174,-63.535561919031935,0.3490229305301952,450,57.81124124166672
