,MAE,RMSE,NSE,alpha,beta,HFV,HFV10,LFV,FDC,training_time_minutes
1,1.431017981130451,2.149547355201118,0.06025573653743699,1.0180236436973562,1.3659537883406339,0.9337565045122299,1.1014548420638295,1.2138894242331102,1.8023800911738448,29.095607168333178
2,1.9531024286972583,2.4667363132026208,-0.2375452946792982,0.8735158036222528,1.868454199062811,0.7864315656417404,1.074803391002189,3.60539207116376,3.0617889445529167,29.095607168333178
