,MAE,RMSE,NSE,alpha,beta,HFV,HFV10,LFV,FDC,r2,training_time_minutes
1,1.3956457022217794,2.0325115198518535,0.29335745857880247,0.946843139214887,1.2433263153617649,-6.583696437384108,-1.0829893855326165,12.22804416937913,-5.183398587954003,0.32337694631513436,29.095607168333178
2,1.9110595949364317,2.436149853223186,-0.015176945207605597,0.8329814619607249,1.700360291529963,-21.50386901837031,-2.1959504630471933,27.507994964457236,-77.0893442601688,0.4686951754329759,29.095607168333178
