,MAE,RMSE,NSE,alpha,beta,HFV,HFV10,LFV,FDC,training_time_minutes
1,1.1654936693458187,2.329791285123509,-0.21476029699418286,0.9727328571658439,1.0409329201969726,0.9149185972034355,1.0443285065686698,0.5195551360133126,1.0120124214656216,23.48728443500004
2,1.401140013902426,2.111834063079108,0.0018952153538593919,0.6880785051292442,1.6115281209844672,0.6995019768134322,0.887573341891053,6.568705916265672,2.961335163459598,23.48728443500004
