,MAE,RMSE,NSE,alpha,beta,HFV,HFV10,LFV,FDC,r2,training_time_minutes
1,1.0717736553380437,2.295465383437454,-0.35678564083596354,1.0073940806710178,1.2382966576346917,9.901006690485595,31.102819753096465,30.742784647342024,21.34957439814709,0.2822062647665662,23.48728443500004
2,1.3179750484867998,2.0982044030109663,-0.13361434040663966,0.7164853912701351,1.9021965402954628,-15.897929554948153,8.429340064514447,39.410636401101065,-65.99549339753177,0.4368253715540632,23.48728443500004
