,MAE,RMSE,NSE,alpha,beta,HFV,HFV10,LFV,FDC,training_time_minutes
1,144.57240634873057,147.2070496023357,-542.7446446769466,4.38677932700916,84.68077571265937,5.156483430702633,14.037463140652365,9646.973878673538,613.1517929756451,14.82166977166659
2,128.82538737139765,131.37242492524356,-432.05814223139964,4.061149182176328,75.5528273730223,4.670426967134427,12.663520704978037,8452.492328844124,550.1222617772917,14.82166977166659
