,MAE,RMSE,NSE,alpha,beta,HFV,HFV10,LFV,FDC,training_time_minutes
1,0.38637744793369866,0.4528264576243407,0.7679398016635148,1.171369604337146,0.7754850752835517,0.9370390387609235,1.0223143838292867,0.4155710760892792,0.4428765746422195,23.057256696666688
2,0.6593552406960499,0.7533070043318101,0.3577840570266273,0.6930841382659447,1.336071358077366,0.8260455710261209,0.8421987370850151,2.719315688050711,1.4049991311339773,23.057256696666688
