,MAE,RMSE,NSE,alpha,beta,HFV,HFV10,LFV,FDC,r2,training_time_minutes
1,0.43900462389744105,0.5007740644084708,0.9191666406665202,1.1297933382384113,0.9077919191172162,-0.15614772773883945,2.7817124761120886,1.2746774995728896,-2387.4351187504785,0.2427610524791799,23.057256696666688
2,0.48898595979086795,0.5694253697164531,0.8954845255642789,0.8783570690741004,1.123129791028669,4.489932156844801,0.2914420253637898,-2.698080301188082,1166.777717003633,0.3227418459042155,23.057256696666688
