,MAE,RMSE,NSE,alpha,beta,HFV,HFV10,LFV,FDC,training_time_minutes
1,0.3576711456899616,0.46316204963615853,0.2668267544355044,0.7243203622166693,0.4219850129230604,0.6362550205623091,0.630063617564118,0.0033460041179131793,0.1328327324388646,15.748606645000049
2,0.3194281806058821,0.49442460817141687,0.16451081914752064,0.4622622536924556,0.48113502553620197,0.4733690607703071,0.4208632882201313,0.33018529354293474,0.515705359455075,15.748606645000049
