,MAE,RMSE,NSE,alpha,beta,HFV,HFV10,LFV,FDC,r2,training_time_minutes
1,0.313964900850349,0.36472664617790346,0.6702328901223995,1.276240614108526,0.8867911142518269,20.17429914433833,8.338856086162105,7.133049196751179,299.1625050382558,0.41208519338640026,15.748606645000049
2,0.2714289209270564,0.37846241360073524,0.6449268269198158,0.818571174394685,1.0029405968601308,-19.839659713275058,-24.715052537277895,-13.311055284137014,19.81683634898546,0.7218616309465821,15.748606645000049
