,MAE,RMSE,NSE,alpha,beta,HFV,HFV10,LFV,FDC
1,0.04217609317823952,0.08960452400756769,0.6029416487001669,0.6955593975422572,0.7176244512198857,0.6812120369689546,0.723087160063711,-0.0142582402415177,2.013603018648873
2,0.17288215121998615,0.3070814441744651,-3.663388629247927,0.9533463874316587,-1.3257443432402374,-0.005973881020844127,-0.014175665598444048,-542.1607860124768,-35.77150252191732
