,MAE,RMSE,NSE,alpha,beta,HFV,HFV10,LFV,FDC,training_time_minutes
1,1.8561809555259634,6.950428087749164,0.2953190471831635,0.3293152372334896,0.597068011850119,0.30103318351194513,0.46892583580728214,-inf,inf,136.10274509500013
2,11.070706919029135,14.854750828326406,-2.218845762657819,1.4108826643408932,-1.969748255975525,0.40368119412795384,1.0604943618851819,-inf,-inf,136.10274509500013
