,MAE,RMSE,NSE,alpha,beta,HFV,HFV10,LFV,FDC,training_time_minutes
1,153.22890950580043,177.0962183697753,-785.9666910045854,14.056237376627486,89.61584965051804,9.507326306666927,26.06436561054166,3791.775620453788,576.7723812342671,13.111278558333348
2,7.691890793189239,10.064894945198219,-1.5418871646092538,0.9603966328743364,4.9671338800606115,0.8123062246123728,1.7431900127764173,151.75364286208995,29.788207695043116,13.111278558333348
