,MAE,RMSE,NSE,alpha,beta,HFV,HFV10,LFV,FDC,r2,training_time_minutes
1,131.26318062158268,153.44310254994278,-616.8443576006753,12.89505388888384,89.40767745181525,829.5853075179247,2465.139739237366,5138.754375997358,-68.59660836295156,0.340252227605088,13.111278558333348
2,9.935746895894964,11.871604705176823,-2.698309022992879,1.0066500343553575,7.3732904216723965,4.102507774262268,124.86847648972253,311.88410774227435,-78.28308909809985,0.34097818469512076,13.111278558333348
