,MAE,RMSE,NSE,alpha,beta,HFV,HFV10,LFV,FDC,training_time_minutes
1,0.026380727156340614,0.05198460414441471,0.8685713975759837,0.7826087105103575,0.6600175549217256,0.8360242360043662,0.7731095146165137,-0.001254910412850639,-1.0347544697098888e-15,12.166583461667566
2,0.02519278033923863,0.04889404225175256,0.8837341170036428,0.7998741814705284,0.6843071211930692,0.809215838665121,0.8019566077296252,-0.009374863127207875,-1.1987485499360473e-15,12.166583461667566
