,MAE,RMSE,NSE,alpha,beta,HFV,HFV10,LFV,FDC,r2,training_time_minutes
1,0.04729934552001094,0.1001269142666802,0.9094997672162318,1.012846434800027,0.8470743993498089,5.267437937000998,2.803565949602159,-9.891312658676659,,0.6452009805433917,12.166583461667566
2,0.04093444005687418,0.09774567864781089,0.9137531654546799,1.0542182143738432,0.9048899052330615,7.140219328297441,7.2361659882576665,-3.17793769338509,,0.6915148646505789,12.166583461667566
