,MAE,RMSE,NSE,alpha,beta,HFV,HFV10,LFV,FDC,training_time_minutes
1,5631884.744138224,6337518.359504969,-6424300000913.996,1162303.5496537792,7072479.2445736965,595539.6157652704,1647207.8559310671,66891638.696967356,30209093.795343954,14.72350916833287
2,1.662564733052204,2.6856843458898627,-0.1537116763002795,0.5650872351576461,2.640559846850906,0.6616997933528869,1.1777423232594997,29.13455825426463,6.948143475924847,14.72350916833287
