,MAE,RMSE,NSE,alpha,beta,HFV,HFV10,LFV,FDC,r2,training_time_minutes
1,5446021.825462324,6223779.991558139,-19278842293498.34,2125398.100542897,8039529.0964629175,91015216.79217891,214319949.96234104,425444827.7385785,0.2710930025276794,0.2952092118919383,14.72350916833287
2,1.455407809218098,1.8814546552623481,-0.7618137629938706,0.8090209528867419,2.7863337897189377,-26.61560847799952,25.83050215920487,86.61266243951083,-54.923151440735566,0.31231042184737334,14.72350916833287
