,MAE,RMSE,NSE,alpha,beta,HFV,HFV10,LFV,FDC,training_time_minutes
1,0.028179696611128503,0.05428908826693094,0.8168577185546295,0.7839755819057029,0.5591966746350837,0.9092692341916755,0.7384903428757479,-6.7781107578469105e-12,-1.4357657718723255e-15,17.31522355666675
2,0.022263585736801837,0.04735923326931498,0.860628861080975,0.768482422030024,0.6772610639791155,0.8415759652115391,0.7759229345520559,1.0646927997147747e-09,0.00429119823558948,17.31522355666675
