,MAE,RMSE,NSE,alpha,beta,HFV,HFV10,LFV,FDC,r2,training_time_minutes
1,0.055767227203173654,0.09681003142643209,0.8091570087036701,1.1002559512013952,0.739677874832027,23.674465564915707,7.872944483072978,-17.850005784620297,,0.7658375754221284,17.31522355666675
2,0.046092936992709686,0.08492133527187491,0.8531516330029488,1.0590876503309539,0.8958771746444198,15.664169096864365,5.9200499891479454,-7.1883408148968195,165.69714345387538,0.87563061187125,17.31522355666675
