,MAE,RMSE,NSE,alpha,beta,HFV,HFV10,LFV,FDC
1,6.313415599809048e+33,4.0710219933484894e+34,-8.501233998951153e+67,9.108664078424819e+33,4.9572188303770095e+33,1.0007207955103254e+34,5.973709742452446e+33,1248034513499.105,1.4732362887124745e+20
2,3.125145001556842,4.524334309547484,-0.04998827479712453,0.5857145091621948,2.812080249105987,0.6024059428654857,0.9294886046484636,292.87051873086676,46.1702868331371
