,MAE,RMSE,NSE,alpha,beta,HFV,HFV10,LFV,FDC,training_time_minutes
1,0.3227512851517424,0.5194344604722206,0.07784868268335865,0.3662019592789828,0.4742111678663468,0.34786325548806646,0.3590488088732612,0.4783899681373261,0.6027427982592343,51.13602757666668
2,0.33092847235658746,0.46941416117782014,0.24689930459606768,0.5454128166795742,0.46644654272222746,0.4735200229778689,0.4672350498284589,0.11309640952330687,0.43520746682340944,51.13602757666668
