,MAE,RMSE,NSE,alpha,beta,HFV,HFV10,LFV,FDC,r2,training_time_minutes
1,0.1821641851236318,0.2588194963320161,0.8339395053495713,0.964862246120803,0.9563844335682182,-5.373286485339658,-9.938085789748866,-5.139806671220413,37.252503398579115,0.5921973754201832,51.13602757666668
2,0.2718041004660343,0.35677223196260693,0.6844599845650939,0.9519659483468541,0.9342454048837422,-20.11592578454357,-25.72061938913679,-10.617243452327314,97.46478440392312,0.8207200352400604,51.13602757666668
