,MAE,RMSE,NSE,alpha,beta,HFV,HFV10,LFV,FDC,training_time_minutes
1,0.4486596549981215,0.624050504379515,0.08343429479312825,0.6339769454602807,-0.37687339432682865,0.41696148025550067,0.4537521859331957,-14.076782741155899,-3.189534101929186,6.587236353332992
2,0.19407413771965357,0.3794181519328594,0.661186789773957,0.6058459267140147,0.9120963291775782,0.5407813026743679,0.669761822063868,0.13896838078053111,2.0339318047822017,6.587236353332992
