,MAE,RMSE,NSE,alpha,beta,HFV,HFV10,LFV,FDC,r2,training_time_minutes
1,0.3159526399563432,0.4468588461603824,0.3467879059548362,0.8140050655431865,-0.07663638878906778,-52.372963588476274,-20.887644088424636,-25.811762589358715,,0.27370350277258204,6.587236353332992
2,0.18757449249623925,0.32720551471538306,0.6497688850419068,0.8005735865481715,1.4574625987951604,-36.51868661989682,5.925179739685863,26.128810422050783,-8.586513700327867,0.28682128948728325,6.587236353332992
