,MAE,RMSE,NSE,alpha,beta,HFV,HFV10,LFV,FDC,training_time_minutes
1,0.24414131121349597,0.4102574740383889,0.44737440944730944,0.9279596680452215,1.052634332804491,0.834111700376775,0.904840014317067,0.3091058597905305,1.0609537979870647,9.18938311500048
2,0.22082822558306742,0.389061911346874,0.5030011079399686,0.8062902464767666,0.9490994177844259,0.7903701026573811,0.7838330478117859,0.44456409819631115,1.1721036025865819,9.18938311500048
