,MAE,RMSE,NSE,alpha,beta,HFV,HFV10,LFV,FDC
1,0.008236431600938194,0.010909266796100901,0.15320957794148315,0.40588658157247537,0.4788600624340278,0.4516321898906697,0.4789769382110715,1.4347545190819482,0.3912475823304555
2,0.006365943576974531,0.008395631294600532,0.49847622404731096,0.5915659859305253,0.5959554821903884,0.6399758570091505,0.6650805194532292,1.3498771624953816,0.43501656731071076
