,MAE,RMSE,NSE,alpha,beta,HFV,HFV10,LFV,FDC,training_time_minutes
1,0.5029959553071456,0.9663206095221268,0.48731801962743726,0.6141186293973593,0.397329152415506,0.45995980127442726,0.5736333903123793,-4.257842771194714,-0.5346866799546675,11.450423260000026
2,0.6315982086234204,1.1404742693955112,0.28587119385585646,0.57699119594429,0.0995380245447123,0.4303223770386618,0.4753287786649169,-8.185842556723964,-0.8291700915391371,11.450423260000026
