,MAE,RMSE,NSE,alpha,beta,HFV,HFV10,LFV,FDC,r2,training_time_minutes
1,0.42944252360437607,0.7582639297494144,0.3811708582303135,0.7395406480337734,0.24227398787069881,-42.69253208134243,-29.9867274982949,-31.72485547819472,,0.28333026576873765,11.450423260000026
2,0.4996628056152907,0.8950269721697527,0.1378115333226977,0.7791608454273343,0.04389571449272909,-39.955090133595135,-37.22301252903246,-40.72308607154293,,0.28869381547789796,11.450423260000026
