,MAE,RMSE,NSE,alpha,beta,HFV,HFV10,LFV,FDC,training_time_minutes
1,1.2906108860338654,3.676213083871626,0.03868227005237623,0.7185286754036535,0.975619246170267,0.7857411294465071,0.9201010117003786,0.9294100734875764,0.9674549226541442,21.69878517499989
2,1.26385968653468,3.3020023512437136,0.22443115345115272,0.49226582896319876,1.1710111137571226,0.5384054269170387,0.7131193356601715,2.4222904736489705,1.6567105300972846,21.69878517499989
