,MAE,RMSE,NSE,alpha,beta,HFV,HFV10,LFV,FDC,r2,training_time_minutes
1,1.1407362938792076,3.4729911650515937,-0.3549288235590118,1.0986971168199797,1.1613709457265309,38.035054444126665,28.601361040318434,23.33689262323531,12.749888114662614,0.4547912227577823,21.69878517499989
2,1.0846255884556566,2.774442691323145,0.1353095915028124,0.6948832703501607,1.3834438833577614,-19.597668987311465,-3.619239701248661,13.052690018405052,-71.36235771140849,0.7635020042593621,21.69878517499989
