,MAE,RMSE,NSE,alpha,beta,HFV,HFV10,LFV,FDC,training_time_minutes
1,0.06232334540669793,0.128737700355257,0.03141490349228737,0.3313571988950175,0.06451310735051798,0.43011880672183944,0.227845009673249,-21.07873150840302,3.242302175340628e-15,13.623630861666607
2,0.05770742149994549,0.11902477066391816,0.17205593953425236,0.4589423191685076,0.1338209052309894,0.6036822925396523,0.33014208970779446,-18.728092297684515,3.3725935624708465e-15,13.623630861666607
