,MAE,RMSE,NSE,alpha,beta,HFV,HFV10,LFV,FDC,r2,training_time_minutes
1,0.1401603961102869,0.2773873984443704,0.7625435110867965,1.0364311780031845,0.6560071129545304,1.2928768788524134,12.450730397178173,-21.357596273019386,,0.1500128146249161,13.623630861666607
2,0.13777014710109417,0.2696053158711479,0.7756802619456769,1.0366846761285204,0.639875287194955,1.5385256188203098,10.75077305690352,-22.94031626487671,,0.18741078160898805,13.623630861666607
