,MAE,RMSE,NSE,alpha,beta,HFV,HFV10,LFV,FDC,training_time_minutes
1,0.8606465781097844,1.3105670204258328,0.7416941499748368,0.6442897917020117,0.9489322270086173,0.6326211692213478,0.6686555205330198,1.3340087294860972,2.0423061656204062,8.148887680000431
2,37701.99222972253,43611.7855285731,-286037850.54079187,8501.25245499572,22774.51327377011,4420.770038863341,6456.957609024766,45548.428582011526,121613.34276623646,8.148887680000431
