,MAE,RMSE,NSE,alpha,beta,HFV,HFV10,LFV,FDC,r2,training_time_minutes
1,0.7941170843145672,1.071670875353375,0.7454806915613594,0.7336355749546825,1.1166290783816208,-21.934899852282925,-23.970876983817746,-8.79434653450149,-14.17643539124311,0.506610292756337,8.148887680000431
2,33948.58772238027,41240.217776349455,-376911837.30275536,11022.856795914578,25060.599650513974,518153.944502152,778112.2033368493,1475620.4242087586,217.22102327220153,0.5233786005895944,8.148887680000431
