,MAE,RMSE,NSE,alpha,beta,HFV,HFV10,LFV,FDC,training_time_minutes
1,0.04421935827010147,0.09058842319532542,0.7411315000877907,1.262117319743213,0.9617805737586811,1.3648785133539598,1.2518371513162554,-1.5698280039240797e-06,2.5003927295726964e-05,17.119294858332918
2,0.05191322092553356,0.08710167225537627,0.7606757025893498,0.8638147835731459,0.5218116612837612,1.0038288075425303,0.8095118235799632,-0.12380032006721832,1.1602327709652885e-06,17.119294858332918
