,MAE,RMSE,NSE,alpha,beta,HFV,HFV10,LFV,FDC,r2,training_time_minutes
1,0.08526936986943771,0.18019757829864316,0.9163215217342505,0.999302710807275,1.0682516143405443,-10.563760560753376,9.46793716915622,11.5390926768762,513.811012902626,0.7025859838305331,17.119294858332918
2,0.09687398118994266,0.14814082965744751,0.9434457276942539,1.0075170711917176,0.8345838047592639,-1.8905936174115836,3.1955591645663333,-6.564879368849249,489.8158663334239,0.8147015282309336,17.119294858332918
