,MAE,RMSE,NSE,alpha,beta,HFV,HFV10,LFV,FDC,training_time_minutes
1,0.29577699948624864,0.476555823742657,-1.8503635131444658,0.36261597318279365,-0.19025627268753417,1.860772455395503e-05,4.3844424088642874e-06,-3.5400587281878226,-1.3624030684822421e-11,16.555039299999997
2,0.12212702288007962,0.1647945174701733,0.6591539967168872,1.0479837881326912,0.6673877704588186,1.0347975065490371,0.9873385469939289,3.770701751536603e-06,0.01285713218648269,16.555039299999997
