,MAE,RMSE,NSE,alpha,beta,HFV,HFV10,LFV,FDC,r2,training_time_minutes
1,0.613719894519851,1.0658383228839143,-2.330719378890776,0.5276420863249283,-0.29388145351751765,-99.99927254204843,-99.99970483589442,-99.99984411156537,,0.39793400953102054,16.555039299999997
2,0.11950252691391172,0.14588946043381482,0.9375973235467934,1.0399759603843972,0.8594727577439416,-5.209562015501971,-1.7796118863335915,1.3636992374561685,378.92415312445,0.6947956946822872,16.555039299999997
