,MAE,RMSE,NSE,alpha,beta,HFV,HFV10,LFV,FDC
1,1.4886332930056898e+25,8.347829737437566e+25,-6.528238214685863e+50,2.514088240317399e+25,7.259841449827528e+24,2.7589668999299875e+25,1.49795738644875e+25,42572434.23706083,151173367994344.53
2,3.231557493809321,3.8335121306498636,-0.37671014235309874,0.7338019574433766,2.262509608419384,0.8062840518548409,1.0510798875848142,8.23426938139358,4.747293405345846
