,MAE,RMSE,NSE,alpha,beta,HFV,HFV10,LFV,FDC,training_time_minutes
1,0.06673210953483596,0.13966233943077136,-0.0334656480424389,0.44051866460752087,1.1288053614589877,0.3607570098816512,0.6778667072083643,1.285613031283435,1.542578373646517,21.424043853333327
2,0.07132602630207233,0.13704397981107477,0.0049214951370256665,0.28970187236469996,1.3834164195691316,0.3273187327003313,0.6039683583129729,3.0171072210517096,2.264091133828182,21.424043853333327
