,MAE,RMSE,NSE,alpha,beta,HFV,HFV10,LFV,FDC,r2,training_time_minutes
1,0.04763102824718672,0.06621686395425704,-0.36025823925767386,0.8239130860081405,1.4117000371145993,-35.225930400244174,-6.639784554168168,24.931905906903598,2.577466935716147,0.09664283744927882,21.424043853333327
2,0.05701937325353181,0.07000706530489047,-0.5204351203331252,0.4716773005238837,1.7549352284678914,-41.461439345659414,-17.659434646238275,14.876449011908582,-18.658944546842843,0.1578680727062589,21.424043853333327
