,MAE,RMSE,NSE,alpha,beta,HFV,HFV10,LFV,FDC
1,0.018142001078457093,0.039178701039128856,0.9234354365334627,0.924415383434907,0.82894189942116,1.0298383134230595,0.9287316907538061,-0.040912962564680126,0.057519408165179406
2,0.02060848760748057,0.04434542177315785,0.9019098667416219,0.8656096914916706,0.7669376758119134,0.9749291737017726,0.8719496217971312,3.9079271405362905e-06,0.07197934903147808
