,MAE,RMSE,NSE,alpha,beta,HFV,HFV10,LFV,FDC,training_time_minutes
1,30098.82192233071,32197.907360890826,-15685611643.73223,44480.62926626888,-134681.92438200102,-0.03090607314771068,-0.4251670563827897,-251038147.3857268,-190506.17882563244,17.239099980000173
2,0.21668325008116004,0.3220399638384049,-0.5691544892460418,0.47966375048345233,0.09001670560132953,0.44298320841609656,0.3618434735625059,-332.6337831723562,-1.2479262379044008e-09,17.239099980000173
