,MAE,RMSE,NSE,alpha,beta,HFV,HFV10,LFV,FDC,r2,training_time_minutes
1,0.22561071780149233,0.3336044112957463,0.7902069552839879,1.0388884360643909,0.914904517443201,1.6512444172677503,5.207521259604206,-3.796347441449986,-59.53898401657542,0.719813331847349,17.239099980000173
2,2.628702057614636,2.7835893351983736,-13.606220218924662,1.0870684184701265,6.086401172862283,4.50383347261341,68.65765050819553,187.26227475247666,-82.04906216431357,0.7988411666154734,17.239099980000173
