,MAE,RMSE,NSE,alpha,beta,HFV,HFV10,LFV,FDC,training_time_minutes
1,1.1278011060451505,1.8382524388096342,0.3157741613626289,0.9044758542429212,1.0496793657014367,0.8568077356904095,0.9919214597514058,0.7174807756375686,1.151722924434384,10.65586960666648
2,1.1060983432554585,1.7892610893012495,0.35175883865102053,0.8389295557533971,1.0551639075683668,0.7883762945407812,0.9453799379322022,0.948148859405196,1.259604545889646,10.65586960666648
