,MAE,RMSE,NSE,alpha,beta,HFV,HFV10,LFV,FDC,r2,training_time_minutes
1,1.1508422323581182,1.822114647536415,0.36073470296712107,0.9830474089851353,1.0252052873525594,-1.1798096578495811,-2.9911182738210464,0.7584188211178702,29.962813257368847,0.32869817391355005,10.65586960666648
2,1.0746784617970384,1.6569607947699383,0.47136709085660067,0.7845548703400151,0.9928293380012969,-25.231400792642336,-17.437994533126957,-8.623308905367724,-2.3305550636494843,0.47263967216446834,10.65586960666648
