,MAE,RMSE,NSE,alpha,beta,HFV,HFV10,LFV,FDC,training_time_minutes
1,1.85052035927905,2.5473179721940036,0.08446867978829198,0.6863093579481412,1.921567814195686,0.6322358683806498,0.9432440770789708,4.846320634690667,4.427409293981311,626.5864496983335
2,8.649259339813218,9.070987881240761,-10.609568012191975,1.058259787609747,6.912299810542184,1.1551372488005087,2.0123377416384463,30.990053738727692,19.63365927786994,626.5864496983335
