,MAE,RMSE,NSE,alpha,beta,HFV,HFV10,LFV,FDC,r2,training_time_minutes
1,1.9475180950131201,2.8262738838594856,-0.044404301165172466,0.746239639063082,2.4660541419342232,-25.415761354597976,21.889317699707767,75.25971683533068,-45.02087633400927,0.22032902520944087,626.5864496983335
2,8.422272062529839,8.999992826412386,-9.590695642639984,1.2973193626801518,8.590687034935002,23.940177811571576,144.0639427843138,344.1770092472984,-84.39143505054443,0.34587648230943757,626.5864496983335
