,MAE,RMSE,NSE,alpha,beta,HFV,HFV10,LFV,FDC,training_time_minutes
1,0.19504894869165174,0.21480658401308542,-0.6832434556955487,0.5762185738445944,2.4932993817843463,0.9769695470527039,1.0103667907387335,22.739445883751966,5.924538963603655,187.23578194333336
2,0.054032649621595756,0.08520310905806357,0.7351727675238166,0.7821406485219298,0.6141450963901388,0.7010311439380685,0.7560329668636382,0.0017750010703244039,0.12766078693659572,187.23578194333336
