,MAE,RMSE,NSE,alpha,beta,HFV,HFV10,LFV,FDC,r2,training_time_minutes
1,0.1523138963016487,0.17835390854522915,0.6653357365793523,0.7665419140701139,1.3966279849001355,0.453312744854831,2.4498385440900567,-6.390046974421142,-68.61532542219176,0.6531144857991595,187.23578194333336
2,0.06769438165368395,0.09477199135763537,0.9055060313224763,1.001020028734837,0.8397470744963812,-3.797872300816775,-1.952461127065531,-7.324900764356838,91.63292797260716,0.7423869898894295,187.23578194333336
