,MAE,RMSE,NSE,alpha,beta,HFV,HFV10,LFV,FDC,training_time_minutes
1,0.15134774211302485,0.37992432194164183,0.36513977471260073,0.570547179943526,0.19618777794588924,0.5481649936253389,0.5136865706251786,-24.469817500962602,-1.1698557756512786,13.82501118
2,0.12481478517763156,0.3700764870210412,0.3976250399090253,0.5919517921360754,0.701038515786813,0.5525101033196065,0.6488935896543391,-6.821092260233787,0.7552534752827359,13.82501118
