,MAE,RMSE,NSE,alpha,beta,HFV,HFV10,LFV,FDC,r2,training_time_minutes
1,0.10241895828750171,0.19287429422630442,0.42597879771944525,1.0650992089203568,0.1905704390706237,16.832920666409635,1.1181541564880138,-26.12182929930256,,0.621455470368053,13.82501118
2,0.08306129040944359,0.18058691128277207,0.496787090336856,1.0132826683091019,1.0365955136481255,8.90611249446168,26.60131847893521,27.116553614359677,,0.7125791594536965,13.82501118
