,MAE,RMSE,NSE,alpha,beta,HFV,HFV10,LFV,FDC,training_time_minutes
1,0.1753447201859375,0.24932487946185153,0.2160985477054107,0.8550222212777039,0.38787950141472693,0.8214285986647826,0.7200472680145286,-5.651312706139744e-14,1.42520402423619e-08,19.529461756666812
2,0.14048014054511926,0.20275413787582425,0.48159439801496073,0.9129805342966733,0.5125146015903733,0.7720907543482436,0.7686526042966987,1.637936621534331e-13,3.382652368458602e-05,19.529461756666812
