,MAE,RMSE,NSE,alpha,beta,HFV,HFV10,LFV,FDC,r2,training_time_minutes
1,0.18513262240634465,0.2274710373246996,0.8645908290198463,1.1329332526915683,0.7511459296710639,0.4430682765078873,12.517343067123916,-2.8608472550447854,,0.2553134680803608,19.529461756666812
2,0.16334867483949267,0.19990874587954885,0.8954173957248047,1.1686314617152957,0.9235625295327354,6.473744541767158,9.738834177241348,15.308698845192025,1065.2557022390904,0.30373018248100314,19.529461756666812
