,MAE,RMSE,NSE,alpha,beta,HFV,HFV10,LFV,FDC,training_time_minutes
1,83.01738544234681,85.23029805326675,-762.3217936274503,6.235514809657962,107.41765081222505,5.426434167037245,15.966534580925188,4631.167493475023,735.4294981390265,46.626270326666415
2,0.7098199271566681,2.702694520287606,0.2324378159277546,0.5785783635541649,0.5982194617181548,0.5089470241259552,0.548588749504067,-3.1139269082059338,0.7662164485680147,46.626270326666415
