,MAE,RMSE,NSE,alpha,beta,HFV,HFV10,LFV,FDC,r2,training_time_minutes
1,83.64713002867326,85.64048065286912,-979.2498537012103,6.696936400806644,148.29703064091171,502.66645945917725,1915.792960222651,5206.609461630298,-69.32738046649308,0.34520856456188864,46.626270326666415
2,0.582415935010539,2.3938383854938543,0.23410674062760717,0.5144766904453802,0.7722433416649299,-48.42343375894766,-36.36130562054479,-25.474699667935937,53.746314167374734,0.5636228308925078,46.626270326666415
