,MAE,RMSE,NSE,alpha,beta,HFV,HFV10,LFV,FDC,training_time_minutes
1,0.36923137696447816,0.40478027657788834,-0.2873989253000455,1.4337162168155346,0.6202331649147798,0.8909881122262271,1.009636715870928,0.0007671410028609441,0.07964060231024525,27.84662859666666
2,0.49726634367297723,0.5533903919034441,-1.4062330395875908,0.704319918624512,0.22544147912628162,0.5607263088545592,0.50718140070539,-0.03215849720571126,-4.562400326017311e-08,27.84662859666666
