,MAE,RMSE,NSE,alpha,beta,HFV,HFV10,LFV,FDC,r2,training_time_minutes
1,0.3854364596789517,0.43305155461660505,0.7208207557928674,1.244229638235577,0.8434422677554546,-2.374931526987402,1.798903100176947,9.426515633688723,800.6087576670627,0.46268609249675874,27.84662859666666
2,3.411896645746167,3.7404879410814442,-19.828617331852648,1.8936400317197468,4.203282619533942,1.2051948027586794,91.00396905758545,171.2637463585612,-98.15831925668752,0.7165976720428766,27.84662859666666
