,MAE,RMSE,NSE,alpha,beta,HFV,HFV10,LFV,FDC,training_time_minutes
1,14.23634846718985,14.517254235506952,-444.1993486519142,4.055837389441561,34.30442351964639,4.393338922844827,7.964941167649246,180.26519648378905,107.07045647987302,8.672176279999743
2,,,,,,,,,,8.672176279999743
