,MAE,RMSE,NSE,alpha,beta,HFV,HFV10,LFV,FDC,r2,training_time_minutes
1,14.431230257014713,14.7230054538613,-538.1372905660896,4.5115868762606794,46.264338279015696,346.3973128828956,934.44618936149,1930.9757848651261,-50.71912212156951,0.20367822239440292,8.672176279999743
2,,,,,,,,,,0.314022142649683,8.672176279999743
