,MAE,RMSE,NSE,alpha,beta,HFV,HFV10,LFV,FDC,training_time_minutes
1,0.6011602590675232,1.1683875572665685,0.3127138826049456,0.7239061972574239,0.8927611941184083,0.6554947821408228,0.794012769255614,1.0546185004510555,1.0101286338295277,46.360300223333375
2,0.7678357647469742,1.2596496189181534,0.20115367019819497,0.7560538095470345,0.5295543311273008,0.6184722803974027,0.7414599458481816,-2.273331175621113,0.05260953179768698,46.360300223333375
