,MAE,RMSE,NSE,alpha,beta,HFV,HFV10,LFV,FDC,training_time_minutes
1,0.025931838639907116,0.05719962650951868,0.8565068673946514,0.8856452307624469,0.6716405470679837,0.9821440814077457,0.8293210791827385,-3.841626342426346e-12,-1.9923202969365178e-15,64.84360004833324
2,0.027840470531985344,0.06479779051232498,0.8158527974707566,0.7257463605069346,0.601811412658453,0.7995841821176476,0.699969303263472,-1.5525666910623868e-11,5.433109508885556e-06,64.84360004833324
