,MAE,RMSE,NSE,alpha,beta,HFV,HFV10,LFV,FDC,r2,training_time_minutes
1,0.05438591837651062,0.10146963336076406,0.9395605745901988,1.022603912192245,0.8416435601571908,-0.5232825107089011,6.896898919218417,-10.556051119076766,,0.7491775096847695,64.84360004833324
2,0.05724790855992747,0.10482894799470024,0.9354924422926633,0.9901595573516714,0.8444615616282141,-2.320626028280241,1.2943792248147545,-12.66566480195985,,0.861015292398258,64.84360004833324
