,MAE,RMSE,NSE,alpha,beta,HFV,HFV10,LFV,FDC,training_time_minutes
1,1.8815193721520538,2.932965483833123,-0.15780353763105026,0.5579744637952745,0.8583926578817213,0.41012543371722987,0.5818388292636264,0.6473353274083881,1.342391841042726,25.2613121716667
2,1.3012700564007447,2.316175813566008,0.2779554197139096,0.5954169699833539,0.9624612942571864,0.6120514334390198,0.7094067888204746,3.324479202129953,1.2856359700415938,25.2613121716667
