,MAE,RMSE,NSE,alpha,beta,HFV,HFV10,LFV,FDC
1,0.05729927436568661,0.10086110525372041,0.5084857052474484,0.5023010992928169,0.5018048809050599,0.46178458237197256,0.4873872214332761,0.19400868838076557,0.597592633610775
2,0.040803645791674864,0.05687184743529363,0.8437272050932997,0.8113576143794022,0.6472708343065771,0.7751706604934829,0.7982666518259633,0.012792599018775998,0.30732692519833527
