,MAE,RMSE,NSE,alpha,beta,HFV,HFV10,LFV,FDC,training_time_minutes
1,0.10385143063815462,0.12324190920181227,0.19111699762109913,1.0995417964041068,0.42782615924189965,1.2676722131210754,1.0012855273286843,-2.1673808397022007e-13,1.0868688090975332e-05,10.998023310000038
2,0.061753784428746954,0.08037873114335245,0.6559265464996077,1.0461478323079283,0.6637908160710472,0.9522812270356174,0.9396928301590167,0.045370023419572664,0.3705049084129793,10.998023310000038
