,MAE,RMSE,NSE,alpha,beta,HFV,HFV10,LFV,FDC,r2,training_time_minutes
1,0.1539081635111487,0.1884295849762671,0.5161033696894015,1.3009271864418133,0.6744081164728242,22.083145024441993,24.174203685461308,-4.539040593734018,844.4182885962003,0.6125823738001652,10.998023310000038
2,0.08862077012589119,0.11672256903854465,0.8143204434979467,1.1034635992906374,1.0460209336104864,-26.67810409058418,-0.8785649688976278,13.962962661038935,69.55394462734921,0.7361659212973217,10.998023310000038
