,MAE,RMSE,NSE,alpha,beta,HFV,HFV10,LFV,FDC,training_time_minutes
1,0.32461720357984636,0.5288138252919494,-0.19772155811829606,0.45925741674479686,0.12238085797303926,0.5230759112063588,0.3624101973320768,-0.7248555165944948,5.566303191254591e-12,21.720752733332727
2,0.2049059078933738,0.3493642079141611,0.477234300082762,0.7636625842151122,0.519986028246231,0.6291108178882665,0.6992835102784991,-0.009380443792783664,4.33615702189948e-07,21.720752733332727
