,MAE,RMSE,NSE,alpha,beta,HFV,HFV10,LFV,FDC,r2,training_time_minutes
1,0.45906248560787866,0.6336175780657081,0.7241371294974757,1.1109087393727715,0.5637076666107168,0.22127392741012444,13.855959765106915,-19.721726741476868,,0.16128923004623963,21.720752733332727
2,0.23778535118746,0.3622439610863784,0.909834348508629,0.9267297954051411,0.7781313450260995,-11.627128466082173,-11.572126244147832,-10.701154865291013,,0.1914117147825477,21.720752733332727
