,MAE,RMSE,NSE,alpha,beta,HFV,HFV10,LFV,FDC,training_time_minutes
1,10560877.321706431,10996854.78779793,-172339353929929.6,3659799.622000724,25602423.637141142,3035271.8703813255,7737222.802880872,71003179.55245514,40893412.37021273,31.533593866666585
2,1.830961487110481,2.159674058580255,-5.646972826326465,1.0518263524947402,-3.370532833455401,0.23750197259898498,0.15228919249177683,-19.419701156853737,-5.395675164400727,31.533593866666585
