,MAE,RMSE,NSE,alpha,beta,HFV,HFV10,LFV,FDC,training_time_minutes
1,0.47892420978880973,0.7238639842240318,0.8294298224375823,0.7033995582454179,0.8010954071924533,0.778839570366692,0.7555932798495184,43.04841987576891,3.16915121636691,19.408749186666682
2,0.7860949736890661,1.0886746486762189,0.6141794253596353,0.43006579640236403,0.8517369234308093,0.5296460739534364,0.5006994895635548,562.2205453670904,6.489339496616258,19.408749186666682
