,MAE,RMSE,NSE,alpha,beta,HFV,HFV10,LFV,FDC,r2,training_time_minutes
1,0.5803399924111432,0.8180454896256377,0.8842467436005069,1.05466332193743,0.9909464460987332,30.507217406295876,26.392673426012028,9.393980368941252,-76.25682991703418,0.28061506766749655,19.408749186666682
2,0.915661537507297,1.0502849189323922,0.809193762585176,0.6441366427709984,1.0430314343793108,-11.469210893894328,-11.00721404342934,-15.1793060856188,-105.85117645088417,0.48622631689913787,19.408749186666682
