,MAE,RMSE,NSE,alpha,beta,HFV,HFV10,LFV,FDC,training_time_minutes
1,0.9257681567370708,1.6307282129439242,-0.23940597871327673,0.6103652750620052,0.1495532477170322,0.48586034819310553,0.676874470395671,-2.3387827400461485,-0.37250963226941364,35.58948047500065
2,0.8326403995740244,1.5944915695927302,-0.18493593879925085,0.665128291562548,0.4421370184741509,0.5152369054357883,0.7555391044807381,-2.244323204724915,0.2531141545512407,35.58948047500065
