,MAE,RMSE,NSE,alpha,beta,HFV,HFV10,LFV,FDC,r2,training_time_minutes
1,0.8380973952158346,1.4260620920915537,-0.7603896604201119,1.2145650563299908,0.28155340845640736,18.99792338980863,36.73322095184455,11.93942929528688,,0.3116937102128031,35.58948047500065
2,0.8460428924524372,1.430149821967006,-0.770496248227234,1.2489229478069495,0.583988248898317,18.839763837173365,39.40221677990703,36.23494556048577,,0.3320627421043443,35.58948047500065
