,MAE,RMSE,NSE,alpha,beta,HFV,HFV10,LFV,FDC,training_length_days,training_time_minutes
1,0.07713660668539711,0.11442632054575641,-0.5178906656175715,1.531575400164985,0.6040678417248874,1.568407434840956,1.2868315012746305,0.03416228648310408,0.011062255862401475,129,5.991114010000001
2,0.07821598914015895,0.12470690452636972,-0.8028916303483646,1.6230328799391907,0.9434095573492866,1.5906940043519457,1.624687963897921,0.22289903284409793,0.13913688817181208,129,5.991114010000001
