,MAE,RMSE,NSE,alpha,beta,HFV,HFV10,LFV,FDC,r2,training_length_days,training_time_minutes
1,,,,,,,,,,0.24470254381250078,129,5.991114010000001
2,,,,,,,,,,0.4688179789688689,129,5.991114010000001
