,MAE,RMSE,NSE,alpha,beta,HFV,HFV10,LFV,FDC,training_time_minutes
1,0.19999775837039507,0.26457699670919405,0.5485856347655207,0.8182436803481612,0.38293102959424347,0.8978011077429671,0.7416271081122685,1.4598203341302586e-10,0.00018112101984732565,3590.4807128066664
2,0.21146426037048852,0.2898749374611308,0.4581331951859956,0.5762153619059339,0.3330268357658004,0.6710951013602592,0.5093571072319301,0.015837753583056648,0.13027820051944458,3590.4807128066664
