,MAE,RMSE,NSE,alpha,beta,HFV,HFV10,LFV,FDC,r2,training_time_minutes
1,0.34973842864712673,0.44340011241358174,0.817054005982558,1.0826206742268583,0.6265807199830093,1.6479916373984487,7.768207540588576,-18.185933847951638,728.1604778449063,0.797339884826796,3590.4807128066664
2,0.18929590125034806,0.23143521113713816,0.9501586066311498,0.9821362298747093,0.8017295618911049,-5.180797438201877,-6.149347298483069,-7.5832485421008275,104.831245137924,0.9074412066655195,3590.4807128066664
