,MAE,RMSE,NSE,alpha,beta,HFV,HFV10,LFV,FDC,training_time_minutes
1,0.08831046434503993,0.18453373824472463,-0.5187666354129257,0.3606102299738985,-0.7781137824446797,0.03053894746103061,0.012236675099756638,-83.3478834935705,-6.869984951001649,16.048237701666462
2,0.07772648544913412,0.17749717638389187,-0.4051490236751709,0.31339344134575214,-0.5647003936090151,0.03320084247402515,0.013672276322995397,-64.76559403206603,-2.846357263999314,16.048237701666462
