,MAE,RMSE,NSE,alpha,beta,HFV,HFV10,LFV,FDC,r2,training_time_minutes
1,0.07375120484607733,0.1299177559555159,0.9735510695452703,0.9889999588092597,1.080708091368668,3.3790118190203535,-1.158495827671905,6.431677929282042,14.740445191545996,0.6664546102081321,16.048237701666462
2,0.08425274496783698,0.13558254125812655,0.9711942867457742,0.9883844829876443,1.132216321837597,2.880641102634106,-1.0642098391097314,8.708822166781328,9.239587725277271,0.7027426416989998,16.048237701666462
