,MAE,RMSE,NSE,alpha,beta,HFV,HFV10,LFV,FDC,training_time_minutes
1,189.4774683109958,390.45120204522203,-371653.8270893153,533.4262201168261,-207.98057200668,-0.009076864947188843,-0.03953011381978342,-1474.8889365942612,-2.22775989637408,55.44098747666673
2,0.6287758015408607,0.8054357040487814,-0.5814956598882239,0.34560087774228404,0.30687121903130515,0.3125535328620599,0.29503134150794275,0.15827723276220668,0.31517260376104067,55.44098747666673
