,MAE,RMSE,NSE,alpha,beta,HFV,HFV10,LFV,FDC,r2,training_time_minutes
1,0.3450137450962754,0.4499703381430447,0.6388718461125318,0.6425016096520505,0.9874283485293935,-27.273230097559022,-27.45289486327132,-20.029497931538035,-67.93143436369799,0.4058452075312837,55.44098747666673
2,0.4307620337887621,0.6584814748815968,0.2266417939080766,0.7290463786003433,0.8294791376304171,-31.437149048512254,-33.89910289401632,-22.583555506312347,32.28323387746126,0.8056268300328062,55.44098747666673
