,MAE,RMSE,NSE,alpha,beta,HFV,HFV10,LFV,FDC,training_time_minutes
1,0.011924474364162805,0.022279404733284654,0.9691560003297798,0.9190457703688821,0.8338400437278852,0.960594601761742,0.9077507523154276,-2.5015178315027878e-11,3.421166123546431e-05,11.199654589999893
2,0.01295789123165414,0.024603420530361703,0.9623855684193099,0.9821314419842482,0.8660047289584433,1.016317949258177,0.9746949499716083,-1.455572568425977e-11,2.227989291760774e-10,11.199654589999893
