,MAE,RMSE,NSE,alpha,beta,HFV,HFV10,LFV,FDC,r2,training_time_minutes
1,0.019977784013000825,0.035592204419564996,0.9742044217910126,0.9976399780749947,0.9032660353430948,3.204646541621109,0.6355428679540875,-6.552254501423035,310.6398247743971,0.8796673556891266,11.199654589999893
2,0.018879863818546193,0.03571135536801577,0.9740314225455653,1.0074805164653018,0.9351053933881901,-0.33806177804507814,2.3618923869473782,-2.1838500139164054,,0.9395305651278432,11.199654589999893
