,MAE,RMSE,NSE,alpha,beta,HFV,HFV10,LFV,FDC,training_time_minutes
1,9.370658379203576,10.903182548511793,-18.676488891998055,2.134705314296166,-6.774712444821934,0.0798771153503452,-0.03480878328442682,-177.20086311822578,-20.247646941648792,24.523917461666862
2,51.93101057941217,60.47710678176811,-604.3730047966461,12.590531209109326,-42.11214617149119,-0.022467831367555677,-0.6722991791857394,-1078.346731033906,-125.22832851952514,24.523917461666862
