,MAE,RMSE,NSE,alpha,beta,HFV,HFV10,LFV,FDC
1,2606404101982.8135,10549521216156.824,-1.4678843244586053e+26,11740033850503.787,-3696196369686.6543,0.01638031973998062,-1.3725379913209328,-46800605308365.484,-276909038.7030735
2,2121410.1720749494,6590589.628904025,-57289479185163.91,7166151.667132591,-3008415.2910903064,0.1666787866266668,0.02882811559605434,-38017086.6515129,-26698.519903561042
