,MAE,RMSE,NSE,alpha,beta,HFV,HFV10,LFV,FDC,training_time_minutes
1,0.46788864283614146,0.520286451354054,0.31296647571311886,0.5958383190017027,1.655105783898868,0.7315206234396012,0.744896878499532,695.1131485046479,57.688296796635676,17.03134254500037
2,0.27604113031705324,0.3560295878748942,0.6782896160305163,0.8526700929450892,1.4839394955460712,0.9247368219879144,0.9229997062189002,277.58969106641797,37.09886822242134,17.03134254500037
