,MAE,RMSE,NSE,alpha,beta,HFV,HFV10,LFV,FDC,r2,training_time_minutes
1,0.5474457860098149,0.6637176938882641,0.8179970055468567,0.6717797172885797,1.0851578988761994,-15.879993310470736,-14.812476771313447,-12.032942885859264,-99.03168944735917,0.8064060803697386,17.03134254500037
2,0.3874637517284903,0.4853726815694143,0.9026664865236956,0.7849808567515355,1.0037379759157448,-14.692115060683305,-14.466532678567301,-10.429938643598648,-86.3267556392796,0.828753710080911,17.03134254500037
