,MAE,RMSE,NSE,alpha,beta,HFV,HFV10,LFV,FDC,training_length_days,training_time_minutes
1,0.14927487641082288,0.19851925860190153,0.24724989527113905,1.3194502271394326,1.4012527413805052,1.251667665046058,1.3724455575694696,1.251563876120186,1.1472853996102383,394,40.60336513166664
2,0.19716103780706104,0.25791855875188857,-0.2706054739606356,1.1015666459324962,1.6543170610487534,1.0482889071923476,1.2827131636708522,1.9328541695537234,1.482385730932546,394,40.60336513166664
