,MAE,RMSE,NSE,alpha,beta,HFV,HFV10,LFV,FDC,r2,training_length_days,training_time_minutes
1,0.1751795591454523,0.2253045054806337,0.286743720878479,1.1282489635919069,0.8863782516718206,3.549058855830341,4.21834986195185,0.03433987127764114,85.2988968994283,0.24562978761767207,394,40.60336513166664
2,0.15941946423561576,0.1861657421751042,0.5130264392772882,0.9103021123685046,1.1580087497059985,-7.750260538683476,-1.3532976372068648,5.66560082371351,-4.3622463459205445,0.24984321735338932,394,40.60336513166664
