,MAE,RMSE,NSE,alpha,beta,HFV,HFV10,LFV,FDC
1,7.463273875521686e+30,4.637962070576287e+31,-7.091790041303286e+62,2.628336549789516e+31,-8.737430568502744e+30,-0.030238277398334665,-18.65703377267905,-1.967096174522468e+32,-1.1411705893322339e+20
2,1.1627061947790989,1.618600148351141,0.13626476613315397,0.547359761552634,1.9068990069370886,0.5268350336527153,0.8719939388563599,7.253336632526325,3.7452985269324786
