,MAE,RMSE,NSE,alpha,beta,HFV,HFV10,LFV,FDC,training_length_days,training_time_minutes
1,0.8546268062859067,1.048881108680381,-1.1145322274629215,0.5294310084485021,2.057518955192217,1.2216027593627146,1.3463956846004883,53.29742991459697,9.62768340274893,715,24.29091682166521
2,0.7037995444191342,0.8342574526741996,-0.3377099942730799,0.0,1.5300396919124124,0.5204012471194248,0.6867927344949225,49.36529041287626,8.418019093078764,715,24.29091682166521
