,MAE,RMSE,NSE,alpha,beta,HFV,HFV10,LFV,FDC,r2,training_length_days,training_time_minutes
1,0.505971519967094,0.6292590836932388,0.1710204936660148,0.6412318364560605,1.1588230092516063,13.449278389793974,0.5149704712666883,-0.5178780097120648,-576.8423762809155,0.3911813911560248,715,24.29091682166521
2,1.2610090257682238,1.424412721756448,-3.247726000052541,6.42558428613008e-16,1.8334016027366158,-10.84119546789269,4.250516393349077,24.3973113694979,-1062.3096132482829,-1.2535053947049235e-05,715,24.29091682166521
