,MAE,RMSE,NSE,alpha,beta,HFV,HFV10,LFV,FDC,training_time_minutes
1,0.022458021346778597,0.04714988646797505,0.7790900823496071,0.8561063656238644,0.5832257380198819,1.022428258480654,0.7835140772204104,-1.5591021910009018e-11,-1.1842748465258817e-14,92.66776258333338
2,0.01372233225031215,0.03347095279134085,0.8886756772896546,0.9225509267715387,0.8286712605816864,0.9737537261909157,0.928809225839368,-0.06555128800905201,-1.1205513285825437e-14,92.66776258333338
