,MAE,RMSE,NSE,alpha,beta,HFV,HFV10,LFV,FDC,r2,training_time_minutes
1,0.04896749321394206,0.09590550379092337,0.9254938757021116,1.0252431604854442,0.8100886469692372,0.9989042872781433,1.0878617671155384,-0.003533963704913305,0.0486741968158507,0.708059890457504,92.66776258333338
2,6.026174889756927,6.239746060554827,-314.3833352401288,4.294700590058649,45.0189048841208,3.144293433482225,8.352792231934247,51670.8747941969,467.6055059267033,0.8524766113329173,92.66776258333338
