,MAE,RMSE,NSE,alpha,beta,HFV,HFV10,LFV,FDC,training_time_minutes
1,1.2769874647874966,3.989737011411321,0.24160354179119303,0.5271985213678902,0.46781320433118556,0.5213556059279536,0.5816037323553644,-0.41424636732766756,0.04499338345404376,22.344236203333335
2,62.061939098983245,62.723833022109716,-186.44460149852412,1.8175779910274774,-41.608557168971025,-0.430341292591711,-5.34492564488286,-285.7990132882352,-148.05360599604364,22.344236203333335
