,MAE,RMSE,NSE,alpha,beta,HFV,HFV10,LFV,FDC,r2,training_time_minutes
1,1.1554651184148192,5.1310264933095,0.0707114597487245,0.6891121172609667,0.7507121195276354,-21.911847005374447,-7.977106951318345,-10.492297150496704,,0.3387995046455572,22.344236203333335
2,60.64817992971664,61.93568738280286,-134.4016607694382,2.233333654957732,-53.681580873503776,-102.91061321548568,-600.9940110312308,-1864.1615919369845,,0.4016694156412046,22.344236203333335
