,MAE,RMSE,NSE,alpha,beta,HFV,HFV10,LFV,FDC,training_time_minutes
1,102.24208249873332,102.34048031734707,-808.0111668704938,0.7600931827406071,38.70821859850736,5.378517127438155,10.972602615648661,154.0122818983046,60.37136506939469,21.136724821666334
2,102.24432806559298,102.34280043087615,-808.0478487196287,0.761054156069948,38.70904679296459,5.378956713410062,10.973058589995578,154.01375701126102,60.37287471785481,21.136724821666334
