,MAE,RMSE,NSE,alpha,beta,HFV,HFV10,LFV,FDC
1,0.07290568253651952,0.09307077265758701,-0.04240038761690612,0.7602947051774203,0.33795487171665,0.7807895092180307,0.6521798756199214,0.06389850107289974,0.016949097186533396
2,1.0176436066259302,1.120293495710795,-150.0328975962453,5.2343417467613556,-8.996472908111825,0.2500359941720016,0.2839426358151872,-16.633817872850056,-18.42387311558495
