,MAE,RMSE,NSE,alpha,beta,HFV,HFV10,LFV,FDC,training_time_minutes
1,1.2223596458793433,2.3272452870328,0.2759332296673447,0.7573675642003763,1.0143289267800346,0.7267874923926779,0.8730888878070109,1.932651034837715,1.225417611358134,32.69010294166704
2,2.0191903579456287,2.699401557907098,0.025842258276214114,0.5994709151460237,1.8129346714985946,0.6329792403101463,0.8623058903155324,9.427389854908798,3.3346692317276947,32.69010294166704
