,MAE,RMSE,NSE,alpha,beta,HFV,HFV10,LFV,FDC,r2,training_time_minutes
1,1.2339665905783197,2.346286540973793,-0.021294192612321128,1.0012727665913814,1.0954647962325983,5.791280057242076,2.8599612293089525,3.045788876156064,-40.099542499852404,0.41091989860481737,32.69010294166704
2,2.0107376542788704,2.6205378589153425,-0.27400062285577187,0.7910744693906088,1.9375453848947626,-11.316054157910171,2.975230178795765,31.117561876653685,-106.28749142818893,0.5529613829732545,32.69010294166704
