,MAE,RMSE,NSE,alpha,beta,HFV,HFV10,LFV,FDC,training_time_minutes
1,0.13734093990115656,0.3085805080074788,0.015057412729622244,0.29380023437659575,0.24110179131149082,0.2572886098826729,0.21071735020333868,0.24743296192043276,0.33314816633566885,28.531918956666654
2,0.13857013489383443,0.30558362144870466,0.034095735622563295,0.4654938112900513,0.8518315354411552,0.36680312325636555,0.6015692866980316,1.3139366001081196,1.1566579102300598,28.531918956666654
