,MAE,RMSE,NSE,alpha,beta,HFV,HFV10,LFV,FDC,r2,training_time_minutes
1,0.05338083908657548,0.14052617171324655,-0.01754897928193122,0.4889025760939723,0.504640342912519,-29.610934990721713,-48.07549259005764,-52.64355723505888,-7.350283508114436,0.14501688394236423,28.531918956666654
2,0.0220165558599743,0.12323355677013627,0.2174738503817596,0.48963533743509075,0.9546149895712742,-43.38834056792038,-19.66568820321057,-7.382916107047408,-7.526214058156621,0.20228947377367945,28.531918956666654
