,MAE,RMSE,NSE,alpha,beta,HFV,HFV10,LFV,FDC,training_time_minutes
1,1.514192016236524,3.1311660066202873,-0.027255015841626484,1.0293157422482029,0.9186543241139321,1.032876270785148,1.1375100036262158,0.2988435479798956,0.6501844281411571,17.609570346666928
2,1.5494608112502108,3.1341233285343697,-0.02919637467826619,1.0366623575211853,1.04109953112042,1.0402195018670466,1.166976407248292,0.5591210071852726,0.899227074923033,17.609570346666928
