,MAE,RMSE,NSE,alpha,beta,HFV,HFV10,LFV,FDC,r2,training_time_minutes
1,1.2502606591663434,2.6368999452347803,-0.04666474304173751,1.0116161499658944,0.9749375863359262,3.560930279005706,20.083128213282986,12.598471446205766,95.37582011254669,0.46789776383568926,17.609570346666928
2,1.1890157769512506,2.5617921168597158,0.012111198016799274,0.9907358907515372,1.0368471444018423,2.431503577343715,18.03862441379474,13.703527856775109,70.2172472038099,0.470474793889028,17.609570346666928
