,MAE,RMSE,NSE,alpha,beta,HFV,HFV10,LFV,FDC
1,1.6173535016231964,2.5707050464327654,0.18258626154579816,0.6241553303185148,1.1906704058056123,0.596968104226658,0.7614379229319876,3.2354741271448146,1.8487151358951552
2,2.2055935732096787,2.9559150927877087,-0.08074029068185529,0.5689463779189277,1.694605463963537,0.6121716287430528,0.8235105667546714,7.273106112970171,2.994956909521073
