,MAE,RMSE,NSE,alpha,beta,HFV,HFV10,LFV,FDC,training_time_minutes
1,0.6278936599226749,0.7517536348025791,-2.5081972369676757,0.08039786326352133,-0.20602608559579721,-0.006502174354767527,-0.02695443699728122,-0.7536443859847156,-0.42994671824167596,69.10089868666667
2,,,,,,,,,,69.10089868666667
