,MAE,RMSE,NSE,alpha,beta,HFV,HFV10,LFV,FDC,r2,training_time_minutes
1,0.2953594610663394,0.38748745542093405,0.23797611036289845,0.3279110138735152,0.7004212987339079,0.4551417063081794,0.45212884676646453,1.3663623052173208,1.0530483793141305,0.463806851531814,69.10089868666667
2,,,,,,,,,,0.5258867586724367,69.10089868666667
