,MAE,RMSE,NSE,alpha,beta,HFV,HFV10,LFV,FDC,training_time_minutes
1,0.24993926787480553,0.2820700816921683,0.5681621024878897,0.6878562466162605,1.5138780270727608,0.8147170070443235,0.8750149684117219,7.668034079576241,4.696608705453102,32.43464528999951
2,0.2327784208785863,0.2664940738160259,0.6145377822683902,0.7773377583431134,1.4938200245977156,0.8920349500172069,0.9425029665021947,6.602015095739224,4.326880345387226,32.43464528999951
