,MAE,RMSE,NSE,alpha,beta,HFV,HFV10,LFV,FDC,r2,training_time_minutes
1,0.2083874633161734,0.23729184466610959,0.83946034834303,0.8450039492677394,1.2192736459823863,2.481414106831265,-3.7283126310595294,-3.3733797014639264,-50.57180061124739,0.0021395652547779864,32.43464528999951
2,0.19612518290931408,0.22679828520229445,0.8533452194093731,0.8770694194103438,1.213915109230536,3.0926252159206657,-2.647992863998471,-1.493349716338831,-44.97136536102372,0.003967809630735286,32.43464528999951
