,MAE,RMSE,NSE,alpha,beta,HFV,HFV10,LFV,FDC,training_time_minutes
1,1.4751398848600021,2.2253894386948216,0.14989267560635067,0.6992694503911112,1.5478566343033795,0.6477180236989759,0.9162382880111511,4.574069436760395,2.5705530468966855,13.441427484999682
2,2.524181435958216,3.02844088340213,-0.5743450160835442,0.6368181218510036,2.360968674228679,0.6768206926076618,1.0182188463619866,11.45758910823079,4.31129197372378,13.441427484999682
