,MAE,RMSE,NSE,alpha,beta,HFV,HFV10,LFV,FDC,r2,training_time_minutes
1,1.4770178965178768,2.1012631738778875,-0.030154673693533862,0.7870334820222534,1.7025670908376846,-24.39485180654678,2.227615134130187,29.303935563120554,-76.49254406068074,0.2716191250512894,13.441427484999682
2,2.597878740880152,3.022182198737976,-1.1309969347366207,0.7771372121902691,2.567783080277161,-18.552541850911776,19.093236428856283,64.52630139545415,-107.15300090306617,0.37264109359256214,13.441427484999682
