,MAE,RMSE,NSE,alpha,beta,HFV,HFV10,LFV,FDC,training_time_minutes
1,1218.1424557995424,1980.0432417128206,-221.1118225689788,11.669356432361825,6.889788775735659,11.151700483081175,10.921848976043233,3.5017223362753924,4.1874885035360885,102.83443099166666
2,17980.519273280424,27144.899609549066,-41743.45599744761,153.2274287208734,-87.10036085315139,0.13107304754031848,-0.20938731841861893,-390.99149577439965,-140.29309892087952,102.83443099166666
