,MAE,RMSE,NSE,alpha,beta,HFV,HFV10,LFV,FDC,training_time_minutes
1,73.2650379095016,85.14181983695444,-296.63889535641846,8.796224728668836,53.0231143870722,5.1395451086695925,13.957761413099725,1033.52908085972,347.8640178343639,10.257265955000184
2,24.187392962598064,27.926660162675457,-31.021511440432874,2.845951528600987,17.989573933002408,1.7976534577627001,4.635573875004134,384.82103411845304,118.8915050748103,10.257265955000184
