,MAE,RMSE,NSE,alpha,beta,HFV,HFV10,LFV,FDC,training_time_minutes
1,0.021670842390146206,0.04513574796553341,0.8547365964008877,0.9599165017388812,0.7148288466788104,1.1506429039679436,0.9030931141558461,-0.0004999515417516958,-3.2983855818797786e-15,15.489760685000025
2,0.10208622050735851,0.10674542602528969,0.18751850579316676,0.9278572404519362,-0.7541947160110486,0.8652752032481906,0.6416613114818271,-527.5946743608627,-391.40908920785546,15.489760685000025
