,MAE,RMSE,NSE,alpha,beta,HFV,HFV10,LFV,FDC,r2,training_time_minutes
1,0.04729942919511061,0.08375865107785381,0.901857443713345,1.0295847997460645,0.8554357160730363,-1.2708189878035516,12.510353590660381,-8.471777362474615,,0.6217494745919421,15.489760685000025
2,0.2599967946913964,0.27047864938990296,-0.023443789831329997,1.0456154039032093,-0.8474703372781802,-18.533903378914214,-23.331326044140166,-58.63930091248994,,0.7125096623529363,15.489760685000025
