,MAE,RMSE,NSE,alpha,beta,HFV,HFV10,LFV,FDC,training_time_minutes
1,0.5566504213053953,0.7471532203498336,0.5956269472267881,0.720483711357602,1.2912382056917693,0.6173378149510491,0.7325068702841231,1.4883377655304972,2.7108407420629272,7.4100422733337235
2,0.3892812145075641,0.5827602070955705,0.7539957334591735,0.7999435753417586,1.0578187289601937,0.6986796901387565,0.7872937758506643,0.33832526087116144,1.5175486590724105,7.4100422733337235
