,MAE,RMSE,NSE,alpha,beta,HFV,HFV10,LFV,FDC,r2,training_time_minutes
1,0.5261442486067774,0.6730290337679892,0.40212889253156536,0.7790955363436205,1.6059569974586707,-34.65417448148459,-17.360860314410168,24.42497504474104,9.853843972729841,0.21350699510622762,7.4100422733337235
2,0.3746237493674669,0.5094637397429282,0.6574164341108789,0.8628342268538682,1.317500240512519,-28.136091006672146,-11.480529407466845,17.837795483096286,57.30266294487689,0.24060970990239894,7.4100422733337235
