,MAE,RMSE,NSE,alpha,beta,HFV,HFV10,LFV,FDC,training_time_minutes
1,58.90098147746342,79.47644192220667,-946.7605688610643,20.858327882503893,34.575006672371025,7.9274706383229265,15.11035753983809,4.578774624455615,72.13702212270357,15.963474175000252
2,1.2562533342046065,2.0294125579045605,0.3820369740783731,0.7800505135287756,0.9349060506759993,0.7155338608017225,0.8341699437337258,0.18667760850970702,1.2052090971569323,15.963474175000252
