,MAE,RMSE,NSE,alpha,beta,HFV,HFV10,LFV,FDC,r2,training_time_minutes
1,1.3703946703561476,2.4607578589597536,0.3383143863855218,0.683833733044817,0.8956388755980357,-36.404560939500776,-27.79650725750976,-17.317580170442348,-26.84313987668888,0.44336271881023137,15.963474175000252
2,1.6285438840725643,2.6965543088796626,0.20542979888490065,0.8212569933472006,0.9775384554910841,-26.266524881814203,-12.716264552244352,-0.8089807656462973,53.368038395352144,0.39443089265724407,15.963474175000252
