,MAE,RMSE,NSE,alpha,beta,HFV,HFV10,LFV,FDC,training_time_minutes
1,0.024021561484068494,0.0517837536416035,0.824460757274673,1.050915149783468,0.8427909504041877,1.2095693560786813,1.0133133325698878,-2.97695773048666e-12,1.2579858634946188e-09,9.99503454833175
2,,,,,,,,,,9.99503454833175
