,MAE,RMSE,NSE,alpha,beta,HFV,HFV10,LFV,FDC,training_time_minutes
1,0.11678275438571586,0.16123185330256468,0.7963689367421755,0.8481402304505532,0.6144230427155684,0.6786939968895244,0.7922074272924761,0.00031038415453466314,0.0811385081863965,19.564783866666644
2,0.114513955893071,0.15377123238806736,0.8147780181490369,0.8849746718068494,0.6354936337090548,0.7131071052490708,0.8275654561346726,0.00025890683815871864,0.0774660527326858,19.564783866666644
