,MAE,RMSE,NSE,alpha,beta,HFV,HFV10,LFV,FDC,training_time_minutes
1,0.05058870462357125,0.11840634828781126,0.5577337678764396,1.487977917345223,1.1404635868487631,1.6085131345924564,1.4730195807639275,-1.2947383612398794e-05,1.1904474382338502e-05,17.677262421666818
2,0.1425706677804462,0.1852816225625552,-0.0829252925269155,1.4919611313067302,2.29870141636424,1.8001019684281727,1.6649346167027679,15.976172301640403,8.764716377943728,17.677262421666818
