,MAE,RMSE,NSE,alpha,beta,HFV,HFV10,LFV,FDC,r2,training_time_minutes
1,0.0927660648311665,0.19835819923282685,0.898605082223354,1.0005135455830476,1.1445452931664726,-13.15039684735108,11.751766857927375,18.011439636013677,558.1180523437508,0.686790751399555,17.677262421666818
2,0.39366690061554316,0.4431901184823097,0.49383045545577287,0.9774098392326619,2.279035094557685,-8.568250940798036,28.31900261064224,56.0388849732109,-54.930511022204215,0.7671288825312925,17.677262421666818
