,MAE,RMSE,NSE,alpha,beta,HFV,HFV10,LFV,FDC,training_time_minutes
1,0.7282168196398566,2.530389682807575,0.2974193902834271,0.4359492250078721,0.5873024837873936,0.4390199818600865,0.5359880132379926,-0.7740774044471883,0.31261771801548305,30.324795251666607
2,0.9835374764422841,2.813957168039859,0.13112698639400744,0.7035366009783468,0.36572381654161307,0.6964096856978093,0.633308950316949,-17.956731530203513,-0.8252967983221888,30.324795251666607
