,MAE,RMSE,NSE,alpha,beta,HFV,HFV10,LFV,FDC,r2,training_time_minutes
1,0.5845393414398835,1.7961203978366524,0.22140683306808362,0.6703875489009006,0.9520046451086821,-32.31295629634285,-12.935519552941402,-1.576206911167516,,0.34038371599399586,30.324795251666607
2,0.7147901777053012,1.8284835732405365,0.19309608227269692,0.6505516017484632,0.43285808075179255,-38.343959559798556,-27.116408538417506,-23.620578744924117,,0.440809715141385,30.324795251666607
