,MAE,RMSE,NSE,alpha,beta,HFV,HFV10,LFV,FDC
1,1.263431374808376,1.7901374585422098,-1.0187699724014756,0.01782611518094332,-0.003776212368978691,0.0054677494718726165,0.0027915635700179486,-0.10373376083647631,0.009348704241121724
2,,,,,,,,,
