,MAE,RMSE,NSE,alpha,beta,HFV,HFV10,LFV,FDC,training_time_minutes
1,5.287795069589599,6.140613095319831,-22.718889317875025,2.3538596535350695,-5.972967708474085,0.12009341598955807,0.015129019121321863,-78.32734946389449,-19.483379845273742,12.734870934999586
2,4.909965058470537,5.702388150102685,-19.454291018936086,2.181777859999656,-5.474588342957374,0.13331364342505989,0.02765029506178301,-72.12000256822513,-17.862782941461877,12.734870934999586
