,MAE,RMSE,NSE,alpha,beta,HFV,HFV10,LFV,FDC,training_time_minutes
1,1.6501654234681016,2.516570095999277,-0.05969077749402629,0.5714026846835688,1.1425477050167467,0.47229269044666455,0.6723305606798626,2.511241625170564,2.0365621864543013,14.530979910000072
2,62.85985061396556,67.08147824956812,-751.9503512714526,9.64192980160941,39.72901443290115,5.991569267582246,11.322566559888173,238.94849511853013,91.87651242530511,14.530979910000072
