,MAE,RMSE,NSE,alpha,beta,HFV,HFV10,LFV,FDC,r2,training_time_minutes
1,1.6391882051018958,2.7031313208980734,0.005799146376991526,0.6201289765127234,1.0611329511149619,-52.75768050874709,-31.626861458093344,-10.186247851160342,-61.80025222697793,0.2569099367129537,14.530979910000072
2,30.936311010497576,46.091986670040185,-288.06179655756193,12.783299170555214,17.0381801532841,397.75967353648826,901.7404525951539,1635.3692769371826,213.95555141078532,0.256873662423837,14.530979910000072
