,MAE,RMSE,NSE,alpha,beta,HFV,HFV10,LFV,FDC,training_time_minutes
1,0.01437380423152995,0.03270039078875768,0.8408681857830191,0.8146329271178357,0.6263603594719339,0.9090483053087923,0.7615627782864526,-0.005710497676101712,-1.235759563869873e-15,13.751453156666928
2,0.014116626682828582,0.03367590648295604,0.8312321498367666,0.8917892740955479,0.6997723573843502,0.9946823375930083,0.8387745880644436,-0.008959297481499295,-1.1837325502772875e-15,13.751453156666928
