,MAE,RMSE,NSE,alpha,beta,HFV,HFV10,LFV,FDC,r2,training_time_minutes
1,0.04847458833327315,0.15265046605099034,0.8006420076673256,0.8548691241262767,0.8445990243077389,-15.363797458582493,0.9325599999057245,-11.345016092937897,,0.5977187091020622,13.751453156666928
2,0.04971533649233542,0.15409787901385805,0.796843508212689,0.8916420244460195,0.92603204973723,-12.768135378262158,9.571034911928175,-3.191134987903007,,0.6315303718699352,13.751453156666928
