,MAE,RMSE,NSE,alpha,beta,HFV,HFV10,LFV,FDC,training_time_minutes
1,1.6596354111350202,2.986203108473888,0.2020820975635621,0.8695583519219372,0.7996011014826874,0.837368519704297,0.9174434857748718,0.5733305675489568,0.6901550260369962,26.45740382833319
2,1.2707562103852592,2.4888084981454175,0.44575410548198235,0.6353394522096751,1.0641253992056525,0.6887366644973018,0.7873306290923187,1.6947597245824018,1.2825318447940044,26.45740382833319
