,MAE,RMSE,NSE,alpha,beta,HFV,HFV10,LFV,FDC,r2,training_time_minutes
1,1.3447495947588426,2.7731635833341226,-0.018959431409909744,1.0711894800818194,0.9409984364668473,14.04394368241098,12.228195760293056,4.315416758117644,331.2938491813711,0.5228216388542407,26.45740382833319
2,1.223300536031385,2.311248737320157,0.29221836402829726,0.8051311516146673,1.2910018192852644,-10.710124789446459,0.9809440214330263,11.556320771893906,-478.43458093799694,0.786952457885077,26.45740382833319
