,MAE,RMSE,NSE,alpha,beta,HFV,HFV10,LFV,FDC,training_time_minutes
1,0.0616931514855355,0.13837020538822167,-0.014431185268700464,0.4797712932549713,0.8791242916354812,0.4421958820205552,0.705489581100189,0.6634841162085768,0.9750925315732031,15.62149149666681
2,0.2232908288905783,0.2732278924230675,-2.9553733657412202,0.5593641166080798,-1.6984490618094126,0.05601025948382659,0.05219195049882247,-8.870277741505165,-3.342611701605988,15.62149149666681
