,MAE,RMSE,NSE,alpha,beta,HFV,HFV10,LFV,FDC,r2,training_time_minutes
1,0.03846111823506578,0.05781301001816506,-0.036896266400203714,0.7889506788785171,0.9905496172576548,-33.82871325771027,-13.837855189697397,-0.6283342095516525,10.407396004429515,0.11679285245057303,15.62149149666681
2,36033.31820758804,44094.51614310171,-603188857936.4446,447644.88640593685,694139.9199342679,17274320.353028547,30766173.206105728,51603525.910892494,298.7688603015182,0.15733406201735423,15.62149149666681
