,MAE,RMSE,NSE,alpha,beta,HFV,HFV10,LFV,FDC,training_time_minutes
1,2.156049174608845,2.9495474221340143,-0.072013483579761,0.6676311762623196,1.984522717831662,0.5772180547110112,0.9331498799943783,10.003335357271814,4.322914396455944,12.25517294833359
2,21.477638932106323,22.6623201204866,-62.28462655867933,2.4702582316853885,15.201410017490979,1.9462301203178909,4.047050522183883,118.13070954167631,44.28308389094361,12.25517294833359
