,MAE,RMSE,NSE,alpha,beta,HFV,HFV10,LFV,FDC,r2,training_time_minutes
1,2.030346137377736,2.869494229437147,-0.16642663535385438,0.7199784330099005,2.1932004744140525,-38.261859744490685,2.951935730081938,51.81804458801407,-61.80921750476269,0.25388044356376416,12.25517294833359
2,18.955878428374103,20.481549160176478,-58.425428393578876,2.990320782860717,16.07825631689221,102.43070683935923,340.54047099101405,736.7842270815281,-82.63035375787739,0.4442947067104742,12.25517294833359
