,MAE,RMSE,NSE,alpha,beta,HFV,HFV10,LFV,FDC,training_time_minutes
1,192.4859795562432,220.13261614399428,-1694.5082584085244,19.98757505913505,-105.74024423191563,-0.07289014689176747,-2.156811909098044,-1280.673622644622,-314.421825257513,12.003526759999993
2,77.68302235182175,89.13170352905351,-276.9684681063471,8.154272308643337,44.01373963998685,5.665480336249289,15.19466028762094,115.01400685648402,113.7520806852477,12.003526759999993
