,MAE,RMSE,NSE,alpha,beta,HFV,HFV10,LFV,FDC,r2,training_time_minutes
1,152.44570011850206,176.62150882561417,-1481.7277798263524,19.398227656081904,-97.46917443166699,-108.42007291342188,-272.0329422591643,-1315.1807696288126,,0.24956979061252615,12.003526759999993
2,62.37932349636632,72.27654960983054,-247.29562474968571,7.995287349790125,41.25611298305008,463.74909271465,1344.8966112835578,2597.3340714317123,-46.35745725330737,0.4253253369334947,12.003526759999993
