,MAE,RMSE,NSE,alpha,beta,HFV,HFV10,LFV,FDC,training_time_minutes
1,18.881749246143677,21.96836532499967,-62.71415688931437,4.028457230332559,-16.845243740545143,0.03628956286400871,-0.18302974248158893,-423.2496097524629,-50.31889307658245,12.222510874999958
2,50.7921500434984,59.13623473011477,-460.68715785161027,11.007964181806589,-47.0119641441956,-0.039090905441437104,-0.7011964181922177,-1170.6075278310348,-140.23650555880042,12.222510874999958
