,MAE,RMSE,NSE,alpha,beta,HFV,HFV10,LFV,FDC,r2,training_time_minutes
1,18.520852872090263,21.62960770204225,-85.12309486110891,4.715401787709303,-16.88100517565679,-97.936556698333,-128.41949415154227,-285.050534925453,,0.2549322061376329,12.222510874999958
2,49.05969456864264,57.57038809507711,-609.1275796358549,12.884917241128818,-46.36683763419736,-104.74478133386044,-184.67824848890925,-612.0798014363246,,0.25756164406585347,12.222510874999958
