,MAE,RMSE,NSE,alpha,beta,HFV,HFV10,LFV,FDC,training_time_minutes
1,152.73678355327908,177.19281558901625,-1981.0626912329376,22.548499578754647,-162.5434263932912,-0.04794134096507169,-1.7709146210361024,-108513.30052082834,-4206.14218538724,16.988977543333508
2,9.585490071572726,10.109155829909856,-5.451414571563234,0.7440257449461232,10.834679296290554,0.7905311712659295,1.956035721222022,3056.5951078158896,251.48050465969234,16.988977543333508
