,MAE,RMSE,NSE,alpha,beta,HFV,HFV10,LFV,FDC,r2,training_time_minutes
1,129.24703154648975,150.07710448160074,-3029.06252148645,27.877446298836336,-217.66885868280576,-106.03916150507312,-290.5200808146446,-2326.1982117792136,,0.22242906248813354,16.988977543333508
2,9.057360207543072,9.521558895141665,-11.196601146903129,1.1170273195444864,16.061087759717843,15.025267482620155,196.6030525630379,587.2919795635904,-68.74390937991556,0.3822663507266354,16.988977543333508
