,MAE,RMSE,NSE,alpha,beta,HFV,HFV10,LFV,FDC,training_time_minutes
1,1.662145285024822,3.115968574156283,0.04540475715766157,0.5532097591823837,0.3637655236626561,0.5024649888914667,0.4836695882083723,-0.895013935010555,0.37367357349280794,21.322548283333404
2,10.075952426278581,16.436140680475148,-25.56029090870771,4.281211151551574,5.445370365368712,2.0101279790874336,3.7213914593474975,1.2115282451114036,2.012841458443317,21.322548283333404
