,MAE,RMSE,NSE,alpha,beta,HFV,HFV10,LFV,FDC,r2,training_time_minutes
1,1.7952404350403461,3.2316167044938213,0.024635834292492165,0.49856328081499923,0.3447910038806821,-54.8397009378883,-58.037773366755516,-58.36538632249952,236.15405292353253,0.3785040253400598,21.322548283333404
2,1.3565149132811642,2.5870051635846845,0.3749400135407813,0.7367416412700518,0.8832576673146074,-28.717689312528535,-25.25417451521372,-16.38234659088536,51.16490512926006,0.4914542587807954,21.322548283333404
