,MAE,RMSE,NSE,alpha,beta,HFV,HFV10,LFV,FDC,training_time_minutes
1,0.013607104412267777,0.025297648084926447,0.9434213703757331,0.9860902490566447,0.7954138905257161,1.024824724667724,0.9738899557661395,-0.0006878254229287014,1.0059897433029976e-17,18.494587573333288
2,0.012988477938566608,0.02372344893384819,0.9502437334867776,0.9800715698074371,0.7997779252068421,1.0205321550129987,0.9618472159295159,-6.664471547320234e-13,1.1799492264490766e-16,18.494587573333288
