,MAE,RMSE,NSE,alpha,beta,HFV,HFV10,LFV,FDC,r2,training_time_minutes
1,0.04066944749471475,0.1825990024882592,0.9183402781289381,1.004385666745177,0.9237961879574818,-1.2324986219556928,1.5413870714010074,-2.79784824463305,674.5253620175855,0.8254651248799999,18.494587573333288
2,0.04012863132630617,0.19412411942367241,0.9077067174924717,0.8962744548107745,0.8855445997143799,-10.107137306379308,-4.903757191224639,-7.495624370006156,,0.9537874057140796,18.494587573333288
