,MAE,RMSE,NSE,alpha,beta,HFV,HFV10,LFV,FDC,training_time_minutes
1,3.1757733499267826,5.169623410807117,0.03266027088266776,0.5834127712513222,1.952697152220777,0.5965325735048956,0.8941884215419915,15.60727476587358,4.901472043986686,29.098889843333744
2,31.1972414101699,35.31052464391376,-44.13043823921555,3.2375267431935066,14.82576439882712,2.2099677038353875,4.694825608040609,118.61542177180317,45.664304484038006,29.098889843333744
