,MAE,RMSE,NSE,alpha,beta,HFV,HFV10,LFV,FDC,r2,training_time_minutes
1,2.9360131310225004,4.233752754810896,-0.13981569032142094,0.724177877200937,2.443868538150524,-35.75262400871316,14.415536859896845,70.85472503828382,-68.06779989293207,0.283027659052809,29.098889843333744
2,26.98565961655356,30.674762488828463,-58.83372815955089,3.698956202478198,18.118525288309712,113.05652615865729,422.9157624573657,957.4024252016333,-70.09301904821152,0.4838845018911918,29.098889843333744
