,MAE,RMSE,NSE,alpha,beta,HFV,HFV10,LFV,FDC,training_time_minutes
1,0.23504249346624548,0.25279338468019785,0.121590543592766,1.329896289832667,0.512679433649948,1.124366317154728,1.1066822258568498,1.7087701795380297e-05,0.022535443893502094,34.4451026433333
2,0.23499404847757596,0.25274273173587714,0.12194252723066057,1.3297202461142266,0.51276546025969,1.1236520181554295,1.1064857933091128,2.0600882825333263e-05,0.022647251823047894,34.4451026433333
