,MAE,RMSE,NSE,alpha,beta,HFV,HFV10,LFV,FDC,r2,training_time_minutes
1,0.2243235037466498,0.2536529991928924,0.8501957592827019,1.1742231054739254,0.8752000968783576,-2.6273442624372016,3.884482406739262,9.308050948148464,484.29526360129523,0.1801954412666814,34.4451026433333
2,0.22421531595987793,0.25361588344754366,0.8502395962511439,1.1739192436717474,0.8753500705568957,-2.682068753054398,3.860078306575777,9.306720628868899,483.5122565893118,0.20726640035362165,34.4451026433333
