,MAE,RMSE,NSE,alpha,beta,HFV,HFV10,LFV,FDC,training_length_days,training_time_minutes
1,0.033481337897107825,0.07427555681571894,0.36044123320534804,0.9509325567834183,1.1339079500919296,0.7829638891313324,0.7884129327154341,1.4505460826784435,1.5182589676899143,129,7.318323634999998
2,,,,,,,,,,129,7.318323634999998
