,MAE,RMSE,NSE,alpha,beta,HFV,HFV10,LFV,FDC,r2,training_length_days,training_time_minutes
1,,,,,,,,,,0.38676378183966986,129,7.318323634999998
2,,,,,,,,,,0.4903242251697342,129,7.318323634999998
