,MAE,RMSE,NSE,alpha,beta,HFV,HFV10,LFV,FDC,training_time_minutes
1,0.161136166973312,0.2411998578742105,0.35422931164894,0.748196525533754,0.366536118635493,0.8514942153824363,0.6557787737260906,-6.845056562708663e-14,3.5502334224199235e-09,16.355817510000392
2,,,,,,,,,,16.355817510000392
