,MAE,RMSE,NSE,alpha,beta,HFV,HFV10,LFV,FDC,r2,training_time_minutes
1,0.21679636909197822,0.3395620215737899,0.8070073011621108,1.0691819804852694,0.7917937862074984,-1.8779034410600897,17.983368437836408,-3.2572544897758577,,0.5931277646145836,16.355817510000392
2,,,,,,,,,,0.6597882958858547,16.355817510000392
