,MAE,RMSE,NSE,alpha,beta,HFV,HFV10,LFV,FDC,training_time_minutes
1,0.32767965247665815,0.6471142643032315,-0.4387590440898208,0.24103084475627623,-0.04836447504835431,0.2565575164045969,0.12434758311273952,-9.476573635701872,-4.864530822544929e-08,36.992769721666505
2,0.40640587646606374,0.7848218285945165,-1.1162563197649602,0.37599850916985017,-0.29985457241762103,0.16221973223056926,0.04763080406876111,-26.44277046802595,-0.0009739674449339187,36.992769721666505
