,MAE,RMSE,NSE,alpha,beta,HFV,HFV10,LFV,FDC,r2,training_time_minutes
1,0.4804086862749443,0.7693048478581211,0.7857674698195592,1.0796478246889545,0.5888733440797355,-2.4719120523344267,12.689348342455645,-18.71417911505564,,0.47358338860074745,36.992769721666505
2,0.5803847985123571,0.897580929040267,0.7083676404382145,1.098587497280178,0.43324990367696414,-2.3002353650176603,11.697735613507529,-20.417620978945255,,0.5194709106386082,36.992769721666505
