,MAE,RMSE,NSE,alpha,beta,HFV,HFV10,LFV,FDC,training_time_minutes
1,0.01058620695231133,0.017072454579809524,0.9788524421457189,0.9378594522483953,1.048040236847458,0.952633703598904,0.9372723765272246,3.8451146299015186,7.438991534319027,49.1967621783333
2,0.0063143314901529255,0.014481868286428784,0.9847834051921779,0.9815698951053954,0.9831968420868276,0.9982771572750835,0.969510083830152,0.0006766864166777715,0.36819503243549645,49.1967621783333
