,MAE,RMSE,NSE,alpha,beta,HFV,HFV10,LFV,FDC,r2,training_time_minutes
1,0.015285913743923749,0.02489956586032941,0.9840608166425575,0.9815276010711455,1.0335092032809505,0.9974417607661206,1.0047254787584092,5.5987255933492115,1.657251957891927,0.9534806699092487,49.1967621783333
2,0.010929517658733682,0.022401862680731122,0.98709818595177,0.9946176288525681,0.995649224935755,0.9942424994825043,1.0080950960436619,0.029573372440024975,1.1614083734933935,0.9587385403475552,49.1967621783333
