,MAE,RMSE,NSE,alpha,beta,HFV,HFV10,LFV,FDC,training_time_minutes
1,2521065.3156054653,3685861.6210028846,-1961420641302.5332,1021667.6723718176,1332697.7755825012,420801.9160867833,825145.9275250376,8509.70245813102,652295.041421146,16.161981674999698
2,3.5566409129679535,4.017959673804027,-1.330793701675323,0.8359213127208903,2.76807583436549,0.9559873191699738,1.3276769666459052,11.376569175925164,4.301240365705542,16.161981674999698
