,MAE,RMSE,NSE,alpha,beta,HFV,HFV10,LFV,FDC,r2,training_time_minutes
1,2091407.3991467287,3288429.9111442524,-956878351631.0618,754875.8418204242,938403.5752671101,32755897.562223386,68616005.50470802,113421793.6447404,1282.815505312227,0.33840493919470727,16.161981674999698
2,3.698233966616187,4.486792834131497,-0.781359543166189,0.7991935366947562,2.4897227840235456,-10.251957644849227,25.259258487646733,68.39327763717513,-175.83251846477427,0.4027312097146929,16.161981674999698
