,MAE,RMSE,NSE,alpha,beta,HFV,HFV10,LFV,FDC
1,1.5130366769552681,1.7722146547527442,-6.508265000807539,1.0843288121860135,2.5349376789820752,1.4753062654752993,1.6881581628599398,4.254419576927297,5.390981752926252
2,1.8106549529706633,2.082338466165185,-9.365961438670217,0.9923839452676361,2.9455062029302645,1.4247877075834885,1.696278029102264,5.166821269548742,6.470088198816191
