,MAE,RMSE,NSE,alpha,beta,HFV,HFV10,LFV,FDC,training_time_minutes
1,0.18783211078130582,0.29139985598209406,0.21223090587854732,0.5333766395602265,0.2720933211777893,0.5908275644849497,0.46876767185037393,-8.555148397349734e-14,7.818634207013201e-14,209.7232588333335
2,0.1911549080245258,0.2956342654455061,0.1891699943372982,0.46646639239713683,0.2605246520774846,0.5023031956342175,0.4167849227968017,-1.2791926924140128e-13,2.911373729299027e-10,209.7232588333335
