,MAE,RMSE,NSE,alpha,beta,HFV,HFV10,LFV,FDC,r2,training_time_minutes
1,0.26583414715654147,0.40544817534715744,0.8648103756235166,1.0673391322616343,0.6767562310297683,1.618708102720704,8.25430339340325,-14.358473242221812,,0.30258675884224606,209.7232588333335
2,0.25706665370086135,0.4029134261920273,0.8664954276850174,1.1307317131586898,0.7146235604298079,10.161432092146402,10.364762679748972,-10.457909796697999,,0.4316655904830752,209.7232588333335
