,MAE,RMSE,NSE,alpha,beta,HFV,HFV10,LFV,FDC
1,0.02319827770821907,0.04628290284727601,0.8931513782174754,0.8661283511269868,0.8546853212675236,0.9661661314491324,0.8824797142466265,9.40465374124481,12.406267275512297
2,0.05244138743625017,0.07894033109721339,0.6891680649886114,0.8042648977518901,0.9069766333479462,0.993128582248944,0.852779240393406,1345.6237143056521,75.17371042793602
