,MAE,RMSE,NSE,alpha,beta,HFV,HFV10,LFV,FDC,r2
1,0.04121551934516629,0.07025872215442962,0.9319436978019722,0.9852721465344537,0.9462037772979216,0.9734802413688719,1.038356133344055,19.08310982412826,1.1515205316041999,0.5984428211000828
2,0.07067599594699363,0.09691183766883742,0.8705143883626856,0.965041566827959,0.9258466347601735,0.9793655342923133,1.0458275033750282,444.97534149609567,1.5272952824706352,0.7242538625357988
