,MAE,RMSE,NSE,alpha,beta,HFV,HFV10,LFV,FDC,training_length_days,training_time_minutes
1,0.3714762450754525,0.6042405010793329,-0.11048708568162602,1.7371527015065251,1.0306361550055894,1.6187401315287728,1.6090214764263533,0.1982786369114925,0.4218132257509669,468,57.9245806033335
2,2.5515306568510456,2.7897030874148983,-22.670629882806484,2.542780926196159,5.14454724097499,2.4850297089013313,3.716437183070652,6.0998379449502975,7.015814861866023,468,57.9245806033335
