,MAE,RMSE,NSE,alpha,beta,HFV,HFV10,LFV,FDC,r2,training_length_days,training_time_minutes
1,0.5528211726709115,0.9771031950386779,0.21292226506076228,1.0464441274960807,0.6841236303422491,-0.9152708041252022,12.543570433103143,-2.841987494898591,390.3389475548042,0.3245704999903892,468,57.9245806033335
2,1.0964046025275154,1.3844358056103485,-0.5800921161342201,0.9685395050788211,2.1058432092676833,-15.608735975059039,38.050790232715876,97.51180335302081,49.27703136553088,0.3560541437500574,468,57.9245806033335
