,MAE,RMSE,NSE,alpha,beta,HFV,HFV10,LFV,FDC,training_time_minutes
1,6.506222571344963,6.9872963682282565,-8.28971942704951,1.2743382723017835,3.947017024413465,1.2070011111446535,1.8626517869289851,10.031771882651297,5.901085855740079,31.51961929500006
2,13.534160886950087,17.65143930158341,-58.28495791335274,5.266446644771519,7.124158115485903,3.8556185389117386,5.758422423830802,8.25272040016323,7.829540135181841,31.51961929500006
