,MAE,RMSE,NSE,alpha,beta,HFV,HFV10,LFV,FDC,r2,training_time_minutes
1,5.660481125813262,6.068312558345917,-8.796549048255423,1.2655331806819803,4.106796937277231,35.73776897397404,103.61415800039019,172.22976747537191,-170.82076457864918,0.2788121967636721,31.51961929500006
2,17.132834552374966,21.213172309384436,-118.71497330308564,6.4799247702466785,10.509959266165188,344.4198732764227,611.2322486309548,828.1658823521869,-1.6848022816869284,0.309394910032742,31.51961929500006
