,MAE,RMSE,NSE,alpha,beta,HFV,HFV10,LFV,FDC
1,0.028181301785216648,0.08483832579561884,0.414815322661063,1.5829708988724198,1.2050601741252713,1.839457449199695,1.4847778863801564,-4.059389346144234e-10,-2.4142333984920884e-15
2,0.06613244968753956,0.14836408786642763,-0.7896427633695589,1.0936255343328325,-0.21941255196131712,0.8649943995460526,0.5810482257125004,-15214.432512386387,-0.03167286332203504
