,MAE,RMSE,NSE,alpha,beta,HFV,HFV10,LFV,FDC,training_length_days,training_time_minutes
1,10.814294809261124,11.10477987097134,-117.31154706354305,2.2103710178647717,-10.71004067088478,-0.5206948423965088,-2.0567320801415483,-26.352388063609492,-20.696347119728827,2231,890.4391877300002
2,22.262000653300397,23.36756389119294,-522.8827552630726,6.878282337845619,-23.106177685806923,-0.6557330514695512,-3.1494877506387318,-62.78823881929767,-50.29571609573139,2231,890.4391877300002
