,MAE,RMSE,NSE,alpha,beta,HFV,HFV10,LFV,FDC,training_time_minutes
1,0.13900162287369588,0.15824968623390576,0.49305900029400584,1.1156599639645628,0.5012257980724129,1.0894384294736725,1.0081668999764515,-3.6667021157662244e-05,0.0026231114733648374,21.043619198333182
2,0.9206424079153032,1.1724305816888563,-26.825692268483653,3.9396311071235965,4.628837358269014,3.2210583573969918,3.710661026922321,4.4231993662926,5.172305931318946,21.043619198333182
