,MAE,RMSE,NSE,alpha,beta,HFV,HFV10,LFV,FDC,r2,training_time_minutes
1,0.23471020152724328,0.3283023962034396,0.6444554935224496,1.0465880426275886,0.7155329924557802,-14.44264599573753,8.88002564223281,-2.3897548200595353,544.0425658709424,0.16864523273865784,21.043619198333182
2,1.209270762546648,1.4261409082300402,-5.709200070080656,1.825180171967147,2.8520132327619563,7.9513234862274755,97.91064326417964,158.31642379256573,-16.67292399987537,0.278376159352821,21.043619198333182
