,MAE,RMSE,NSE,alpha,beta,HFV,HFV10,LFV,FDC,training_time_minutes
1,1.773774886265781,3.9692724795489647,-0.6069148875934234,1.243498059440523,1.1970459554332924,1.2481418696555873,1.3886778598151794,-1.4301910268140208,0.72766758665616,14.593321104999632
2,1.4384910158901127,3.165654093529937,-0.022110771381384176,0.9388232832532324,1.2319059814811995,0.9369589232860887,1.0488479673188724,2.2648943512405864,1.625250614893274,14.593321104999632
