,MAE,RMSE,NSE,alpha,beta,HFV,HFV10,LFV,FDC,r2,training_time_minutes
1,1.5134686550731853,3.396457051910487,-0.11677196860648453,0.9708242282951575,1.200899645491603,-1.5389635719498893,29.71875987137067,34.15609470838453,,0.3654947767545368,14.593321104999632
2,1.2329692446661211,2.855482333610389,0.21064710697281264,0.7247871513084013,1.2746667975790251,-24.547662621010275,-2.643975267428453,12.532252053191176,-32.83066298091069,0.5966117337888187,14.593321104999632
