,MAE,RMSE,NSE,alpha,beta,HFV,HFV10,LFV,FDC,r2,training_time_minutes
1,,,,,,,,,,0.17473872014576064,7.5156429266668665
2,,,,,,,,,,0.6093375798260205,7.5156429266668665
