,MAE,RMSE,NSE,alpha,beta,HFV,HFV10,LFV,FDC,training_time_minutes
1,1.492847519627247,3.1773039058808896,-0.6368160619338246,1.190168765075549,1.1297458524418311,1.2853788293339607,1.2457605850303504,1.0747800810491968,1.1003640488849054,16.016900765000415
2,16.5805338537387,16.70802056445886,-44.26185688316108,0.0,7.759346958763742,1.3634520734389899,2.5532346506515764,23.630400121028572,11.092481938316135,16.016900765000415
