,MAE,RMSE,NSE,alpha,beta,HFV,HFV10,LFV,FDC,r2,training_time_minutes
1,0.9705262622320348,1.7579809735153293,0.18388147182518444,0.7233627584293316,1.1340568547816365,-27.23854087220932,-7.301076611278578,3.5406242517477486,-49.20082820916901,0.13825039776368364,16.016900765000415
2,1.415148402798905,2.400350661745668,-0.5215081383304094,0.0,0.1501575117262879,-97.59703792837091,-95.31189352028495,-92.45231196289699,-212.8280073724724,-1.1925438414550626e-09,16.016900765000415
