,MAE,RMSE,NSE,alpha,beta,HFV,HFV10,LFV,FDC,training_time_minutes
1,4.757509643123486,5.816858935640326,-1.4802275148499775,0.5719455447413915,-1.168993933728235,0.22757999479588104,0.17134560124301593,-24.759861184343336,-3.3003367541546167,27.394893023333317
2,2.169215536977331,3.3238472970654103,0.1901649223305385,0.634877895901894,1.4257636093862625,0.5935151133749355,0.8086924008942232,6.0892251358032174,2.642787205089934,27.394893023333317
