,MAE,RMSE,NSE,alpha,beta,HFV,HFV10,LFV,FDC,r2,training_time_minutes
1,5.215355868959109,6.344421991147199,-1.389338822144548,0.5515501416864427,-1.1861731163169629,-78.66388161885997,-85.4921083748026,-107.62796302137615,,0.3200792611706972,27.394893023333317
2,2.3066632522671413,3.71882311419219,0.17907277402396826,0.591207181848573,1.2758483461460977,-41.83867276038276,-29.995728301947263,-5.199902053641656,-87.69310901152527,0.4195431886160762,27.394893023333317
