,MAE,RMSE,NSE,alpha,beta,HFV,HFV10,LFV,FDC,training_time_minutes
1,,,,,,,,,,14.769422338333303
2,0.43918345303629863,0.6455514782489723,-0.4243031481655586,0.20597901362707874,0.2793018185347682,0.22636502150467602,0.20317571183187427,0.2852448118374191,0.3663342335976056,14.769422338333303
