,MAE,RMSE,NSE,alpha,beta,HFV,HFV10,LFV,FDC,r2,training_time_minutes
1,0.29029703981215876,0.35692334991518304,0.6841926214941105,0.7423097554838943,1.0316437560069662,-6.003270164108617,-12.892396560672843,-13.872027977245592,-71.09312576223675,0.563105359785456,14.769422338333303
2,0.2955092608328332,0.4404247335593792,0.5191432106545253,0.613078155755681,0.9244810696819622,-28.705339310460584,-36.05092948166293,-26.602030038776928,-21.00751721457285,0.8077398895978439,14.769422338333303
