,MAE,RMSE,NSE,alpha,beta,HFV,HFV10,LFV,FDC,training_time_minutes
1,0.9397925642157862,2.593912834397391,0.11171728273653136,0.2871145585738175,0.5514344110197112,0.27623255873963665,0.411800465957932,-0.238717509568057,0.9789245771244635,16.377993833332827
2,0.9335718049446589,2.59467112051756,0.11119785825930506,0.29010211112515605,0.3797079653742268,0.2707263736570204,0.3880110933780628,-2.5854565890237486,0.4278264933969352,16.377993833332827
