,MAE,RMSE,NSE,alpha,beta,HFV,HFV10,LFV,FDC,r2,training_time_minutes
1,0.9139485878038904,2.156161812368912,0.1441748544582887,0.42960981896792616,0.5649943663202163,-65.01135220972708,-54.49492350653766,-44.30709172504849,-17.97439267031939,0.3754136257897459,16.377993833332827
2,0.9279952343270257,2.1605388264727883,0.14069667312331025,0.4257690187380507,0.4038046071943062,-65.83351093328976,-56.766098210561275,-50.08296720660151,,0.3833603829078476,16.377993833332827
