,MAE,RMSE,NSE,alpha,beta,HFV,HFV10,LFV,FDC,training_time_minutes
1,0.02134012610701474,0.045031561883933015,0.840736558983564,0.8538150030906161,0.6588866411428658,1.0088937082762939,0.8122379349163921,-3.6330234927872997e-11,3.9350995934752783e-13,16.806341678332924
2,0.020036803660240732,0.039953357981873536,0.8746314372209876,0.7860730252568505,0.7437181801157342,0.8965038030243114,0.7847657575783362,0.006575082795373681,2.7762307642401325,16.806341678332924
