,MAE,RMSE,NSE,alpha,beta,HFV,HFV10,LFV,FDC,r2,training_time_minutes
1,0.04760488846566021,0.07417415825436252,0.8854649821625088,1.0525935308524477,0.793260364350562,3.9080312690169388,8.193475804391063,-13.140364445649542,,0.8056085802974844,16.806341678332924
2,0.031799344519192974,0.05147830761142464,0.9448327219880241,0.9429223770669181,0.8955461467739924,-6.287995066443674,-5.617859797544994,-10.1886280792712,99.72598692993614,0.8667134149164246,16.806341678332924
