,MAE,RMSE,NSE,alpha,beta,HFV,HFV10,LFV,FDC,training_time_minutes
1,0.2550455872844508,0.3457267926818923,-0.23634595176212558,0.9332640058751096,-0.1777108349805896,0.590295708419064,0.7928831384026246,-13.653761670822398,-1.8220710641844815,20.21870391666671
2,0.18076930430182594,0.2976148308761119,0.08381521455687568,0.7937783214821691,0.47934105537049265,0.43963231946446873,0.7660707323155096,-7.933370304531168,-0.020566748656290285,20.21870391666671
