,MAE,RMSE,NSE,alpha,beta,HFV,HFV10,LFV,FDC,r2,training_time_minutes
1,0.2317018012164277,0.280241402751924,-3.046741741109929,1.304060135328479,-2.0502926206836434,58.87555000494846,13.569253941298326,-80.26129753572982,,0.06526927710088692,20.21870391666671
2,0.15240547272707317,0.20501230441607962,-1.1657122212049855,1.0293090528375304,-0.9180161432698153,6.252213421087635,14.822930258625394,-41.715558982434764,,0.08536866806270471,20.21870391666671
