,MAE,RMSE,NSE,alpha,beta,HFV,HFV10,LFV,FDC,training_time_minutes
1,,,,,,,,,,15.962137826667943
2,0.19084464861104097,0.24672047418651125,-1.403128764923522,0.13232933113871964,0.024777579927173027,0.1392430741057085,0.08003986442991701,-0.046614788085598616,0.0079745883083503,15.962137826667943
