,MAE,RMSE,NSE,alpha,beta,HFV,HFV10,LFV,FDC,r2,training_time_minutes
1,0.14353193971282674,0.16544111230543712,0.5196011853713125,0.9493460117675638,1.099674230483549,-3.320059377048205,-6.271827581587274,-4.219479050297277,-9.392559172582013,0.8199276952860312,15.962137826667943
2,0.11013214623865505,0.1299134843255407,0.703773773552982,1.084876847357428,0.8117689507823308,-12.06222588724072,-11.136597162119662,5.319043659192982,101.03505721475844,0.9530658224820822,15.962137826667943
