,MAE,RMSE,NSE,alpha,beta,HFV,HFV10,LFV,FDC,training_time_minutes
1,0.3320703963644068,0.8155843952303151,0.8153721159680549,0.7105244485859059,0.9155683854830797,0.5754887951662938,0.7449577224076942,1.5239664164113398,1.08864581387379,10.387011348332939
2,3.688067214130189,4.332885798193438,-4.210914674525451,1.314935054888289,-2.5523238726961486,0.36369873861893476,0.28522742212573676,-61.33687955741381,-11.736820292987337,10.387011348332939
