,MAE,RMSE,NSE,alpha,beta,HFV,HFV10,LFV,FDC,r2,training_time_minutes
1,0.29928257125555313,0.5723482963346628,0.8586449839537096,0.8053584320747553,0.9963862452897567,-29.042344775017547,-16.348784134540928,-5.545878115285289,-3.68913662008434,0.4253122867494158,10.387011348332939
2,3.016145598447162,3.5012742264117986,-4.289841861504345,1.3389085521604842,-2.418250300160352,-53.11896445702796,-68.70162111858792,-92.12866648409093,,0.4335449506925696,10.387011348332939
