,MAE,RMSE,NSE,alpha,beta,HFV,HFV10,LFV,FDC,training_length_days,training_time_minutes
1,0.3665226636590094,0.461476762367098,0.40634587677915956,0.9007214101501698,1.199054006644258,1.0976690967565295,1.110660454907331,2.51946224322783,1.689139391591406,404,28.008658585000013
2,2964.9810194618444,4069.436766863307,-46163891.771335796,4654.161735662711,3903.9953278797257,1932.8191069229083,3174.5473097161594,2.7462502256100505,9.139125302735591,404,28.008658585000013
