,MAE,RMSE,NSE,alpha,beta,HFV,HFV10,LFV,FDC,r2,training_length_days,training_time_minutes
1,0.3967170546465161,0.46901732221425463,0.0888761944389066,0.766300970123772,1.204440202035637,16.65787717492556,11.94715722976583,-2.915050723172903,-63.11953152147037,0.22976719966599946,404,28.008658585000013
2,0.4583643779702936,0.5903039776322335,-0.4432815088864097,1.0721233630303957,0.9164331554040774,25.05762985340955,21.279040996710055,-2.84464933891509,-2.2813395936602547,0.3194632045238429,404,28.008658585000013
