,MAE,RMSE,NSE,alpha,beta,HFV,HFV10,LFV,FDC,training_time_minutes
1,0.037919300233583114,0.07429227409517702,0.7854343681031768,0.7995328774705178,0.5469141465984834,0.9710391914454656,0.7497031277025361,-1.8174173243536422e-12,-7.897422817325739e-16,11.937741588333317
2,0.03682052782531134,0.0756701569330739,0.777401555818693,0.6558426957805231,0.5838852487108925,0.7614654660063167,0.6551411458254778,0.00036349017817049106,0.5447173562401759,11.937741588333317
