,MAE,RMSE,NSE,alpha,beta,HFV,HFV10,LFV,FDC,r2,training_time_minutes
1,0.07722719532533423,0.13357558111059184,0.778629290421462,1.1229236599503216,0.7349455338435843,24.552826439843685,11.574264590535543,-17.31760318708434,,0.7832633368773327,11.937741588333317
2,0.0548673600171087,0.09836836615643094,0.8799459186690307,0.8946695913802166,0.7847680984918062,-2.6813429415108554,-10.97365261825825,-20.5133056261136,48.31884205930078,0.8438487376270369,11.937741588333317
