,MAE,RMSE,NSE,alpha,beta,HFV,HFV10,LFV,FDC,training_length_days,training_time_minutes
1,0.4542321048764745,0.5857385068086385,-4.459452798602758,2.0474087689171108,1.8668405181175747,2.1121934099693673,2.058111993708977,1.9050462035352107,2.0563882402995604,371,14.83232377333333
2,0.644016763051052,0.7029965772378061,-6.864081126410283,1.1906710456300456,2.255050988370809,1.6356801775137966,1.8328255619995104,2.776181216668414,3.4529762057319466,371,14.83232377333333
