,MAE,RMSE,NSE,alpha,beta,HFV,HFV10,LFV,FDC,training_time_minutes
1,0.09614210069828946,0.22442075096056333,-1.9591860068885136,0.56226842660917,-0.5007400115530707,0.00015561587533889138,4.412616295092779e-05,-340.3544526521856,3.3297239431448836e-15,8.672451786666352
2,0.09430027737681358,0.22284685901864426,-1.917825238082877,0.5589957393730635,-0.47199004617652685,0.0007101538970124739,0.0002013699855971245,-320.8805380898088,5.494198258484545e-15,8.672451786666352
