,MAE,RMSE,NSE,alpha,beta,HFV,HFV10,LFV,FDC,r2,training_time_minutes
1,0.220588013867919,0.4296161726936439,-2.3353620043474534,0.5822158993045745,-0.5370315477177958,-99.94747320303945,-99.98104168832667,-99.98962519682986,,0.5230807411907659,8.672451786666352
2,0.21581168817897467,0.42230580560696135,-2.2228184203335144,0.5585518426263669,-0.5037506675042495,-99.94171403512696,-99.97896305215292,-99.98848767775455,,0.5923224270583012,8.672451786666352
