,MAE,RMSE,NSE,alpha,beta,HFV,HFV10,LFV,FDC,training_time_minutes
1,1.2885216482675383,2.1271559741369135,0.08112639283596967,1.0253328871627385,1.0900665762412005,1.0552928099631849,1.0402539596738412,1.172099524947529,1.1994798547641392,18.66974509
2,2.4274040642526757,2.9494106631126757,-0.7665567677983314,0.9791882359627516,1.981280513479163,1.0001521358125345,1.1750218761450155,4.57331111699681,3.0472141874017855,18.66974509
