,MAE,RMSE,NSE,alpha,beta,HFV,HFV10,LFV,FDC,training_time_minutes
1,0.3065329204006506,0.5771133609726488,0.6092112984889333,0.6388891149514907,0.606736458683929,0.5605768454054783,0.6468851951344015,0.015461082328882778,0.3664426537574741,12.371400266666509
2,5.261456923710931,5.941239705494672,-40.41654726106628,2.920152035389872,-7.50335247126517,0.17431355198565487,0.09198294175239281,-61.94688779124552,-25.450910499708854,12.371400266666509
