,MAE,RMSE,NSE,alpha,beta,HFV,HFV10,LFV,FDC,r2,training_time_minutes
1,0.21087012417753842,0.39714723672133206,0.5525769175664199,0.9688102659441075,0.8891400834318494,-4.532954002897503,-3.4546773024322275,-0.21084925330181514,148.34201173283446,0.28992155002263387,12.371400266666509
2,5.120896952756949,5.869818664484741,-96.73827388654114,4.727368778155122,-13.300896860699218,-79.1049335575348,-88.42194971668168,-216.83164633105187,,0.5152169783408934,12.371400266666509
