,MAE,RMSE,NSE,alpha,beta,HFV,HFV10,LFV,FDC
1,0.37888871361989407,0.5245640674103467,0.6370695483310086,0.7823695907689193,0.9862258845011064,0.7713733338769397,0.7884104434820634,0.6094891654424629,1.4676897302311782
2,10474.480307017202,25988.292765715345,-890803333.5494425,27314.81282406025,-14853.079834077216,0.1117168980388564,-0.08478951821301489,-184519.74421072172,-1494.7970357197248
