,MAE,RMSE,NSE,alpha,beta,HFV,HFV10,LFV,FDC,training_time_minutes
1,4.1933251452987,4.2242546560513325,-1041.8611073447196,3.6316782222446355,-61.94271728267708,-1.8034600393219131,-8.720902658934474,-5677.9773341769405,-3125.672552356971,13.293979018333266
2,0.028771204447174858,0.05651124668758919,0.8133637220295282,0.8357964685602304,0.5794543079764253,0.9818588797526673,0.7839852694221384,-0.30959122538624556,-5.225866539731161e-16,13.293979018333266
