,MAE,RMSE,NSE,alpha,beta,HFV,HFV10,LFV,FDC,r2,training_time_minutes
1,4.451532366354715,4.617912245363578,-64.81152257966771,1.4021731420778751,-21.721620349043143,-115.11075241836743,-380.3002391398512,-765.1451518457325,,0.10561196174322351,13.293979018333266
2,0.08097416538835425,0.21021599481330985,0.8636226956878567,0.8410678859466423,0.7448718442343889,-15.845078227325239,-4.970517056325991,-19.088200824972553,,0.21737049094053018,13.293979018333266
