,MAE,RMSE,NSE,alpha,beta,HFV,HFV10,LFV,FDC,training_time_minutes
1,0.018652780725305206,0.03716802283529807,0.9372502247793487,0.9254298499238951,0.8049574080527686,1.0249959605990668,0.9079655332739145,4.3016391387292744e-10,0.0024211200672660757,12.937821728333317
2,0.018869299117782835,0.03668485123644272,0.9388710719050493,0.9336960299753166,0.8024359923808538,1.031257101868939,0.9164798801467686,-1.249764350505674e-11,0.00017021546820150557,12.937821728333317
