,MAE,RMSE,NSE,alpha,beta,HFV,HFV10,LFV,FDC,r2,training_time_minutes
1,0.032065829758283794,0.054730960213555696,0.9632729254483988,1.0069801575266524,0.9021528388985457,0.6364608391110252,4.00392026224112,-6.550667238520679,192.5398176611881,0.9093598719765166,12.937821728333317
2,0.03186922776128083,0.053878185610803486,0.9644085136122881,1.0164509130241872,0.9055210162402293,1.3148498428825355,4.772733403271102,-5.5236770620776445,273.93839327071413,0.9261371269744896,12.937821728333317
