,MAE,RMSE,NSE,alpha,beta,HFV,HFV10,LFV,FDC
1,0.4824698371842998,0.6867512652574722,-0.038548835838177586,1.1439911405483592,1.3425985058031842,1.3740029361289252,1.4625683733213835,2.6506688782543915,6.339010267080382
2,0.5519674288120423,0.6587399643090666,0.04444429295168295,0.40624593046210117,1.3179873136789995,0.852535693809471,0.9090967331943269,4.788834106015998,11.967502745120527
