,MAE,RMSE,NSE,alpha,beta,HFV,HFV10,LFV,FDC
1,0.3035665530531549,0.4039088764233684,0.3823499175388616,0.8250524828275808,0.8319052232756119,0.6101833748276083,0.7590870825086987,0.3128825823155828,0.9678743864363228
2,0.2536603438362324,0.3739683256716693,0.4705251345327297,0.6016368448347859,0.8473481955069981,0.5821082595921787,0.6585526018493246,1.0122838743889,0.9609982897642351
