,MAE,RMSE,NSE,alpha,beta,HFV,HFV10,LFV,FDC,training_time_minutes
1,0.15398397573627842,0.1945806033351817,-0.49474032516376143,1.0010861067941166,0.40415170899589115,0.8151395235336242,0.8078925791214265,-3.2082379259897673e-07,0.0006610134674702886,15.394839685000868
2,0.126035490173404,0.18137185217454732,-0.29869280912388474,0.9536998809183762,0.6090628947573232,0.7623584713356345,0.7604173682151207,0.054288610714494756,0.41177937967248085,15.394839685000868
