,MAE,RMSE,NSE,alpha,beta,HFV,HFV10,LFV,FDC,r2,training_time_minutes
1,0.17218395784884163,0.20154959038814688,0.28701747712825576,1.5152698486656109,0.7355303464763743,20.73136426226383,22.652822481071773,18.428928049132764,845.0694853418995,0.48431386216780914,15.394839685000868
2,0.166977757731275,0.19397722899063413,0.33958558123920035,1.353099839992079,1.1068113862215347,-3.8885806342722975,7.2466949437090875,36.22176107378368,138.07707442179262,0.8253299804532014,15.394839685000868
