,MAE,RMSE,NSE,alpha,beta,HFV,HFV10,LFV,FDC,training_time_minutes
1,0.09750646973683827,0.17162259787305081,0.32792958815519835,0.7922346808711166,0.4497733017258706,0.8257154951088013,0.7049230686758023,-0.0002736602064086182,1.7301975331199803e-09,12.558852193333829
2,,,,,,,,,,12.558852193333829
