,MAE,RMSE,NSE,alpha,beta,HFV,HFV10,LFV,FDC,training_time_minutes
1,,,,,,,,,,12.821409311666988
2,0.027424846832854437,0.05878320937544196,0.7217327688031488,0.6610450824529615,0.5218900038833939,0.7876843413275009,0.6438900810575118,-7.19503737805276e-11,6.195537602081861e-05,12.821409311666988
