,MAE,RMSE,NSE,alpha,beta,HFV,HFV10,LFV,FDC
1,0.4178764382532102,0.5619106217253151,-2.9937434460940384,0.5050401855606957,-1.1491917552166724,-0.026550197193547356,-0.0487714888053813,-4541.771844169302,-2.9983424657592566
2,0.0873042451467999,0.15583096596850077,0.692848100660804,0.8820057104970561,0.6252946229532345,1.0298138338404936,0.8630697450500748,1.637912382677926e-08,0.0002609854263424035
