,MAE,RMSE,NSE,alpha,beta,HFV,HFV10,LFV,FDC,training_time_minutes
1,3.4326580745547206,5.508089051451988,0.32735191844800504,0.9899116608566219,0.8684525387962334,0.8677295578049363,0.9459028321708667,-0.39996870720949335,0.7495052347737146,13.611466539999432
2,3.2381067953019858,5.520309625685827,0.324363853226334,0.9798234383453952,1.0421489562934758,0.8984176565210582,1.0001903507066037,0.6842939715064499,0.9663888240483842,13.611466539999432
