,MAE,RMSE,NSE,alpha,beta,HFV,HFV10,LFV,FDC,r2,training_time_minutes
1,2.8312599324560055,5.367076488634613,0.4186078711879251,0.7495077594057598,0.6175572066888806,-30.670596592104996,-29.0229588891135,-26.18291588033916,,0.46681788003022784,13.611466539999432
2,2.427494046848201,5.098271127904878,0.4753865342743989,0.7351524244705601,0.8172886578228313,-28.215484081835413,-24.578697606299972,-18.18647679810331,-32.21152148883482,0.4671169597247843,13.611466539999432
