,MAE,RMSE,NSE,alpha,beta,HFV,HFV10,LFV,FDC
1,1.636882453011437,3.3602121319833262,0.2082075780565794,0.5099199078372005,1.2239156342372963,0.5020334234920704,0.6998490799125728,5.491759742786408,2.2914656010901
2,595.8117240662509,960.7632039103256,-64729.755132020706,199.5765763598267,-312.90039051179895,0.01402475521163408,-0.6257603196019171,-9512.133533714037,-401.1480375234433
