,MAE,RMSE,NSE,alpha,beta,HFV,HFV10,LFV,FDC,training_time_minutes
1,0.02389536252985341,0.04737932070101522,0.8360358693169704,0.828780229360985,0.6073938173106457,0.9676794413554991,0.7825088888041575,-4.920356577679303e-12,-1.5027728250399823e-15,41.60107308999989
2,0.036358559191011275,0.06811531333706487,0.6611084744811719,0.5815221973674237,0.4582803585102063,0.6964997065227755,0.5540718056832675,5.608131382220152,3.114298344017281,41.60107308999989
