,MAE,RMSE,NSE,alpha,beta,HFV,HFV10,LFV,FDC,r2,training_time_minutes
1,0.04793337747166751,0.08013806798070656,0.8691244514394671,1.0516994573751062,0.7769013315732014,9.600073757253856,7.038539882731405,-15.402284221818942,,0.6885324796386546,41.60107308999989
2,0.06605213598616423,0.09609907245956914,0.8118001942236507,0.7671084444067564,0.5854748830071387,-15.451684280172744,-25.045471228641038,-40.85232148162234,-54.73418035745065,0.8350715174246155,41.60107308999989
