,MAE,RMSE,NSE,alpha,beta,HFV,HFV10,LFV,FDC
1,6.430699781412697e+16,3.0477115210311686e+17,-4.118357161905541e+34,1.9836839866997232e+17,-7.235722794866027e+16,0.089349426520471,-0.29750663804074395,-1.5929412573130941e+18,-110097189568.90588
2,1.494185670172418e+20,7.570051125634788e+20,-2.5408201179395177e+41,4.9414891093682094e+20,-1.6812343416619057e+20,-0.016923795988619313,-3.660282900132032,-3.701231843313716e+21,-26116518002537.746
