,MAE,RMSE,NSE,alpha,beta,HFV,HFV10,LFV,FDC,training_time_minutes
1,0.17124155543177205,0.3605456529531747,-0.7908473065075665,1.8017143549997119,2.641931024493027,1.4151158449237409,1.8907689176686062,0.07017962699772208,69.76596954717147,16.740860971666795
2,0.07037297028438246,0.139793370518122,0.7307776052694315,1.2041642910500125,0.9322557650180209,1.197284393105925,1.169970615674607,-766.1698425834846,-0.24593860866186548,16.740860971666795
