,MAE,RMSE,NSE,alpha,beta,HFV,HFV10,LFV,FDC,r2,training_time_minutes
1,0.35960244960592447,0.5597372246185265,0.7903710938168196,0.94621459341823,1.4574927266343798,-4.039425301212934,-7.662514291008865,21.742177004195415,1.1183286101550736,0.7247738490499,16.740860971666795
2,0.12364373196712768,0.19885907548566775,0.9735409881918031,0.9810318717238595,1.0289052112381503,0.7263617594909815,-3.5797258191631975,4.015406256689838,,0.7701737518442106,16.740860971666795
