,MAE,RMSE,NSE,alpha,beta,HFV,HFV10,LFV,FDC,training_time_minutes
1,0.02746703844558774,0.04645475347596466,0.862066618780837,0.8910739950042185,0.7001960686410919,1.0172671019732722,0.8795061806035483,2.5413598742137304e-06,0.019600847774544933,22.087768058333314
2,0.02822789271719738,0.046242164508085076,0.8633261678207365,0.8239034725766464,0.7338269827349124,0.9019564812793301,0.8195599685323447,0.0002791619346347088,0.19387962790500504,22.087768058333314
