,MAE,RMSE,NSE,alpha,beta,HFV,HFV10,LFV,FDC,training_time_minutes
1,0.29319372828651225,0.5562848237520228,-0.9955638800690758,0.4692406272244183,0.07517944702469377,0.26036807635875575,0.26183670240278817,-1.6894333442254532,3.5131349328342963e-12,27.73880017166666
2,0.11416729554180552,0.13549147117041122,0.8816154227924226,1.1368472679501747,0.7858794626181549,1.0457659103316435,1.0361017930828798,4.065738137018834e-06,0.011356840543861216,27.73880017166666
