,MAE,RMSE,NSE,alpha,beta,HFV,HFV10,LFV,FDC,training_time_minutes
1,0.7289092958462636,0.9793282263717136,-1.6049942165762086,0.6026276854822115,13.059318112839932,0.7353127831327674,2.9935977600594557,33.38584135299244,56.493650092638426,22.603781458333835
2,0.8932993977886657,1.1114143798753617,-2.355075074292945,0.6520378293975658,16.065658641854448,0.8038570761946806,3.3250854441657416,47.6520548600473,73.73621932244559,22.603781458333835
