,MAE,RMSE,NSE,alpha,beta,HFV,HFV10,LFV,FDC,r2,training_time_minutes
1,0.5466858063242075,0.6389646683245477,-53.35363880101759,3.7798520499650876,38.31921235549562,312.3400454472977,1381.0407540948884,2792.4510355446077,9.026688859228807,0.0273025457713304,22.603781458333835
2,0.6908320958408287,0.7919111625511474,-82.48873188093192,4.437680460330741,48.30046617759955,383.8709400040792,1652.263917548186,3396.8442030580864,6.27611902870742,0.03137851661023083,22.603781458333835
