,MAE,RMSE,NSE,alpha,beta,HFV,HFV10,LFV,FDC,training_time_minutes
1,0.021787967145080227,0.04670444228343029,0.8675687330153772,0.8352688839762027,0.7072696293686224,0.9481856221557576,0.8210768494941137,-0.001312996857656907,2.53210254193866e-05,13.283891326666344
2,0.024817816764283598,0.05371493254792519,0.8248281878742636,0.6826334390251584,0.6246844489328152,0.7603265321595152,0.6812598001401369,1.0317612887667802e-08,0.011488006955532025,13.283891326666344
