,MAE,RMSE,NSE,alpha,beta,HFV,HFV10,LFV,FDC,r2,training_time_minutes
1,0.04264836761963564,0.07791988635947648,0.9154776271902494,0.9967732175684313,0.8758025024027462,-2.0884711039348116,5.558700550546945,-9.371436976385278,,0.8247613940954885,13.283891326666344
2,0.0441723228835497,0.08627699854594752,0.8963748634092854,1.0011530490679663,0.9287600163925633,1.1976960434638326,0.36289972245049584,-6.222701907828786,134.0821554154233,0.9026394484559591,13.283891326666344
