,MAE,RMSE,NSE,alpha,beta,HFV,HFV10,LFV,FDC,training_time_minutes
1,1.2570200205331716,2.4672286153492524,0.13670360746863075,0.41448513463390724,0.924788601704971,0.3400071119842545,0.4883378429724004,4.019652562309594,2.1024625250107953,32.553641760000026
2,1.017882377204315,2.2717440271757368,0.2680862112370289,0.41606897427073053,0.6596569689681949,0.4268238876646395,0.47247486742896216,2.4509341296869374,1.1201032920885021,32.553641760000026
