,MAE,RMSE,NSE,alpha,beta,HFV,HFV10,LFV,FDC,r2,training_time_minutes
1,1.2218392351279828,2.2164502972662925,0.1690574781397184,0.49623214668669363,0.9523250504313615,-60.579357838903896,-42.2600477870202,-25.399657720401578,-71.28942483261682,0.285767525709291,32.553641760000026
2,1.0236059367836243,2.009314810544846,0.31710967358051523,0.5558877037290523,0.7574101922680598,-46.978798492388655,-38.09931014293895,-32.69116778555204,-49.26370790149048,0.44371533193140467,32.553641760000026
