,MAE,RMSE,NSE,alpha,beta,HFV,HFV10,LFV,FDC,r2,training_time_minutes
1,,,,,,,,,,0.3183244882138875,21.422485006666648
2,,,,,,,,,,0.7269514120972629,21.422485006666648
