,MAE,RMSE,NSE,alpha,beta,HFV,HFV10,LFV,FDC,training_time_minutes
1,107.6013865482844,124.85223025235362,-2018.052378741795,22.788937786244663,-94.6011086251864,-0.028577578862162625,-1.4936352668386472,-3415.793895621571,-313.77203286477277,11.89147253500026
2,7.40150326850945,7.813574812167976,-6.907779042917986,0.908694545792999,7.405035646976009,1.0415850841704035,2.0844674023101657,109.44667676514717,22.418413678363475,11.89147253500026
