,MAE,RMSE,NSE,alpha,beta,HFV,HFV10,LFV,FDC,r2,training_time_minutes
1,104.92670327874639,121.88213264855203,-1233.769013802818,17.805966963479452,-79.38410786532823,-104.08022857079231,-216.30804959920007,-1015.865305400088,,0.20111476326684874,11.89147253500026
2,7.935905179900934,8.41465144899728,-4.885425894389243,0.7801367533659066,6.856371009470828,-9.54541337137263,87.77418689727122,242.8977834012503,-92.13638790993146,0.3377624982268981,11.89147253500026
