,MAE,RMSE,NSE,alpha,beta,HFV,HFV10,LFV,FDC
1,0.47516073901001027,0.685813230932522,0.5716626125192813,0.7078327554742028,1.2216554484379114,0.6535564595336264,0.7546309442977001,1.0158777337425662,2.5607692709563024
2,4133.181546426169,9615.300661710906,-84197655.19467825,8284.95431242989,-5922.126191139998,0.11702817392840717,-0.0482939439009785,-98293.13449115652,-1259.3257468864247
