,MAE,RMSE,NSE,alpha,beta,HFV,HFV10,LFV,FDC
1,0.707087016916079,2.5835342935440893,0.15950867924813883,0.30568080580090856,1.0483576071543907,0.39943896728093253,0.6560800111491146,1.7627760187608754,1.4360226589792784
2,2.046156825792458,3.0842422670675624,-0.19784807909824131,0.3152003011735431,2.496963731781699,0.522029961060814,0.9990498601835411,6.764325119502988,4.150934885302924
