,MAE,RMSE,NSE,alpha,beta,HFV,HFV10,LFV,FDC,training_time_minutes
1,1.058333952195461,2.702882977926061,0.05651169781350007,0.8512489034679198,0.9708843343790893,0.885344678194148,1.1695228517602987,-3.346896375509254,0.11569748690944437,16.7890293500003
2,1.2946170116274378,2.615275210704761,0.11668251321172007,0.7765382808695765,1.7716551165647008,0.8120155493647403,1.1656168839677183,5.477422795395989,3.0554241176049803,16.7890293500003
