,MAE,RMSE,NSE,alpha,beta,HFV,HFV10,LFV,FDC,r2,training_time_minutes
1,1.2388596017473175,2.8830588837845847,-0.027171081983216938,0.9691440609875066,0.9982010948849422,-6.085142453132548,10.224676873297016,10.86747754650251,,0.40822743715688403,16.7890293500003
2,1.5373715425074217,2.688264959452396,0.10694151410174924,0.8013625957888921,1.7185786694997551,-21.789913863927158,6.471188226134495,33.264462832507306,-52.63107241208208,0.6448660199352543,16.7890293500003
