,MAE,RMSE,NSE,alpha,beta,HFV,HFV10,LFV,FDC,training_length_days,training_time_minutes
1,0.6965030884080489,0.8918841315887237,-0.05542156996940428,0.0,0.933951728897083,0.5311760705574068,0.643899829733699,1.2719398133238071,1.053981345462912,468,34.40494761499964
2,0.6965030884080489,0.8918841315887237,-0.05542156996940428,0.0,0.933951728897083,0.5311760705574068,0.643899829733699,1.2719398133238071,1.053981345462912,468,34.40494761499964
