,MAE,RMSE,NSE,alpha,beta,HFV,HFV10,LFV,FDC,training_time_minutes
1,4.009221498224952,8.971837855666706,0.45458695608395405,0.981655374992354,0.9382223408229504,0.9190093166703465,1.0471324755611424,0.35234423326565517,0.6123472752732328,7.678081345000343
2,7.3372877293892085,14.189411032629534,-0.36424203395293975,9.138850518103243e-18,0.027457761625129817,0.0031217634494863544,0.006054267257131317,0.37474997502251806,0.06973068088515784,7.678081345000343
