,MAE,RMSE,NSE,alpha,beta,HFV,HFV10,LFV,FDC,r2,training_time_minutes
1,2.9793927205505697,6.756612326281621,0.5561482148974075,1.026876692636758,0.9161900831604696,0.7811044201413898,2.2840638857968503,-0.6645026402103651,280.8067921233539,0.47336478990774933,7.678081345000343
2,6.235100669303316,11.904335840108121,-0.37781309988657075,2.736782113229738e-18,0.013639375036485555,-99.84401028499357,-99.70692531992462,-99.44255710329891,-810.3577447401709,-3.464326603364043e-10,7.678081345000343
