,MAE,RMSE,NSE,alpha,beta,HFV,HFV10,LFV,FDC,training_time_minutes
1,0.05567625327235767,0.06348037461985216,0.7330177202798591,1.1460898018498265,0.6120240723025991,0.955067840972275,0.989985575853695,-1.3659375953992143e-13,6.933967022958287e-10,484.630872685
2,0.08878084726943584,0.14409480313566167,-0.37562516219508435,0.612688293815792,0.25213778409737075,0.5178152472618018,0.497818282031031,-0.27812496396878544,5.260768687712669e-14,484.630872685
