,MAE,RMSE,NSE,alpha,beta,HFV,HFV10,LFV,FDC,r2,training_time_minutes
1,0.0835540275757887,0.1325801222587358,0.8729196949712006,1.0469123461123624,0.7731934169775463,0.9761494412152039,-1.123530541117814,-2.166763780603513,,0.6850884402632589,484.630872685
2,3.4494103261531084,3.5714900947412294,-91.21898082235097,2.415314249657058,15.114781831836513,78.32612074396265,321.79046339126745,603.390026040097,-58.68348551117135,0.8642331183426237,484.630872685
