,MAE,RMSE,NSE,alpha,beta,HFV,HFV10,LFV,FDC
1,0.03349161367839589,0.0784602330015157,0.6955656539182761,0.7549075979398012,0.6907767207269396,0.8101023509769872,0.7775837993353153,-0.01867319403459477,0.012828157847465112
2,0.6102964229086246,0.6302650774488929,-18.644498592689185,1.4089664936190276,-7.210179265257752,-0.014528086322631693,-0.12395400394069957,-1320.8732411306794,-598.9580126709319
