,MAE,RMSE,NSE,alpha,beta,HFV,HFV10,LFV,FDC,training_time_minutes
1,575.5430057160173,954.9319838805976,-17438.186576928594,105.56445650823258,124.22479100474358,40.93134324631724,78.36603848175285,2.3421961590446143,2.783005429770315,15.305790341666823
2,257.61195164929586,425.7733684696161,-3465.8761863680784,47.071094102854204,56.020002935657196,18.435768490301793,35.16326906511392,2.0511717595060843,2.8326273144019045,15.305790341666823
