,MAE,RMSE,NSE,alpha,beta,HFV,HFV10,LFV,FDC,r2,training_time_minutes
1,329.6701900017614,721.6638822766378,-11873.210690937729,97.10433216765361,75.97765673821168,4335.094123464119,8335.924281756152,9627.219168482092,121.5858732002023,0.3863327955401804,15.305790341666823
2,148.10317659757214,321.77805382135466,-2359.7372414314063,43.31274989636666,34.46196843189916,1892.4232879135113,3680.0522547176474,4291.613585485356,167.64735663099347,0.38947732622084563,15.305790341666823
