,MAE,RMSE,NSE,alpha,beta,HFV,HFV10,LFV,FDC,training_time_minutes
1,13.37512126164619,17.07349049062882,-111.15533470748552,6.040733012638825,-3.787755698810304,0.28642193106472147,0.1997444265968016,-13.866354950994051,-7.944233359634547,313.12390453833325
2,6.113436354192261,7.166547553196504,-18.760379257530296,2.875937382675632,3.1872586084212675,2.95772038568741,2.7557037773393405,2.774541781592874,3.7447685240191038,313.12390453833325
