,MAE,RMSE,NSE,alpha,beta,HFV,HFV10,LFV,FDC,training_time_minutes
1,98.22170704753378,113.52715976046474,-671.3555553025249,13.019940911449263,66.8991772113366,7.602325048134837,18.87455161854127,1480.1493736923114,329.78550160115543,23.1586515216671
2,40.441898592041575,42.73267592694273,-94.26198583456468,3.1385168418645444,28.090572904893612,2.416226256990011,5.780306128142584,1122.0873103043964,161.5027606473155,23.1586515216671
