,MAE,RMSE,NSE,alpha,beta,HFV,HFV10,LFV,FDC,r2,training_time_minutes
1,94.03039937512266,109.36552332588339,-654.011089532954,13.05943787042107,60.02774155382488,683.084935871616,1703.1479894618385,3588.1499583919826,-54.89145560928184,0.44240773612067885,23.1586515216671
2,41.961953410511434,44.81007792155872,-108.96112645191513,3.654593828157884,27.31663041927788,164.10953502502073,500.44724868334447,1210.0857289583814,-83.28847602224499,0.4436409859379675,23.1586515216671
