,MAE,RMSE,NSE,alpha,beta,HFV,HFV10,LFV,FDC,training_time_minutes
1,1.5783619696737092,2.205538215619019,-0.03247216038184164,0.9383646257285573,1.5297112535177668,0.8890294630999565,1.0634727956443986,3.082499679446979,2.167115571700315,23.84822447166662
2,1.8837925376176605,2.3724628657606637,-0.19467017772932826,0.7849821155169683,1.8139314141582314,0.7986032839207085,1.0169977854896946,5.76986920661324,2.833738285631711,23.84822447166662
