,MAE,RMSE,NSE,alpha,beta,HFV,HFV10,LFV,FDC,r2,training_time_minutes
1,1.8504306052825028,2.6753995722041357,0.0231362313157214,0.8588732734179051,1.325664838814627,-15.734086049973557,-7.261666869108315,11.518995619947791,-62.836541446415204,0.23823477092804202,23.84822447166662
2,2.177806773114868,2.8267039002030345,-0.09047906358442037,0.7154248471596977,1.5752572008430055,-29.88883804937455,-12.39405290535001,15.505200595848322,-153.24588992774434,0.34688573829174807,23.84822447166662
