,MAE,RMSE,NSE,alpha,beta,HFV,HFV10,LFV,FDC,training_time_minutes
1,0.8565835929988532,1.7577598480253325,-0.0874166265309162,0.8380971136282552,0.9307059560740344,0.7728031431581299,0.9861535049617385,0.29940486150204587,0.7072366610635125,19.63938347333363
2,0.8698344125825372,1.7615861598842377,-0.09215598130876268,0.8421436183648675,0.9200958355455852,0.7710842479599294,0.9870088113379765,-0.14516734606183598,0.6601506946138873,19.63938347333363
