,MAE,RMSE,NSE,alpha,beta,HFV,HFV10,LFV,FDC,r2,training_time_minutes
1,1.045187777518064,2.1361682654028282,-0.01575607378322008,0.8356243653315583,0.9772335519237839,-23.3612542640605,0.6127807280820473,3.8708041275107288,34.300525800382864,0.3152459877778838,19.63938347333363
2,1.0615189842521313,2.14540032380865,-0.02455480313366709,0.8443826038500271,0.9739852200235495,-22.808770738184847,1.371152690439638,4.690861876558002,53.41575760834445,0.31618280867150594,19.63938347333363
