,MAE,RMSE,NSE,alpha,beta,HFV,HFV10,LFV,FDC
1,1.168171963698188,1.9780211707430562,0.2053872204713587,0.4649413168178746,1.0546073106263547,0.5158217400364661,0.6439793909375823,4.55354998226945,1.4253499267729637
2,2.6360950221135226,3.279877438410319,-1.1847860048361887,0.5164354533957194,-0.5233230214405471,0.3213153140741749,0.2616738655548972,-7.071217604043384,-1.3632174957827705
