,MAE,RMSE,NSE,alpha,beta,HFV,HFV10,LFV,FDC
1,3.23277034725632,3.6691385067810893,-2.03696051482986,0.9377102533323407,3.520782566405147,0.8034472515462167,1.3241057747557532,6.916078342990352,7.940154610325698
2,1.3224835230289544,1.8522385319917605,0.22606451069572553,0.9602205983399162,1.8360965064325918,0.8797759181596397,1.1384828162179155,1.8902064814585884,3.2542015429411393
