,MAE,RMSE,NSE,alpha,beta,HFV,HFV10,LFV,FDC,training_time_minutes
1,136.69450647025175,158.42171001145942,-2728.060175375957,26.38830093337397,-169.9062073388215,-0.03910652076927136,-1.9207133022813654,-27636.083926769898,-1686.3825046327522,16.60218491833366
2,54.33158304158636,59.8944242212944,-389.0825356189649,8.323228756440551,68.89358543322885,4.972754614110166,14.248466502587242,2811.0780397986055,661.5607283131312,16.60218491833366
