,MAE,RMSE,NSE,alpha,beta,HFV,HFV10,LFV,FDC,r2,training_time_minutes
1,124.37041502152726,143.6632576360321,-1628.5209108109673,20.187528528782973,-147.51092257147525,-106.87524749548044,-239.47261733991996,-1636.7440430603915,,0.25145652570463495,16.60218491833366
2,50.957209545135285,56.36519265836529,-249.83637123698423,6.758040981473219,61.83735373722248,320.0818127724508,1129.9681090879612,2962.99680898135,-56.70404718385925,0.3974748556141383,16.60218491833366
