,MAE,RMSE,NSE,alpha,beta,HFV,HFV10,LFV,FDC,training_time_minutes
1,1.5386640065210768,2.360679878284028,0.06752909913306204,0.7330003658662202,1.5733454010678265,0.7269830837111833,0.9674019484479951,4.91669497363854,2.569479519650234,16.793691988333013
2,34.6304937961188,40.35611095747431,-271.5082823063916,8.472127563045943,22.358371553321213,5.720849581370278,10.39514177986545,65.95408618027577,41.17887995054687,16.793691988333013
