,MAE,RMSE,NSE,alpha,beta,HFV,HFV10,LFV,FDC,r2,training_time_minutes
1,1.8779028432014842,2.807154275000158,-0.07219161031295451,0.8119050349523342,1.5764637230867946,-24.851806085850107,1.6717302823537257,27.61431270416266,-73.99661852236788,0.23072532275431723,16.793691988333013
2,34.24084521290262,40.77964099482677,-225.26982375941128,8.276308501402731,18.95629533641976,406.75624206277854,873.4633968074021,1381.8635554590294,-39.57314046394012,0.3354552282652393,16.793691988333013
