,MAE,RMSE,NSE,alpha,beta,HFV,HFV10,LFV,FDC,training_time_minutes
1,0.2009403949059288,0.30258610182823326,0.4789875550788798,1.156910608650866,0.5837243378400822,1.415021846446126,1.1363657950043053,-3.421260840641028e-05,6.271667758881482e-08,21.37902766499998
2,0.12646504126616268,0.17439863223734217,0.8269242217112847,1.1337726630078178,0.7652015856239193,1.293567415569482,1.141656948507562,0.006330851856509553,0.24138413423858213,21.37902766499998
