,MAE,RMSE,NSE,alpha,beta,HFV,HFV10,LFV,FDC,r2,training_time_minutes
1,0.35070998983779417,0.4612380355809575,0.7832799486358989,1.158268435760409,0.745909466943244,3.666559510216452,20.85873003512856,-0.5500114022580014,,0.5365675169553907,21.37902766499998
2,0.200410652191685,0.267140865505952,0.9273008179192799,1.0574685422180308,0.9777709214492741,-9.542767627274431,6.987767463270846,13.562850759394262,142.14560585285386,0.7840436278839169,21.37902766499998
