,MAE,RMSE,NSE,alpha,beta,HFV,HFV10,LFV,FDC,training_time_minutes
1,0.07383264176771086,0.15099263187870546,0.45220363754989357,0.7968582574626343,0.28758229246179084,0.6478981347245222,0.7535696787324133,-22.491467200319327,-0.0006122054291484568,15.914953201666746
2,0.05710613263380037,0.10700346036362357,0.7248919625825054,0.9523116494657108,0.5898845453163027,0.8004125733587091,0.976241170655233,-10.79796567522469,-6.169198433284912e-07,15.914953201666746
