,MAE,RMSE,NSE,alpha,beta,HFV,HFV10,LFV,FDC,r2,training_time_minutes
1,0.12139108619950516,0.21472077338547851,0.9848292281040686,1.0286880547666608,0.989896004111212,6.176310292277895,3.113205509112818,1.834640630453297,,0.8026476653418919,15.914953201666746
2,0.0889463153834161,0.1473600224380094,0.9928547256119644,1.0046648823748392,0.9636769029420874,2.0324031304787598,0.7737190970614184,-0.6564231115486774,,0.8376784914623454,15.914953201666746
