,MAE,RMSE,NSE,alpha,beta,HFV,HFV10,LFV,FDC,training_time_minutes
1,0.098399893557027,0.17277434179055493,0.26928544798780263,0.6619507284882281,0.35508080566141415,0.6768596285001546,0.5760405863808332,-1.4251558620832575e-13,1.2946992595145291e-10,48.33337628999992
2,,,,,,,,,,48.33337628999992
