,MAE,RMSE,NSE,alpha,beta,HFV,HFV10,LFV,FDC,r2,training_time_minutes
1,0.1229203775032294,0.1568557282247473,0.8288728986182368,1.124170950174581,0.6997338420438534,1.0473392862285393,1.1363263481159505,-8.026844355651739e-14,0.09406654828378969,0.7414946866959309,48.33337628999992
2,,,,,,,,,,0.8183761273903254,48.33337628999992
