,MAE,RMSE,NSE,alpha,beta,HFV,HFV10,LFV,FDC,training_time_minutes
1,1.1966613163781337,2.195341675021071,0.22786648962307432,0.8778826301875763,1.122591670533869,0.964187831158437,0.9982852272808947,2.625973957922227,1.413857942974404,36.06174847666698
2,4.257098660574684,4.66755460871072,-2.4903338799566592,0.8321448263228732,3.454205074379929,1.0623316245333636,1.4774213924073314,22.87104713467007,6.493527254229545,36.06174847666698
