,MAE,RMSE,NSE,alpha,beta,HFV,HFV10,LFV,FDC,r2,training_time_minutes
1,1.3857572604960169,2.6710527683851026,0.1457601122547293,0.9258230007411812,1.1183508039730337,-7.321108449723784,1.8425383157995159,6.063920236362704,-32.64086546885329,0.3777078980908364,36.06174847666698
2,4.161838945262002,4.702986165744974,-1.648270319238656,0.8488810454817097,2.929824493031026,-6.341348202641033,33.239452603596845,86.67712985916279,-147.88447626660252,0.5149642836310068,36.06174847666698
