,MAE,RMSE,NSE,alpha,beta,HFV,HFV10,LFV,FDC,training_time_minutes
1,79.60381121822054,90.97468927810348,-509.3497147548052,10.979117382062077,-47.0172323206549,-0.03327213190842626,-0.8739381864771625,-560.7069706038569,-120.87144344311639,20.345968020000146
2,25.5032364701354,26.719657020060716,-43.02389588937945,1.9923617747968305,16.255615336691516,1.8140687262768929,4.201150048460841,81.5808963363109,41.49176964993124,20.345968020000146
