,MAE,RMSE,NSE,alpha,beta,HFV,HFV10,LFV,FDC,r2,training_time_minutes
1,62.8144997527518,72.81687258890524,-380.7179120922676,9.915988944583201,-44.086476138693236,-97.65066830763688,-153.87224236498972,-579.8474019156367,,0.3136567853099229,20.345968020000146
2,22.565553525528117,23.92658122301874,-40.21352785267351,2.192008788761298,17.12516718113995,74.5054762546212,337.95684805568237,788.9176875912077,-85.41759887759389,0.45280323212600293,20.345968020000146
