,MAE,RMSE,NSE,alpha,beta,HFV,HFV10,LFV,FDC,training_time_minutes
1,2.37620106565936,3.592660673515954,-0.13056028367243733,0.5361042045257814,2.5800206222161344,0.5898487647065095,0.9824751652062127,33.88841945741828,11.594446915737626,65.42655829166667
2,7.699329666160398,9.00541910362604,-6.103447632687321,1.2737876597427191,7.123490255277224,1.0645992494129624,2.19700673492958,87.13010422690868,35.51842265737654,65.42655829166667
