,MAE,RMSE,NSE,alpha,beta,HFV,HFV10,LFV,FDC,training_time_minutes
1,,,,,,,,,,22.126235449999935
2,0.052603243184871536,0.1483096494794828,0.2730222026455724,0.4888665130940103,0.2759300220162898,0.5704090894699494,0.3960476101572175,-58.42149319610514,1.98778139678856e-14,22.126235449999935
