,MAE,RMSE,NSE,alpha,beta,HFV,HFV10,LFV,FDC,training_time_minutes
1,2.074467223409848,3.247251773220082,0.08217100925958953,0.9099707397217658,1.4654442081606227,0.7693008137590303,1.0899961235449613,1.9882742391591752,1.8553615026601442,108.79874891166644
2,3.741453878065652,4.4823493791472435,-0.7488044741656521,0.8435364702926221,2.3524443432293265,0.8255501760790385,1.2254288578896038,6.921237695839375,3.585195043024797,108.79874891166644
