,MAE,RMSE,NSE,alpha,beta,HFV,HFV10,LFV,FDC,r2,training_time_minutes
1,2.2064220277691393,3.5830822733773435,0.15465204107519115,0.8780986793198717,1.3878435836125405,-23.183600575092587,5.3247489948944615,26.71997183422462,-14.659053086464006,0.3362951506261258,108.79874891166644
2,4.006256330804197,4.850586518094767,-0.5492105944857435,0.8213872790892126,2.2342228560458577,-20.740646868536146,18.731885212688464,62.26418358043349,-312.83007409155454,0.47718933725646817,108.79874891166644
