,MAE,RMSE,NSE,alpha,beta,HFV,HFV10,LFV,FDC,training_time_minutes
1,0.02412773249673647,0.05258584863784463,0.8028246128501999,0.801319090805945,0.6063810504311221,0.9655207313842548,0.7550595456379513,-1.965880226381658e-11,1.8913288901445157e-12,14.227790921666504
2,45568.77917037664,132893.54975897033,-1259281236895.767,1054143.0323600436,-783634.7967819739,0.04117388916046627,-0.18642479222099462,-864388419.9386961,-1558981.645295041,14.227790921666504
