,MAE,RMSE,NSE,alpha,beta,HFV,HFV10,LFV,FDC,r2,training_time_minutes
1,0.05201705815795119,0.09183145452143032,0.8820274564522416,1.044290469855649,0.8142380151746283,3.849512264443213,10.685139647893532,-13.429692288623063,,0.7213094074127612,14.227790921666504
2,41829.43896821869,121581.94792736,-206793179707.7329,426984.9218536218,-297927.80361419637,-33.31621852425925,-70.8745243503348,-550.7671806526627,,0.8002989207136575,14.227790921666504
