,MAE,RMSE,NSE,alpha,beta,HFV,HFV10,LFV,FDC,training_time_minutes
1,0.35764015341956623,0.8778454460937553,0.09208986805063912,0.40153615215437594,1.3911833083809102,0.34647188231384973,0.6564293997127687,7.740931215244986,6.545307570825562,13.58251482333338
2,2163589.138778745,2221135.4199580643,-5812417707314.307,545234.3637040857,7707797.123730824,463748.920393079,1256625.0980556845,278092578.9016163,54742379.22704462,13.58251482333338
