,MAE,RMSE,NSE,alpha,beta,HFV,HFV10,LFV,FDC
1,0.9008358408941404,1.4766076724628359,-52312.393265674036,181.38744047705782,43.087842564540864,180.45522844075688,109.14980085489391,8.10268290732795,13.823113349408555
2,0.9815591573998718,1.5759166137343004,-59585.670294739575,191.09209483634476,46.88325870726119,189.52938484041053,115.98145144172756,9.532917027496245,15.939580170405103
