,MAE,RMSE,NSE,alpha,beta,HFV,HFV10,LFV,FDC,training_time_minutes
1,0.051666789109718045,0.12255619016889353,0.031026919070728853,1.6852769713312452,1.8284827140817692,1.5313912181605152,1.729136596974388,-1.048038472623622e-11,0.0018233179227526918,14.952471364999656
2,0.05578747826819719,0.1298231967346045,-0.08729103244819947,1.7681575256908835,1.9266219421195487,1.6011015727575302,1.8138585566872991,-1.0633733326327013e-11,0.0012343666136449961,14.952471364999656
