,MAE,RMSE,NSE,alpha,beta,HFV,HFV10,LFV,FDC,r2,training_time_minutes
1,0.10373781004371489,0.18877034763341088,0.8719382123085103,0.9295614852605303,1.3377793735158263,-16.13122379889665,1.2356999636151738,23.08684794405973,276.09960302335196,0.2743351258005353,14.952471364999656
2,0.1074607135803911,0.1894353135429163,0.8710343975778952,0.9754859313754266,1.409578226638955,-12.167334849330047,6.673376302176401,29.3143347843851,288.6915783572772,0.46059844569339203,14.952471364999656
