,MAE,RMSE,NSE,alpha,beta,HFV,HFV10,LFV,FDC,training_time_minutes
1,0.998728873149916,2.6607714810343013,0.22315120332385452,0.8661885240870475,1.229492067577651,0.8418075712367101,0.9214312224357818,1.8053647002783848,2.394711107144067,42.589971925000036
2,1.3159436605340677,2.774090471804949,0.1555720791971944,0.9095949345954311,1.0581895882313272,0.8150703393290469,1.0180922852512346,-27.32759837573269,1.108776219835236,42.589971925000036
