,MAE,RMSE,NSE,alpha,beta,HFV,HFV10,LFV,FDC,training_time_minutes
1,13.35868823888371,13.750974687524426,-18.285815759576483,0.8664953709581972,-8.087136836789004,-0.10282224270612413,-1.148806224200581,-107.53956634366459,-20.56368194776864,14.123887493333314
2,1.166559821321828,3.143000245997049,-0.007534388953903681,0.8625806683242808,0.7905273648477736,0.8088106937082271,0.7514830913008762,1.8881273225682487,0.9931528076557912,14.123887493333314
