,MAE,RMSE,NSE,alpha,beta,HFV,HFV10,LFV,FDC,r2,training_time_minutes
1,64.41938810858132,65.2389845641871,-411.0279098739771,3.123883988267862,57.26216700627222,292.5875304667174,972.4826297872221,2170.8258251650573,-103.78400229162708,0.3990700743777963,14.123887493333314
2,0.9334115816020898,2.7000379081873582,0.2942482347369314,0.5900208890647742,0.8223458643115646,-38.34691408443455,-31.641567492038956,-27.185275858734975,-43.05271909263543,0.6374611690713168,14.123887493333314
