,MAE,RMSE,NSE,alpha,beta,HFV,HFV10,LFV,FDC,training_time_minutes
1,1.3978790087779984,2.3768020449601894,0.023927140322756557,0.9811152907411017,1.2029163769531297,0.8533500778385656,1.1333071168964066,1.2850731647065425,1.1285121897958899,23.36348312500001
2,1.5417265092144594,2.483703732011408,-0.06584926970026128,1.0337683540111418,1.3109717740876328,0.8808044026626969,1.1839629369414228,1.1105978584037508,1.386360575895184,23.36348312500001
