,MAE,RMSE,NSE,alpha,beta,HFV,HFV10,LFV,FDC,r2,training_time_minutes
1,1.3166059920559834,2.186142537982169,0.06886781296158362,0.9198566847389555,1.0451047226078753,-15.979307225972999,-0.18706970075015836,3.984534467147972,9.407893272771403,0.37893579203431393,23.36348312500001
2,1.1866856995823594,2.0278482420643273,0.19882887039040242,0.8870611109572683,0.9865531118760084,-20.903096610915156,-6.192739120753469,0.2541341923164601,31.76576308317939,0.3880875407173944,23.36348312500001
