,MAE,RMSE,NSE,alpha,beta,HFV,HFV10,LFV,FDC,training_time_minutes
1,2.4841530918284658,4.979405850278922,0.3746508825357008,0.5228443464108008,1.277989650513809,0.4893801675329086,0.7233066187611442,8.234664464198236,4.432067759708524,10.08697700833339
2,13.05914397158964,16.257827629581513,-5.6664176747953,1.2848875478911759,-3.225471489713987,0.11318788928785894,0.04985911438451232,-147.7128905966793,-15.642655765433554,10.08697700833339
