,MAE,RMSE,NSE,alpha,beta,HFV,HFV10,LFV,FDC,r2,training_time_minutes
1,2.43959701813236,3.945769897746553,0.317151519840594,0.6481372886597488,1.482506552945219,-34.9397710236386,-19.184411165215266,4.770515463361909,-88.87018617816757,0.13816646202014127,10.08697700833339
2,11.573351987706232,13.895784254676798,-7.468899164020321,1.5512612228434166,-3.6202303886651053,-76.74547192350082,-85.17179902119832,-115.26617815190805,,0.14803726277393714,10.08697700833339
