,MAE,RMSE,NSE,alpha,beta,HFV,HFV10,LFV,FDC,training_time_minutes
1,1.9274090117185334,3.655638938157215,-0.12659372773215205,0.9221615460269486,0.9607140209674903,0.8643389371148804,1.0394888683192354,-0.3227880462201071,0.710360273205034,33.11712913333322
2,2.027765767200248,3.661281226951412,-0.13007408932628906,0.9308710149275824,0.8287834879900221,0.8502178553340068,1.0157163351636602,-2.7599023023335483,0.3827816997531784,33.11712913333322
