,MAE,RMSE,NSE,alpha,beta,HFV,HFV10,LFV,FDC,r2,training_time_minutes
1,1.8828641264371595,3.424077025084901,-0.16177057126740513,0.9213771120945305,1.025129332954475,-16.630932626369063,4.757318689176473,8.722441302173964,99.32579382152625,0.3501445493976689,33.11712913333322
2,1.9461372512225994,3.427279527557609,-0.1639447706244761,0.9281236341181855,0.8897630349233598,-17.924520389666398,1.9277410617888986,4.101206734654637,,0.3653007659848865,33.11712913333322
