,MAE,RMSE,NSE,alpha,beta,HFV,HFV10,LFV,FDC,training_time_minutes
1,1.4455739568175778,4.975350012884459,0.13387934313237104,0.5419267294102948,0.938239415466425,0.6003911927826371,0.8360364849389389,0.5414603750795585,0.9844669998858354,13.056147458333331
2,1.6197695211067884,5.049618018756151,0.10782885418819954,0.5176364554465491,0.7038513046674886,0.5358882621231852,0.7810499611986114,-1.6716737845448013,0.4624325973511448,13.056147458333331
