,MAE,RMSE,NSE,alpha,beta,HFV,HFV10,LFV,FDC,training_time_minutes
1,0.027207466052745224,0.06661445973803935,0.7148424787015226,1.0017152530367002,0.7539619907658558,1.2918959670009373,0.9317469370385661,-2.8391028723615232e-11,-4.3085454712353445e-15,21.72669049833333
2,0.03896088595735463,0.07579086998018227,0.6308680852394304,1.0724963234646356,1.1783707558943908,1.1576479258100918,1.083835366349445,0.01731047457156691,5.413833075329653,21.72669049833333
