,MAE,RMSE,NSE,alpha,beta,HFV,HFV10,LFV,FDC,r2,training_time_minutes
1,0.07752841841991365,0.16552464015029844,0.6160730467957889,1.1281467468317046,0.8650206874602363,23.21232591851989,14.15262307476236,-9.499147306198742,,0.7754671199340848,21.72669049833333
2,0.07687313024197763,0.14332750161450558,0.7121393121424688,1.1095554467379776,1.3523485141065867,5.1315609848064865,13.244638572154603,22.04006147962387,7.240774038352389,0.8747047926276714,21.72669049833333
