,MAE,RMSE,NSE,alpha,beta,HFV,HFV10,LFV,FDC,training_time_minutes
1,1.8673017552356306,3.5746219593672404,-0.19704111130575175,1.2685413043161793,1.267933108779922,1.237237542546855,1.2867279213660532,0.5616541676271559,1.446734678542658,20.11757554333332
2,3.7637007221091725,5.113058379439819,-1.4491215008658567,1.39563007359904,2.4010066256054423,1.1694974051610758,1.5904129283987427,2.94050658504951,4.04707973664954,20.11757554333332
