,MAE,RMSE,NSE,alpha,beta,HFV,HFV10,LFV,FDC,r2,training_time_minutes
1,1.7588430520202987,3.1180217333524625,0.17210745604839417,1.002280276849193,1.1935013498941982,-3.305841554366863,3.936626449734335,13.894387401691523,86.02559181679818,0.29719900795365695,20.11757554333332
2,2.2350246829500042,3.369045766016489,0.03343844624521952,0.9410562753840243,1.637389137126071,-15.295058510486388,9.261734864635839,33.78900083334478,-47.06676550365151,0.4816541545009635,20.11757554333332
