,MAE,RMSE,NSE,alpha,beta,HFV,HFV10,LFV,FDC,training_time_minutes
1,0.32969856882217885,0.42867720045479635,-0.2226606598665941,0.4582932332645517,0.27571286062038847,0.3767624307493798,0.39013237769864534,0.007760043056703671,0.12877377343866026,311.9116120083335
2,0.335138282777331,0.4341003925787836,-0.2537920859002567,0.4882739326834057,0.26372550625747987,0.40785566639957616,0.421856528876963,0.004356961622045628,0.08640508417830361,311.9116120083335
