,MAE,RMSE,NSE,alpha,beta,HFV,HFV10,LFV,FDC,r2,training_time_minutes
1,0.31416428617686765,0.4694727334024079,0.7587353982831988,0.7699901259132442,0.7898903414929739,-41.71355743641022,-36.689048057478885,-18.368991770260315,205.4852040659059,0.47676673223609023,311.9116120083335
2,0.20564392715761634,0.22584259615445776,0.9441678214214086,1.0496605196666466,0.8862238675875844,-4.933361276908858,-6.645242800154545,1.6479645303167596,248.08929844133257,0.5340076060256189,311.9116120083335
