,MAE,RMSE,NSE,alpha,beta,HFV,HFV10,LFV,FDC
1,7.3660494532903815,7.522548833848022,-15.050727045855893,0.8212203480834159,7.915761880870134,1.2549854940647531,2.6314055594075723,28.875642276586404,15.289102013190995
2,2.3630271079031275,2.7529424539246,-1.1496063895371718,0.7069473024519426,3.0643119422743617,0.7537030431894945,1.4044140860963212,8.539049175288623,5.378064060014391
