,MAE,RMSE,NSE,alpha,beta,HFV,HFV10,LFV,FDC,training_time_minutes
1,0.2633497228753258,0.37734893528898567,-7.235537618054474,2.7103875562957787,2.3877548034354525,2.1391037812380196,2.588356168178597,1.6965287588033122,2.1155862770219103,16.388759306666664
2,0.10693262389803838,0.12701364000755216,0.06694676667922816,0.44533137910710563,1.3403986246234463,0.5354614712230703,0.7078982378316849,2.6264124129080755,1.8739590584054016,16.388759306666664
