,MAE,RMSE,NSE,alpha,beta,HFV,HFV10,LFV,FDC,r2,training_time_minutes
1,2.1844881913319947,2.885131000983636,-1190.4163085753087,22.048034352585614,20.61271990807362,1602.7888198899975,2105.231585948263,2238.32075039542,24.480744169456354,0.07213541742252416,16.388759306666664
2,0.1254854391616106,0.1442881604617658,-1.9798462680461233,0.3069690385950293,2.0528172869986245,-23.131276585782903,-0.44610043508761427,28.711999643453602,-29.621703602932694,0.0748161991255889,16.388759306666664
