,MAE,RMSE,NSE,alpha,beta,HFV,HFV10,LFV,FDC,training_time_minutes
1,0.01860340319665284,0.038158849319176,0.9183284318203561,1.081318854492158,0.8889495738147118,1.0772572361375314,1.088410637688488,-3.4077346283892408e-12,2.7281475434968994e-17,43.51806354666672
2,0.01774343901030064,0.03639267424989275,0.9257137741006035,1.0914643348464883,0.9099440310583846,1.087028575601695,1.0988234811265745,-4.338140486097585e-12,-4.4021562418994155e-16,43.51806354666672
