,MAE,RMSE,NSE,alpha,beta,HFV,HFV10,LFV,FDC,training_time_minutes
1,0.010244646871655622,0.02587718145270848,0.9301460330339288,0.9454515611026283,1.129166705061482,0.9344747306264499,0.9812625589709467,-1.918247275580444e-05,-1.330025192806617e-17,15.381654266666738
2,0.007951116156273759,0.019105435968553866,0.9619222711555785,0.9280641352898592,1.1023515017545122,0.9334637297378169,0.9545631289279072,-0.00766845420413798,-3.1475271714209815e-18,15.381654266666738
