,MAE,RMSE,NSE,alpha,beta,HFV,HFV10,LFV,FDC,r2,training_time_minutes
1,0.03919375277496524,0.1864939005019921,0.9144126024861271,0.9672557978988856,0.9679254474292638,-6.587030974716477,-6.191527441161327,-4.571955717690064,,0.6950960700647512,15.381654266666738
2,0.03131156203742018,0.1562236900492971,0.9399415195573614,0.8822006107530792,0.9202881007642383,-14.20506977636264,-11.263457770733197,-9.626967094719339,,0.7776695614435689,15.381654266666738
