,MAE,RMSE,NSE,alpha,beta,HFV,HFV10,LFV,FDC,training_time_minutes
1,1.0483378772490892,1.945591874616513,-0.05961526568119768,1.0134741955508768,1.0103832043797052,0.9807586588427901,1.0595127371087398,0.8327095994724127,0.9161344484632744,30.345635371666866
2,1.0613332766896237,1.927283077267594,-0.03976629404610588,0.9941566945236967,1.093930525366122,0.976556750321256,1.0629103912270264,1.2084534999199776,1.139153451450662,30.345635371666866
