,MAE,RMSE,NSE,alpha,beta,HFV,HFV10,LFV,FDC,r2,training_time_minutes
1,0.8358222107982066,1.5165326848547267,-0.09255496989618628,0.9827586515446709,0.9995884959151328,0.8084300143210525,7.3471190396114165,3.634824246640343,2.824165103668799,0.41350431718805347,30.345635371666866
2,0.7565176611251638,1.4168928913991048,0.046295591537723224,0.9841548559326357,0.9878618100749045,-1.7111677840822836,5.120709290908937,4.845984280044652,36.25178750738282,0.41851793416028615,30.345635371666866
