,MAE,RMSE,NSE,alpha,beta,HFV,HFV10,LFV,FDC,training_time_minutes
1,10018255.436318774,10235517.05588416,-13913700576907.188,764462.2168100281,24569553.204096586,906920.9840037519,3090218.0358242565,5666211438.189757,840046309.2336726,12.637885488333996
2,24.37235189435062,24.69749555986644,-80.00818699198905,1.5026552228701433,60.654218727399666,2.9778909074497024,8.354740499893817,13953.591952057319,2015.6550118860334,12.637885488333996
