,MAE,RMSE,NSE,alpha,beta,HFV,HFV10,LFV,FDC
1,7.848306571325033e+36,5.287394508743444e+37,-3.2224544093284e+75,5.613782069915987e+37,-9.052132031562071e+36,-0.05896703678334929,-150.16824454259927,-1.0498700875571284e+38,-6.782317954353765e+23
2,4936.5993993450775,11539.73144484973,-153495183.1875062,11198.532977092034,-5692.807841237662,0.1824978679380663,-0.06217946367078577,-64085.136314012125,-838.5479397457684
