,MAE,RMSE,NSE,alpha,beta,HFV,HFV10,LFV,FDC,training_time_minutes
1,2.0428925026103775,2.416064978238636,-12.234287270294804,2.004764965430926,8.944553708472021,1.2954511843408052,3.1148982775125944,26.80022770449644,25.130881569620083,12.112713666666604
2,0.2843302972331852,0.6051883725040789,0.1696436947026212,0.28542048010262433,1.4396878460761997,0.24783090780335032,0.5122198016382254,6.040349497773959,3.9394178517388307,12.112713666666604
