,MAE,RMSE,NSE,alpha,beta,HFV,HFV10,LFV,FDC,r2,training_time_minutes
1,1.5590094230524352,1.8012319733661157,-97.6468376049227,4.924234193370199,24.826966929539058,295.9943704912755,759.5133223396997,1437.1534579089994,-29.04619728075608,0.10388133305618619,12.112713666666604
2,0.21867357643021706,0.27285454257892783,-1.2636342131402452,0.79509813911483,4.146183864064434,-14.229145775891336,59.161370197997485,152.92850083056805,-31.74609892656958,0.13435566500663132,12.112713666666604
