,MAE,RMSE,NSE,alpha,beta,HFV,HFV10,LFV,FDC,training_time_minutes
1,1.2371421508849048,2.322811238634871,0.26576426583245927,0.9752471822206734,0.9804452109840261,0.9333405624322769,1.039291112753275,0.4131944749165543,0.8094318709186447,14.46549777666672
2,1.6246929086618709,2.7116977792355543,-0.000668550426009551,1.020847474893436,1.0588552941580613,0.8875527304162597,1.0865111171010624,-0.7956754088717299,0.9535979565777863,14.46549777666672
