,MAE,RMSE,NSE,alpha,beta,HFV,HFV10,LFV,FDC,r2,training_time_minutes
1,1.352715190127281,2.707215945316475,0.16331569421466863,1.0663720855487904,0.9650633448890766,8.777482647162499,2.7995956769548647,1.8205668277065257,71.13079253600404,0.35091284486284613,14.46549777666672
2,1.5332197969816972,2.651806535207328,0.19721454143191008,0.8304352724189561,0.6414665089480048,-30.505345140337067,-19.596453406727132,-16.215576550254603,,0.4824383939418745,14.46549777666672
