,MAE,RMSE,NSE,alpha,beta,HFV,HFV10,LFV,FDC
1,0.3156990189211712,0.5598846676378368,0.3815268171010061,0.6814830461716516,0.703550475196371,0.6882279344340108,0.7069632218270602,0.6875544169810227,0.8770209261841836
2,0.47488170387309575,0.6552279899338562,0.1529508583274718,0.6812429102577389,0.5460951102480098,0.6276110661543542,0.6174627880313999,0.2853919959380575,0.6250990487650641
