,MAE,RMSE,NSE,alpha,beta,HFV,HFV10,LFV,FDC,training_time_minutes
1,,,,,,,,,,42.48300374166659
2,0.18386878246362773,0.23993320967588608,-1.329208609253501,0.13796709218779044,0.028697435775160225,0.14573002957397793,0.0856400112446713,-0.0445494333614041,0.00932179739466781,42.48300374166659
