,MAE,RMSE,NSE,alpha,beta,HFV,HFV10,LFV,FDC,r2,training_time_minutes
1,0.1435138745525256,0.16473641503333245,0.5157966700849865,0.9484768745882138,1.106231189571519,-3.258173268721393,-6.3010537568962475,-4.131950538848203,-9.634446817779075,0.819246136567726,42.48300374166659
2,0.10772839345141925,0.12618926605524644,0.7158855128437582,1.0796586311297942,0.8017982893491507,-11.938390912388885,-11.28293131033101,4.531979335320699,101.9333782047419,0.9543205339088419,42.48300374166659
