,MAE,RMSE,NSE,alpha,beta,HFV,HFV10,LFV,FDC,training_time_minutes
1,0.08197279767345889,0.11281754144911346,0.7641116605649432,0.8977665911690117,0.5637470698891361,0.951557599222621,0.8642425822531629,2.8744133003122393e-14,3.885472897684002e-05,46.4163635783334
2,0.05366385182578013,0.10380281370829517,0.8003030360430655,0.7503682700081661,0.7614182479859373,0.7454018795205464,0.726222232077879,0.29096170382862124,0.8474616003310215,46.4163635783334
