,MAE,RMSE,NSE,alpha,beta,HFV,HFV10,LFV,FDC,r2,training_time_minutes
1,0.15991333312509165,0.2261539435875424,0.6944780295488313,1.1897072384491372,0.7339951714780458,1.3216246847596564,1.1725785263506512,4.821708915008349e-08,0.1779701156002922,0.7400648268316672,46.4163635783334
2,0.06566804738414836,0.10468008930408637,0.934542067359389,0.9158945588498525,0.9904401107794346,0.9055947062065908,0.8857176033460521,0.7969976236121334,1.2426851740464635,0.7924106145325456,46.4163635783334
