,MAE,RMSE,NSE,alpha,beta,HFV,HFV10,LFV,FDC,training_time_minutes
1,1.2545248676102279,1.7990402798507004,-0.40662442683827527,0.9867119527713654,2.4084086901852464,0.8025920857398996,1.3632183565495342,2.438638024738503,4.2874708123292065,36.5036435050007
2,2.7698984448001163,2.9907347824020536,-2.8873369269771856,0.7829296610941578,4.583609928887411,0.8452881942725566,1.5992791776934234,17.62051070960928,10.119069114697242,36.5036435050007
