,MAE,RMSE,NSE,alpha,beta,HFV,HFV10,LFV,FDC,r2,training_time_minutes
1,1.221075291157982,2.0668907239333505,-0.12244102913952415,0.8141927439138935,2.3906702957311436,-18.18741554584234,35.173685139019,93.98695680610402,8.61470321816218,0.11882347447826924,36.5036435050007
2,2.6966514313585916,3.112515666485728,-1.5453739381373741,0.6288891229656122,4.562101729070169,-23.2953109261502,44.54654053076058,147.19535977126594,-60.1546833076422,0.19655855293044966,36.5036435050007
