,MAE,RMSE,NSE,alpha,beta,HFV,HFV10,LFV,FDC,training_time_minutes
1,1.0399436718138646,2.3240837835903534,0.209568811090723,0.6549665627205722,1.0234749147192241,0.6341983996242591,0.7737502856346465,2.6453278853352025,1.5402083226893222,16.400449021666525
2,10.308705883335895,10.494287978216741,-15.116341558567058,0.619022186375467,9.46715241570027,1.1870789151503527,2.2134370320631076,143.63447822336312,28.137639289292462,16.400449021666525
