,MAE,RMSE,NSE,alpha,beta,HFV,HFV10,LFV,FDC,r2,training_time_minutes
1,,,,,,,,,,0.6288671959971093,7.102121233334765
2,,,,,,,,,,0.6768033183217634,7.102121233334765
