,MAE,RMSE,NSE,alpha,beta,HFV,HFV10,LFV,FDC,training_time_minutes
1,3124377.616345883,3622763.5508786603,-2203387520946.28,751360.303411241,1909146.5793180633,324080.41148411937,668274.3114426453,4414509.237219415,4922703.973612875,39.25277195666664
2,2.415961072735456,2.9451386327010294,-0.45620457590755503,0.7487149101436572,2.2777083952141184,0.8304958913075338,1.1593605333243164,14.61957881331739,3.7566969673124495,39.25277195666664
