,MAE,RMSE,NSE,alpha,beta,HFV,HFV10,LFV,FDC,training_time_minutes
1,0.15275986230521132,0.34336032407338196,0.5517679730458713,0.9568681472269305,0.6822903855491183,1.0666701981458588,0.8775339336551511,-2.408761800383151e-13,1.5240736155189438e-10,65.97036618333368
2,0.1217601179861928,0.3291972374117545,0.5879831020311839,0.8816768641517931,0.7600594898750432,0.975108243419826,0.8273134475399351,0.02232013764107919,0.3038660740198232,65.97036618333368
