,MAE,RMSE,NSE,alpha,beta,HFV,HFV10,LFV,FDC,training_time_minutes
1,0.19654431819963294,0.21965922079265715,-0.3225367812940494,0.9592860105675886,0.39607695374792695,0.6728712334434601,0.7163349912244612,0.006233998535128508,0.14994419148064297,22.683352113333726
2,0.19532185285951081,0.2160254489758486,-0.27914186920462014,1.048408500763428,0.4001973362171545,0.7460383583924862,0.7905199587898705,0.001613977365211716,0.09812434037389012,22.683352113333726
