,MAE,RMSE,NSE,alpha,beta,HFV,HFV10,LFV,FDC,r2,training_time_minutes
1,0.1278000707985895,0.1514504683958955,0.7950174320853347,1.1280122893634879,0.7914660669417809,-13.20939294038792,-10.420449572233387,-4.884853287180725,189.0595422935572,0.7183442961731381,22.683352113333726
2,0.12909040676150554,0.15015146543181365,0.7985186565279078,1.2396124724590811,0.7998560390300712,2.357241661642061,1.0303306546987059,0.9355842773534643,246.67082254461084,0.8593825500046939,22.683352113333726
