,MAE,RMSE,NSE,alpha,beta,HFV,HFV10,LFV,FDC,training_time_minutes
1,0.11445649815584655,0.4993583350914966,-0.019141796593787896,0.07476231567015046,0.24724042869166307,0.03783903589907248,0.0880120672385814,-10.129297567646693,10.839350726355757,11.104958660000314
2,0.11120896078508109,0.5017601934220337,-0.02896929299289619,0.08745565885525489,0.2033693058448557,0.04764472744005991,0.09875951588095538,-16.954283837099002,6.887107626745243,11.104958660000314
