,MAE,RMSE,NSE,alpha,beta,HFV,HFV10,LFV,FDC,r2,training_time_minutes
1,0.038543418078297045,0.10708511990263728,-0.0018826520247463563,0.27444907686175735,1.2579538820974074,-82.9288354246387,-56.503815650107214,-5.807488304183184,,0.012203005923754229,11.104958660000314
2,0.036744969047085206,0.10850648724654888,-0.028655636452356248,0.3198179906954719,0.9600968159478234,-78.2754505244989,-51.996059509822636,-7.801539976347595,,0.017069060916685697,11.104958660000314
