,MAE,RMSE,NSE,alpha,beta,HFV,HFV10,LFV,FDC,training_time_minutes
1,0.19866610212963645,0.26121633504815717,0.6752270679293746,1.005459641909331,0.7098687595951388,0.9940976919239676,0.9834923748106201,0.9281575783219406,0.36546544122417557,15.97655377999957
2,0.22093568690081752,0.27344036972103886,0.6441193069805045,1.2150370802984445,0.8085739288011452,1.1708835571607588,1.178858975616742,0.6603236679937,0.3688953481723916,15.97655377999957
