,MAE,RMSE,NSE,alpha,beta,HFV,HFV10,LFV,FDC,r2,training_time_minutes
1,0.2684152136014499,0.32621244640542385,0.9005487158571206,0.9987044778873753,0.9215240304378295,-2.7576516409423797,-10.171639598666635,-7.698743006007621,151.34287369738615,0.756574291073242,15.97655377999957
2,0.31537373488856735,0.3763996194439057,0.8675939919379795,1.0288287715185795,0.9326597345758693,-4.2449063163928535,-10.92418364600006,-6.468852299968507,188.19690846226135,0.7904098629312315,15.97655377999957
