,MAE,RMSE,NSE,alpha,beta,HFV,HFV10,LFV,FDC
1,0.24724616380052347,0.3684491362104816,-0.18036064645642913,1.2142845104193816,0.8904203782731848,1.0920149297360835,1.1799402322594448,0.14740646804836346,0.3354397496372313
2,0.27146936282444833,0.3687667610940997,-0.18239660460742346,0.7703610771655994,1.3333543654497308,0.8194084829661727,0.9532667278570565,3.8600815321793767,2.8769245457566637
