,MAE,RMSE,NSE,alpha,beta,HFV,HFV10,LFV,FDC,training_time_minutes
1,0.06927634653710894,0.07363462173437445,0.8678701394691914,0.9358902126778802,0.7940261449623344,0.863577999518346,0.8634854145465912,0.5844728352733513,0.7426202558033317,17.436687141666578
2,0.08103988620881368,0.09067330955257716,0.7996470268489009,0.8325783072331832,0.7568166208040104,0.7788836761496006,0.7849636408931339,0.5988813794283455,0.755362756769951,17.436687141666578
