,MAE,RMSE,NSE,alpha,beta,HFV,HFV10,LFV,FDC,training_time_minutes
1,,,,,,,,,,19.206317810000233
2,3.210166997296501,4.1373607217712465,-0.04786661670691528,0.5079914690274886,2.59049163356719,0.6000464987041054,0.9154787536118663,43.40023215137456,8.131514423062214,19.206317810000233
