,MAE,RMSE,NSE,alpha,beta,HFV,HFV10,LFV,FDC,r2,training_time_minutes
1,,,,,,,,,,0.2981671572507424,19.206317810000233
2,3.151601011918973,3.6852247863569043,-0.714006175010333,0.6932157852158982,3.112776210191684,-23.599992715698352,11.424926172281088,72.72828084217507,-90.45546883042962,0.43705793798285575,19.206317810000233
