,MAE,RMSE,NSE,alpha,beta,HFV,HFV10,LFV,FDC
1,0.10970811212132806,0.1267705436507856,0.5287543643549499,0.8128419018254623,0.4542966489433824,0.6952813467660307,0.7555923230961712,0.0005722783662655048,0.0788633294964218
2,0.10590145645670043,0.15980136132690867,0.2511900873535925,0.4236113719493816,0.4736859780155117,0.5276509212872076,0.46987676602367257,0.6640547308604191,0.63688571246574
