,MAE,RMSE,NSE,alpha,beta,HFV,HFV10,LFV,FDC,training_time_minutes
1,0.539347733738638,1.4582042179035313,0.00896927951710258,0.36710470423964,0.5073293355320219,0.38679781647158645,0.4739204643658342,0.38757757286779754,0.5249645374820062,22.15434784333338
2,0.5400402188815377,1.4470123860457222,0.024123378212258628,0.37889103705673555,0.5025811586158103,0.38476142030487476,0.4837890096681904,0.1574540151407542,0.5486573865335534,22.15434784333338
