,MAE,RMSE,NSE,alpha,beta,HFV,HFV10,LFV,FDC,r2,training_time_minutes
1,0.436757690092584,1.3800086003796268,-0.6485249483050151,1.200932941516139,1.0202856876711774,36.97028618736996,18.999753870741074,7.332489078133445,10.740659173960736,0.34448061387711704,22.15434784333338
2,0.4262721800331934,1.3413459958534362,-0.5574480609318928,1.1704496854988202,0.9633300393484723,29.9347859759496,14.63823107709297,4.940312070319397,26.5724309246516,0.3456681147247552,22.15434784333338
