,MAE,RMSE,NSE,alpha,beta,HFV,HFV10,LFV,FDC,training_time_minutes
1,9.342790197839632,21.280329013605428,-12.937123426844321,3.8488439011688813,1.1698550181229679,3.7561119769631093,2.4686546292502083,-1.0801212577162158,-0.10659040204059096,283.1090779199997
2,339.09474588533743,706.6978675605193,-15369.359709008519,109.24797640180083,-57.43770302234589,1.1447311429237208,1.455022160980204,-285.52702814865034,-81.37474438568384,283.1090779199997
