,MAE,RMSE,NSE,alpha,beta,HFV,HFV10,LFV,FDC,training_time_minutes
1,1.8524274598800912,3.6491840955439865,-0.028610992453805606,0.951246315978884,0.731455616148239,0.983175157503791,0.9633818528625664,0.3617451042669099,0.48729852436365095,21.836047373332743
2,1.9714427726499948,3.4955176087122175,0.056194284789192084,0.8871083154713849,1.410773840562695,0.913048866745695,1.0866677916287055,2.3566078175658918,1.6494760448154582,21.836047373332743
