,MAE,RMSE,NSE,alpha,beta,HFV,HFV10,LFV,FDC,r2,training_time_minutes
1,1.4481299589824603,3.8243819816579037,-0.008661827103650488,1.0649844684824856,0.842254360910288,19.677461974623505,6.293525018659834,-3.686413003675567,117.65373720042405,0.49095854383865,21.836047373332743
2,1.6648479024876879,3.5026908728516566,0.15389028841470398,0.910577638264525,1.5029081919809018,5.327523392901406,18.23060472813585,30.31737577490588,-105.45079837884938,0.730642805020606,21.836047373332743
