,MAE,RMSE,NSE,alpha,beta,HFV,HFV10,LFV,FDC,training_time_minutes
1,0.033864101060178724,0.043239020003414,0.926568665965899,0.8468509272001791,1.0045222843699755,0.8665817467754207,0.8605473662335792,1.4907116249377927,1.2090013418396564,97.36058861833298
2,,,,,,,,,,97.36058861833298
