,MAE,RMSE,NSE,alpha,beta,HFV,HFV10,LFV,FDC,training_time_minutes
1,0.8487849846071028,2.46899237303352,0.23546857078657757,0.5334433331778391,0.6878536164362267,0.5268715338692772,0.7074189866044508,-14.648949196459139,0.031246537918490438,31.37605759166666
2,0.8310091023898001,2.4438280700034984,0.2509735662948821,0.5381867037310366,0.6895352107669683,0.5298709991301124,0.7111542475445465,-20.017730096883476,0.2091343286663047,31.37605759166666
