,MAE,RMSE,NSE,alpha,beta,HFV,HFV10,LFV,FDC,r2,training_time_minutes
1,0.9244693262874847,2.3608533372032277,0.14902830577672843,0.7627036174896349,0.9355921901424078,-26.017567351207546,-1.0058029348511786,4.342634619735578,,0.3387716701079946,31.37605759166666
2,0.9163614886730705,2.3357847383808235,0.16700435516735013,0.751911372912627,0.9433217827445752,-27.151573851198613,-2.472160272064966,4.564094350979404,,0.3403397465103669,31.37605759166666
