,MAE,RMSE,NSE,alpha,beta,HFV,HFV10,LFV,FDC,training_time_minutes
1,0.028253373946472145,0.053633684087336035,0.9845267165696503,0.9499519629136001,0.9960720122773323,0.9188096243373507,0.939679704091369,1.5123448648087481e-05,0.1692173121455877,22.9530565283334
2,0.01986522677556929,0.03486609283246597,0.9934609631335809,0.9607348531120523,0.9525142309506425,0.9464002257150691,0.9568898840324278,7.61707436038648e-08,0.02805576398511415,22.9530565283334
