,MAE,RMSE,NSE,alpha,beta,HFV,HFV10,LFV,FDC,r2,training_time_minutes
1,0.047343499863717164,0.08117078283996573,0.9951660215526646,0.9724894542778262,0.9984833259985929,-0.7512494630508235,-2.429238436342818,-2.157018741258971,127.5240983332935,0.9529955792269073,22.9530565283334
2,0.04669401072700631,0.06991377342781958,0.9964138312125776,0.9957386406357486,1.0073399789530892,-1.0948375805116308,-0.6602384503020161,0.13619964645264623,205.79154310625398,0.966342184976621,22.9530565283334
