,MAE,RMSE,NSE,alpha,beta,HFV,HFV10,LFV,FDC
1,0.03666355897506869,0.08415871920559426,0.857436458849135,0.9916380592380531,0.9717542265215622,0.908815014918915,1.0041681370669795,-1.9362498171764635e-11,9.417800590663306e-07
2,0.0340042166320538,0.06343681533736113,0.91899851438327,1.0666237708582882,0.8776610283903564,1.1132671017343105,1.0628461128390745,-1.2076302234783067e-11,1.323803710141894e-10
