,MAE,RMSE,NSE,alpha,beta,HFV,HFV10,LFV,FDC,r2
1,0.08282915165583853,0.17889559146218514,0.9437820950139558,0.9886560321863509,0.999790845692068,1.0164059346294818,0.9359105731544918,-1.6270416766887577e-06,0.7055175095137521,0.6175060178256253
2,5.349505976984675,5.61898598498952,-54.461457471723214,1.842983733472058,16.04488688136404,1.506050537105103,3.066176805678174,5376.750230332389,100.15812563493378,0.7707705408534113
