,MAE,RMSE,NSE,alpha,beta,HFV,HFV10,LFV,FDC,training_time_minutes
1,0.30724937497017973,0.7559115755536362,0.2208309201321299,0.4514523021674271,1.043116787227927,0.44805786755194627,0.6062476881040686,25.857501381307568,10.930680666312165,17.493587484999928
2,0.3588090151152424,0.778238743352572,0.17412292039568011,0.40577654128698615,1.2504977660847925,0.3939988707619515,0.5866350569086863,109.18637128905608,18.05734547721301,17.493587484999928
