,MAE,RMSE,NSE,alpha,beta,HFV,HFV10,LFV,FDC,r2,training_time_minutes
1,0.1388625550485294,0.2621816007496824,0.0336211640623868,0.9269683311800555,1.5559036277768479,-18.39865420870742,3.752891998243371,40.22931600946439,17.05434195643593,0.23897174294709045,17.493587484999928
2,0.17396132599055308,0.27056844004294167,-0.02919404385355362,0.8072741474595276,1.8833959295861147,-33.67606495626181,-3.803038751501853,44.65452032341196,-21.185056051450854,0.2977960549050245,17.493587484999928
