,MAE,RMSE,NSE,alpha,beta,HFV,HFV10,LFV,FDC
1,3.471959226749178,5.057320643494448,-0.4446322259814133,0.44067979412063724,-0.5693600528577641,0.3083664630079397,0.25714227210207236,-7.921973251706156,-2.012849702821992
2,41.4461286030449,44.65697230218953,-111.64057777495361,3.8950820592050563,-18.09031275699937,0.027546794832764322,-0.48092449893511213,-175.0918787601371,-50.43213029783265
