,MAE,RMSE,NSE,alpha,beta,HFV,HFV10,LFV,FDC,training_time_minutes
1,0.05646829889325531,0.12696913815618066,0.8333541167018226,1.1196037226069975,0.9131446334451516,1.2509813239269034,1.1147281638673843,-6.269453943191816e-12,3.3880242669130072e-06,77.30486218166668
2,0.07058204550900705,0.13364626854919615,0.8153658967300592,0.7826347575118386,0.5659470328483778,0.9065143032602948,0.7585534203586825,-0.12300617514766614,0.00036320598027651053,77.30486218166668
