,MAE,RMSE,NSE,alpha,beta,HFV,HFV10,LFV,FDC,training_time_minutes
1,,,,,,,,,,44.14360901500001
2,2.39340802359398,4.638788475247059,-0.025219589806514175,0.8273587121786178,0.6605187435731488,0.6772588011695889,1.0386909749138125,-7.608397707310353,-0.11110690136445898,44.14360901500001
