,MAE,RMSE,NSE,alpha,beta,HFV,HFV10,LFV,FDC,r2,training_time_minutes
1,,,,,,,,,,0.3721432820730354,44.14360901500001
2,2.4521452547089906,5.536860527468412,-0.08210457981804353,0.8550885625221845,1.509300382833995,-9.409135549242801,48.42798180997542,96.99368663619603,,0.47613896037606085,44.14360901500001
