,MAE,RMSE,NSE,alpha,beta,HFV,HFV10,LFV,FDC,training_time_minutes
1,0.029098636915189637,0.05848739627406666,0.8188042145777988,0.7959481346791498,0.5661668136710434,0.913905793188023,0.7339428790325254,-9.796656778341656e-12,-1.890989323334686e-15,17.91265634166654
2,,,,,,,,,,17.91265634166654
