,MAE,RMSE,NSE,alpha,beta,HFV,HFV10,LFV,FDC,r2,training_time_minutes
1,0.060129144568900394,0.10810544930189755,0.9180867884159962,1.0235231048832891,0.7949413508440483,2.477470050245441,6.204232010412918,-14.3810988335993,,0.5101802533181834,17.91265634166654
2,,,,,,,,,,0.6274754382892715,17.91265634166654
