,MAE,RMSE,NSE,alpha,beta,HFV,HFV10,LFV,FDC,training_time_minutes
1,70.65426739094293,71.43397961632827,-347.45951451771606,2.6979355768668394,55.81737674464858,3.7004487388541003,8.865152534475019,5760.023328768609,441.3619107909713,26.351494991666794
2,,,,,,,,,,26.351494991666794
