,MAE,RMSE,NSE,alpha,beta,HFV,HFV10,LFV,FDC,r2,training_time_minutes
1,70.84436103824106,71.43001901709776,-218.58129700974203,1.8219217673512709,51.247055200398734,220.11557602575218,717.5835095791238,1783.3932045043314,-97.98107216879046,0.5002960635733253,26.351494991666794
2,,,,,,,,,,0.5228523834772669,26.351494991666794
